# Created by FreeCAD <https://www.freecad.org>
v 9.050606 -11.105103 106.299400
v 8.887831 -8.109522 106.299400
v 15.877520 -7.729713 106.299400
v 16.040295 -10.725293 106.299400
v 3.758134 -15.073589 106.299400
v 9.250031 -14.775168 106.299400
v -31.553123 -10.295710 106.299400
v -33.111057 18.375219 106.299400
v 7.329283 20.572687 106.299400
v -31.390347 -13.291290 106.299400
v -31.076366 -19.069540 106.299400
v 3.872077 -17.170494 106.299400
v -38.380035 -13.671100 106.299400
v -38.542812 -10.675518 106.299400
v -31.390347 -13.291290 126.299400
v -31.076366 -19.069540 126.299400
v -30.549973 -19.541674 106.799400
v 3.399942 -17.696888 106.799400
v -37.751904 -13.636968 109.230843
v -37.841160 -13.641818 109.317482
v -37.926003 -13.646428 109.408463
v -37.658451 -13.631889 109.148758
v -38.006214 -13.650786 109.503563
v -37.561035 -13.626596 109.071442
v -38.081596 -13.654882 109.602547
v -37.459896 -13.621100 108.999069
v -38.151970 -13.658707 109.705162
v -37.355282 -13.615416 108.931831
v -38.217155 -13.662249 109.811157
v -37.247459 -13.609557 108.869896
v -38.276993 -13.665500 109.920265
v -37.136692 -13.603538 108.813408
v -38.331329 -13.668452 110.032234
v -37.023254 -13.597374 108.762512
v -38.380035 -13.671100 110.146759
v -36.907425 -13.591080 108.717331
v -36.789494 -13.584672 108.677986
v -36.669750 -13.578165 108.644569
v -36.548500 -13.571576 108.617157
v -36.426037 -13.564922 108.595833
v -36.302662 -13.558218 108.580635
v -36.178688 -13.551481 108.571602
v -36.054417 -13.544729 108.568771
v -35.930164 -13.537977 108.572128
v -35.806225 -13.531242 108.581680
v -35.682919 -13.524542 108.597404
v -35.560543 -13.517893 108.619247
v -35.439407 -13.511310 108.647171
v -35.319813 -13.504811 108.681091
v -35.202045 -13.498412 108.720940
v -35.086411 -13.492128 108.766602
v -34.973186 -13.485976 108.817978
v -34.862656 -13.479970 108.874931
v -34.755096 -13.474126 108.937325
v -34.650768 -13.468456 109.005005
v -34.549934 -13.462977 109.077805
v -34.452843 -13.457702 109.155533
v -34.359737 -13.452642 109.238014
v -34.270847 -13.447812 109.325027
v -34.186390 -13.443223 109.416367
v -34.106583 -13.438887 109.511803
v -34.031612 -13.434813 109.611107
v -33.961674 -13.431012 109.714012
v -33.896935 -13.427494 109.820282
v -33.837563 -13.424268 109.929649
v -33.783695 -13.421341 110.041840
v -33.735470 -13.418720 110.156578
v -33.693016 -13.416413 110.273575
v -33.656422 -13.414425 110.392548
v -33.625790 -13.412761 110.513191
v -33.601192 -13.411425 110.635216
v -33.582691 -13.410419 110.758316
v -33.570332 -13.409747 110.882187
v -33.564144 -13.409411 111.006516
v -33.564144 -13.409411 111.131004
v -33.570332 -13.409747 111.255333
v -33.582691 -13.410419 111.379204
v -33.601192 -13.411425 111.502304
v -37.751904 -13.636968 112.906677
v -37.876858 -13.643757 119.910416
v -37.841160 -13.641818 112.820038
v -37.963478 -13.648464 120.000320
v -37.926003 -13.646428 112.729057
v -37.658451 -13.631889 112.988762
v -37.785854 -13.638812 119.824959
v -38.045509 -13.652922 120.094444
v -38.006214 -13.650786 112.633957
v -37.561035 -13.626596 113.066086
v -37.690701 -13.633642 119.744156
v -38.122749 -13.657119 120.192558
v -38.081596 -13.654882 112.534981
v -37.459896 -13.621100 113.138451
v -37.591637 -13.628259 119.668221
v -38.194992 -13.661044 120.294418
v -38.151970 -13.658707 112.432365
v -37.355282 -13.615416 113.205688
v -37.488911 -13.622677 119.597336
v -38.262062 -13.664689 120.399757
v -38.217155 -13.662249 112.326370
v -37.247459 -13.609557 113.267632
v -37.382774 -13.616910 119.531677
v -38.323795 -13.668043 120.508324
v -38.276993 -13.665500 112.217255
v -37.273495 -13.610971 119.471413
v -37.136692 -13.603538 113.324120
v -38.380035 -13.671100 120.619843
v -38.331329 -13.668452 112.105293
v -38.380035 -13.671100 111.990761
v -37.161346 -13.604877 119.416687
v -37.023254 -13.597374 113.375015
v -37.046608 -13.598642 119.367645
v -36.907425 -13.591080 113.420189
v -36.929565 -13.592283 119.324402
v -36.789494 -13.584672 113.459541
v -36.810513 -13.585814 119.287071
v -36.669750 -13.578165 113.492958
v -36.689747 -13.579251 119.255737
v -36.548500 -13.571576 113.520363
v -36.567570 -13.572613 119.230492
v -36.426037 -13.564922 113.541695
v -36.444286 -13.565913 119.211388
v -36.302662 -13.558218 113.556892
v -36.178688 -13.551481 113.565918
v -36.320202 -13.559171 119.198479
v -36.054417 -13.544729 113.568756
v -36.195625 -13.552402 119.191795
v -35.930164 -13.537977 113.565392
v -36.070873 -13.545623 119.191345
v -35.806225 -13.531242 113.555840
v -35.946255 -13.538852 119.197144
v -35.822083 -13.532104 119.209167
v -35.682919 -13.524542 113.540123
v -35.698666 -13.525397 119.227394
v -35.560543 -13.517893 113.518272
v -35.576309 -13.518749 119.251770
v -35.439407 -13.511310 113.490356
v -35.455322 -13.512175 119.282234
v -35.319813 -13.504811 113.456429
v -35.336006 -13.505692 119.318710
v -35.202045 -13.498412 113.416588
v -35.218662 -13.499315 119.361122
v -35.086411 -13.492128 113.370918
v -35.103577 -13.493061 119.409340
v -34.973186 -13.485976 113.319550
v -34.991043 -13.486946 119.463264
v -34.862656 -13.479970 113.262589
v -34.881336 -13.480986 119.522751
v -34.755096 -13.474126 113.200195
v -34.774734 -13.475193 119.587646
v -34.650768 -13.468456 113.132515
v -34.671505 -13.469584 119.657799
v -34.549934 -13.462977 113.059723
v -34.571907 -13.464171 119.733025
v -34.452843 -13.457702 112.981987
v -34.476181 -13.458970 119.813141
v -34.359737 -13.452642 112.899513
v -34.384571 -13.453992 119.897949
v -34.270847 -13.447812 112.812492
v -34.297310 -13.449250 119.987236
v -34.186390 -13.443223 112.721153
v -34.214611 -13.444757 120.080772
v -34.106583 -13.438887 112.625717
v -34.136681 -13.440522 120.178337
v -34.031612 -13.434813 112.526421
v -34.063713 -13.436557 120.279671
v -33.961674 -13.431012 112.423508
v -33.995895 -13.432872 120.384529
v -33.896935 -13.427494 112.317238
v -33.933392 -13.429476 120.492653
v -33.837563 -13.424268 112.207870
v -33.783695 -13.421341 112.095680
v -33.876358 -13.426376 120.603775
v -33.824940 -13.423582 120.717606
v -33.735470 -13.418720 111.980942
v -36.320202 -13.559171 124.183067
v -38.380035 -13.671100 126.299400
v -36.444286 -13.565913 124.170158
v -36.567570 -13.572613 124.151054
v -36.689747 -13.579251 124.125809
v -36.810513 -13.585814 124.094482
v -36.929565 -13.592283 124.057144
v -37.046608 -13.598642 124.013908
v -37.161346 -13.604877 123.964859
v -37.273495 -13.610971 123.910141
v -37.382774 -13.616910 123.849876
v -37.488911 -13.622677 123.784218
v -37.591637 -13.628259 123.713333
v -37.690701 -13.633642 123.637390
v -37.785854 -13.638812 123.556595
v -37.876858 -13.643757 123.471138
v -37.963478 -13.648464 123.381226
v -38.045509 -13.652922 123.287102
v -38.122749 -13.657119 123.188988
v -38.194992 -13.661044 123.087135
v -38.262062 -13.664689 122.981789
v -38.323795 -13.668043 122.873222
v -38.380035 -13.671100 122.761703
v -36.195625 -13.552402 124.189758
v -36.070873 -13.545623 124.190201
v -35.946255 -13.538852 124.184402
v -35.822083 -13.532104 124.172379
v -35.698666 -13.525397 124.154160
v -35.576309 -13.518749 124.129784
v -33.677761 -13.415585 121.194298
v -33.656048 -13.414405 121.317329
v -33.640499 -13.413560 121.441292
v -33.631157 -13.413053 121.565880
v -33.628040 -13.412883 121.690773
v -33.631157 -13.413053 121.815674
v -33.640499 -13.413560 121.940254
v -33.656048 -13.414405 122.064217
v -33.677761 -13.415585 122.187248
v -33.705582 -13.417096 122.309036
v -33.739445 -13.418937 122.429283
v -33.779263 -13.421101 122.547684
v -33.824940 -13.423582 122.663948
v -33.876358 -13.426376 122.777779
v -33.933392 -13.429476 122.888893
v -33.995895 -13.432872 122.997017
v -34.063713 -13.436557 123.101875
v -34.136681 -13.440522 123.203217
v -34.214611 -13.444757 123.300774
v -34.297310 -13.449250 123.394318
v -34.384571 -13.453992 123.483597
v -34.476181 -13.458970 123.568405
v -34.571907 -13.464171 123.648521
v -34.671505 -13.469584 123.723755
v -34.774734 -13.475193 123.793900
v -34.881336 -13.480986 123.858803
v -34.991043 -13.486946 123.918289
v -35.103577 -13.493061 123.972206
v -35.218662 -13.499315 124.020432
v -35.336006 -13.505692 124.062836
v -35.455322 -13.512175 124.099319
v -33.625790 -13.412761 111.624329
v -33.656422 -13.414425 111.744972
v -33.693016 -13.416413 111.863945
v -33.705582 -13.417096 121.072510
v -33.739445 -13.418937 120.952263
v -33.779263 -13.421101 120.833862
v 3.872077 -17.170494 126.299400
v 3.758134 -15.073589 126.299400
v -38.542812 -10.675518 110.146759
v 9.250031 -14.775168 126.299400
v -38.039631 -10.648176 123.471138
v -38.126255 -10.652884 123.381226
v -38.542812 -10.675518 126.299400
v -37.948627 -10.643231 123.556595
v -38.208286 -10.657341 123.287102
v -37.853474 -10.638061 123.637390
v -38.285522 -10.661538 123.188988
v -37.754414 -10.632678 123.713333
v -38.357765 -10.665463 123.087135
v -37.651684 -10.627096 123.784218
v -38.424835 -10.669108 122.981789
v -37.545547 -10.621328 123.849876
v -38.486568 -10.672462 122.873222
v -37.436272 -10.615391 123.910141
v -38.542812 -10.675518 122.761703
v -37.324123 -10.609297 123.964859
v -37.209381 -10.603062 124.013908
v -37.092342 -10.596703 124.057144
v -36.973289 -10.590233 124.094482
v -36.852520 -10.583671 124.125809
v -36.730347 -10.577032 124.151054
v -36.607059 -10.570333 124.170158
v -36.482975 -10.563590 124.183067
v -36.358398 -10.556821 124.189758
v -36.233650 -10.550042 124.190201
v -36.109032 -10.543271 124.184402
v -35.984859 -10.536523 124.172379
v -35.861443 -10.529817 124.154160
v -35.739086 -10.523169 124.129784
v -34.547348 -10.458411 123.483597
v -31.553123 -10.295710 126.299400
v -34.460087 -10.453670 123.394318
v -34.638954 -10.463389 123.568405
v -34.734680 -10.468591 123.648521
v -34.834282 -10.474003 123.723755
v -34.937511 -10.479612 123.793900
v -35.044113 -10.485405 123.858803
v -35.153816 -10.491365 123.918289
v -35.266354 -10.497480 123.972206
v -35.381435 -10.503735 124.020432
v -35.498783 -10.510111 124.062836
v -35.618099 -10.516594 124.099319
v -34.377388 -10.449176 123.300774
v -34.299458 -10.444942 123.203217
v -34.226490 -10.440976 123.101875
v -34.158669 -10.437291 122.997017
v -34.096165 -10.433894 122.888893
v -34.039131 -10.430796 122.777779
v -33.987713 -10.428001 122.663948
v -33.942039 -10.425520 122.547684
v -33.902218 -10.423356 122.429283
v -33.868355 -10.421515 122.309036
v -33.840534 -10.420004 122.187248
v -33.818825 -10.418824 122.064217
v -33.803276 -10.417979 121.940254
v -33.793930 -10.417472 121.815674
v -33.790813 -10.417302 121.690773
v -33.793930 -10.417472 121.565880
v -33.803276 -10.417979 121.441292
v -33.818825 -10.418824 121.317329
v -33.840534 -10.420004 121.194298
v -38.039631 -10.648176 119.910416
v -38.003937 -10.646236 112.820038
v -38.126255 -10.652884 120.000320
v -37.914680 -10.641387 112.906677
v -37.948627 -10.643231 119.824959
v -38.088776 -10.650846 112.729057
v -38.208286 -10.657341 120.094444
v -37.853474 -10.638061 119.744156
v -37.821228 -10.636309 112.988762
v -38.168987 -10.655206 112.633957
v -38.285522 -10.661538 120.192558
v -37.754414 -10.632678 119.668221
v -37.723808 -10.631015 113.066086
v -38.244373 -10.659302 112.534981
v -38.357765 -10.665463 120.294418
v -37.651684 -10.627096 119.597336
v -37.622669 -10.625520 113.138451
v -38.314747 -10.663126 112.432365
v -38.424835 -10.669108 120.399757
v -37.518059 -10.619835 113.205688
v -37.545547 -10.621328 119.531677
v -38.379932 -10.666668 112.326370
v -38.486568 -10.672462 120.508324
v -37.436272 -10.615391 119.471413
v -37.410236 -10.613976 113.267632
v -38.439766 -10.669919 112.217255
v -38.542812 -10.675518 120.619843
v -37.324123 -10.609297 119.416687
v -37.299465 -10.607957 113.324120
v -38.494102 -10.672872 112.105293
v -37.209381 -10.603062 119.367645
v -37.186028 -10.601793 113.375015
v -38.542812 -10.675518 111.990761
v -37.092342 -10.596703 119.324402
v -37.070198 -10.595499 113.420189
v -36.973289 -10.590233 119.287071
v -36.952271 -10.589091 113.459541
v -36.832527 -10.582584 113.492958
v -36.852520 -10.583671 119.255737
v -36.730347 -10.577032 119.230492
v -36.711277 -10.575995 113.520363
v -36.607059 -10.570333 119.211388
v -36.588810 -10.569341 113.541695
v -36.482975 -10.563590 119.198479
v -36.465439 -10.562637 113.556892
v -36.358398 -10.556821 119.191795
v -36.341465 -10.555901 113.565918
v -36.233650 -10.550042 119.191345
v -36.217194 -10.549148 113.568756
v -36.109032 -10.543271 119.197144
v -36.092937 -10.542397 113.565392
v -35.969002 -10.535662 113.555840
v -35.984859 -10.536523 119.209167
v -35.845695 -10.528961 113.540123
v -35.861443 -10.529817 119.227394
v -35.739086 -10.523169 119.251770
v -35.723320 -10.522311 113.518272
v -35.618099 -10.516594 119.282234
v -35.602184 -10.515729 113.490356
v -35.482586 -10.509231 113.456429
v -35.498783 -10.510111 119.318710
v -35.381435 -10.503735 119.361122
v -35.364822 -10.502831 113.416588
v -35.249184 -10.496548 113.370918
v -35.266354 -10.497480 119.409340
v -35.135960 -10.490396 113.319550
v -35.153816 -10.491365 119.463264
v -35.025433 -10.484389 113.262589
v -35.044113 -10.485405 119.522751
v -34.917873 -10.478545 113.200195
v -34.937511 -10.479612 119.587646
v -34.813545 -10.472876 113.132515
v -34.834282 -10.474003 119.657799
v -34.734680 -10.468591 119.733025
v -34.712711 -10.467397 113.059723
v -34.615616 -10.462121 112.981987
v -34.638954 -10.463389 119.813141
v -34.547348 -10.458411 119.897949
v -34.522511 -10.457062 112.899513
v -34.433624 -10.452231 112.812492
v -34.460087 -10.453670 119.987236
v -34.377388 -10.449176 120.080772
v -34.349163 -10.447642 112.721153
v -34.299458 -10.444942 120.178337
v -34.269356 -10.443306 112.625717
v -34.226490 -10.440976 120.279671
v -34.194386 -10.439232 112.526421
v -34.158669 -10.437291 120.384529
v -34.124447 -10.435431 112.423508
v -34.096165 -10.433894 120.492653
v -34.059708 -10.431913 112.317238
v -34.039131 -10.430796 120.603775
v -34.000336 -10.428687 112.207870
v -33.987713 -10.428001 120.717606
v -33.946468 -10.425760 112.095680
v -33.898247 -10.423140 111.980942
v -38.494102 -10.672872 110.032234
v -38.439766 -10.669919 109.920265
v -38.379932 -10.666668 109.811157
v -38.314747 -10.663126 109.705162
v -38.244373 -10.659302 109.602547
v -38.168987 -10.655206 109.503563
v -38.088776 -10.650846 109.408463
v -38.003937 -10.646236 109.317482
v -37.914680 -10.641387 109.230843
v -37.821228 -10.636309 109.148758
v -37.723808 -10.631015 109.071442
v -37.622669 -10.625520 108.999069
v -37.518059 -10.619835 108.931831
v -37.410236 -10.613976 108.869896
v -37.299465 -10.607957 108.813408
v -37.186028 -10.601793 108.762512
v -37.070198 -10.595499 108.717331
v -36.952271 -10.589091 108.677986
v -36.832527 -10.582584 108.644569
v -36.711277 -10.575995 108.617157
v -36.588810 -10.569341 108.595833
v -36.465439 -10.562637 108.580635
v -36.341465 -10.555901 108.571602
v -36.217194 -10.549148 108.568771
v -36.092937 -10.542397 108.572128
v -35.969002 -10.535662 108.581680
v -35.845695 -10.528961 108.597404
v -35.723320 -10.522311 108.619247
v -35.602184 -10.515729 108.647171
v -35.482586 -10.509231 108.681091
v -35.364822 -10.502831 108.720940
v -35.249184 -10.496548 108.766602
v -35.135960 -10.490396 108.817978
v -35.025433 -10.484389 108.874931
v -34.917873 -10.478545 108.937325
v -34.813545 -10.472876 109.005005
v -34.712711 -10.467397 109.077805
v -34.615616 -10.462121 109.155533
v -34.522511 -10.457062 109.238014
v -34.433624 -10.452231 109.325027
v -34.349163 -10.447642 109.416367
v -34.269356 -10.443306 109.511803
v -34.194386 -10.439232 109.611107
v -34.124447 -10.435431 109.714012
v -34.059708 -10.431913 109.820282
v -34.000336 -10.428687 109.929649
v -33.946468 -10.425760 110.041840
v -33.898247 -10.423140 110.156578
v -33.855789 -10.420833 110.273575
v -33.819195 -10.418844 110.392548
v -33.788563 -10.417180 110.513191
v -33.763969 -10.415843 110.635216
v -33.745468 -10.414838 110.758316
v -33.733109 -10.414166 110.882187
v -33.726917 -10.413830 111.006516
v -33.726917 -10.413830 111.131004
v -33.733109 -10.414166 111.255333
v -33.745468 -10.414838 111.379204
v -33.763969 -10.415843 111.502304
v -33.788563 -10.417180 111.624329
v -33.819195 -10.418844 111.744972
v -33.855789 -10.420833 111.863945
v -33.868355 -10.421515 121.072510
v -33.902218 -10.423356 120.952263
v -33.942039 -10.425520 120.833862
v 9.050606 -11.105103 126.299400
v -33.111057 18.375219 126.299400
v 15.593565 -10.749568 123.724106
v 15.680164 -10.744863 123.634140
v 16.040295 -10.725293 126.299400
v 15.502584 -10.754512 123.809624
v 15.762168 -10.740407 123.539955
v 15.407450 -10.759682 123.890488
v 15.839369 -10.736212 123.441788
v 15.308400 -10.765063 123.966484
v 15.911575 -10.732288 123.339874
v 15.205683 -10.770645 124.037430
v 15.978606 -10.728645 123.234474
v 15.099553 -10.776412 124.103142
v 16.040295 -10.725293 123.125854
v 14.990278 -10.782350 124.163467
v 14.878129 -10.788444 124.218246
v 14.763387 -10.794679 124.267342
v 14.646338 -10.801039 124.310638
v 14.527276 -10.807508 124.348022
v 14.406497 -10.814072 124.379402
v 14.284303 -10.820711 124.404701
v 14.160999 -10.827412 124.423851
v 14.036895 -10.834155 124.436806
v 13.912298 -10.840925 124.443535
v 13.787522 -10.847706 124.444016
v 13.662878 -10.854479 124.438255
v 13.538676 -10.861228 124.426270
v 13.415228 -10.867936 124.408073
v 13.292842 -10.874586 124.383728
v 13.171824 -10.881162 124.353294
v 13.052474 -10.887648 124.316833
v 12.935094 -10.894026 124.274452
v 12.819975 -10.900281 124.226242
v 12.707405 -10.906398 124.172333
v 12.597666 -10.912361 124.112862
v 12.491031 -10.918156 124.047974
v 12.387766 -10.923766 123.977829
v 12.288131 -10.929180 123.902603
v 12.192373 -10.934383 123.822487
v 12.100733 -10.939363 123.737679
v 12.013438 -10.944107 123.648392
v 11.930708 -10.948603 123.554840
v 11.852749 -10.952839 123.457275
v 11.779755 -10.956805 123.355927
v 11.711909 -10.960491 123.251053
v 11.649381 -10.963889 123.142914
v 11.592326 -10.966990 123.031776
v 11.540888 -10.969785 122.917931
v 11.495194 -10.972267 122.801651
v 11.455359 -10.974432 122.683228
v 11.421484 -10.976273 122.562958
v 11.393651 -10.977785 122.441147
v 11.371930 -10.978966 122.318092
v 11.356377 -10.979811 122.194107
v 11.347030 -10.980318 122.069496
v 11.343911 -10.980488 121.944572
v 11.347030 -10.980318 121.819649
v 11.356377 -10.979811 121.695045
v 11.371930 -10.978966 121.571053
v 11.393651 -10.977785 121.448006
v 15.593565 -10.749568 120.165039
v 15.722245 -10.742576 112.748337
v 15.680164 -10.744863 120.255005
v 15.808854 -10.737870 112.658394
v 15.762168 -10.740407 120.349190
v 15.502584 -10.754512 120.079521
v 15.631258 -10.747520 112.833839
v 15.890865 -10.733414 112.564224
v 15.839369 -10.736212 120.447365
v 15.536119 -10.752689 112.914680
v 15.407450 -10.759682 119.998665
v 15.968077 -10.729218 112.466072
v 15.911575 -10.732288 120.549278
v 15.308400 -10.765063 119.922668
v 15.437065 -10.758072 112.990654
v 16.040295 -10.725293 112.364174
v 15.978606 -10.728645 120.654678
v 16.040295 -10.725293 120.763298
v 15.334345 -10.763654 113.061584
v 15.205683 -10.770645 119.851723
v 15.228213 -10.769421 113.127281
v 15.099553 -10.776412 119.786003
v 15.118937 -10.775359 113.187584
v 14.990278 -10.782350 119.725685
v 15.006787 -10.781453 113.242348
v 14.878129 -10.788444 119.670906
v 14.892047 -10.787687 113.291428
v 14.763387 -10.794679 119.621803
v 14.775001 -10.794047 113.334709
v 14.646338 -10.801039 119.578506
v 14.655941 -10.800517 113.372078
v 14.527276 -10.807508 119.541122
v 14.535166 -10.807080 113.403442
v 14.406497 -10.814072 119.509743
v 14.412976 -10.813720 113.428719
v 14.284303 -10.820711 119.484451
v 14.289679 -10.820419 113.447861
v 14.160999 -10.827412 119.465302
v 14.165580 -10.827163 113.460800
v 14.036895 -10.834155 119.452347
v 14.040991 -10.833933 113.467514
v 13.912298 -10.840925 119.445618
v 13.916223 -10.840713 113.467987
v 13.787522 -10.847706 119.445129
v 13.791586 -10.847485 113.462212
v 13.662878 -10.854479 119.450890
v 13.667394 -10.854234 113.450211
v 13.538676 -10.861228 119.462883
v 13.543955 -10.860941 113.432014
v 13.415228 -10.867936 119.481071
v 13.421577 -10.867591 113.407661
v 13.292842 -10.874586 119.505417
v 13.300570 -10.874166 113.377213
v 13.171824 -10.881162 119.535858
v 13.052474 -10.887648 119.572319
v 13.181231 -10.880651 113.340744
v 12.935094 -10.894026 119.614700
v 13.063861 -10.887029 113.298355
v 12.819975 -10.900281 119.662903
v 12.948752 -10.893283 113.250145
v 12.707405 -10.906398 119.716812
v 12.836193 -10.899400 113.196236
v 12.597666 -10.912361 119.776283
v 12.726464 -10.905362 113.136757
v 12.491031 -10.918156 119.841171
v 12.619840 -10.911156 113.071861
v 12.387766 -10.923766 119.911324
v 12.516586 -10.916766 113.001717
v 12.416962 -10.922180 112.926491
v 12.288131 -10.929180 119.986542
v 12.321215 -10.927382 112.846375
v 12.192373 -10.934383 120.066666
v 12.229584 -10.932362 112.761566
v 12.100733 -10.939363 120.151474
v 12.142299 -10.937105 112.672279
v 12.013438 -10.944107 120.240761
v 12.059578 -10.941600 112.578735
v 11.930708 -10.948603 120.334305
v 11.981627 -10.945835 112.481171
v 11.852749 -10.952839 120.431877
v 11.908642 -10.949801 112.379822
v 11.779755 -10.956805 120.533226
v 11.840804 -10.953487 112.274956
v 11.711909 -10.960491 120.638100
v 11.778283 -10.956884 112.166817
v 11.649381 -10.963889 120.746239
v 11.721235 -10.959985 112.055695
v 11.592326 -10.966990 120.857368
v 11.669804 -10.962779 111.941849
v 11.540888 -10.969785 120.971214
v 15.006787 -10.781453 108.694748
v 15.118937 -10.775359 108.749512
v 15.228213 -10.769421 108.809814
v 15.334345 -10.763654 108.875519
v 15.437065 -10.758072 108.946442
v 15.536119 -10.752689 109.022423
v 15.631258 -10.747520 109.103264
v 15.722245 -10.742576 109.188759
v 15.808854 -10.737870 109.278709
v 15.890865 -10.733414 109.372879
v 15.968077 -10.729218 109.471031
v 16.040295 -10.725293 109.572922
v 13.916223 -10.840713 108.469109
v 14.040991 -10.833933 108.469582
v 14.165580 -10.827163 108.476303
v 14.289679 -10.820419 108.489243
v 14.412976 -10.813720 108.508377
v 14.535166 -10.807080 108.533653
v 14.655941 -10.800517 108.565018
v 14.775001 -10.794047 108.602386
v 14.892047 -10.787687 108.645668
v 13.791586 -10.847485 108.474884
v 13.667394 -10.854234 108.486885
v 13.543955 -10.860941 108.505081
v 13.421577 -10.867591 108.529442
v 11.522584 -10.970779 111.465088
v 11.500867 -10.971959 111.342041
v 11.485315 -10.972804 111.218063
v 11.475969 -10.973312 111.093460
v 11.472851 -10.973481 110.968552
v 11.475969 -10.973312 110.843636
v 11.485315 -10.972804 110.719032
v 11.500867 -10.971959 110.595055
v 11.522584 -10.970779 110.472008
v 11.550414 -10.969267 110.350204
v 11.584286 -10.967426 110.229942
v 11.624116 -10.965262 110.111526
v 11.669804 -10.962779 109.995247
v 11.721235 -10.959985 109.881409
v 11.778283 -10.956884 109.770279
v 11.840804 -10.953487 109.662148
v 11.908642 -10.949801 109.557274
v 11.981627 -10.945835 109.455933
v 12.059578 -10.941600 109.358360
v 12.142299 -10.937105 109.264816
v 12.229584 -10.932362 109.175529
v 12.321215 -10.927382 109.090721
v 12.416962 -10.922180 109.010605
v 12.516586 -10.916766 108.935379
v 12.619840 -10.911156 108.865234
v 12.726464 -10.905362 108.800339
v 12.836193 -10.899400 108.740868
v 12.948752 -10.893283 108.686951
v 13.063861 -10.887029 108.638741
v 13.181231 -10.880651 108.596352
v 13.300570 -10.874166 108.559883
v 11.421484 -10.976273 121.326187
v 11.455359 -10.974432 121.205925
v 11.495194 -10.972267 121.087502
v 11.550414 -10.969267 111.586899
v 11.584286 -10.967426 111.707161
v 11.624116 -10.965262 111.825577
v 6.276498 21.516954 107.299400
v -32.166790 19.428005 107.299400
v 15.877520 -7.729713 109.572922
v 7.329283 20.572687 126.299400
v 8.887831 -8.109522 126.299400
v 15.559470 -7.746995 109.188759
v 15.646078 -7.742289 109.278709
v 15.468483 -7.751939 109.103264
v 15.728090 -7.737833 109.372879
v 15.373343 -7.757109 109.022423
v 15.805302 -7.733637 109.471031
v 15.274290 -7.762491 108.946442
v 15.171569 -7.768073 108.875519
v 15.065437 -7.773840 108.809814
v 14.956161 -7.779778 108.749512
v 14.844012 -7.785872 108.694748
v 14.729271 -7.792107 108.645668
v 14.612226 -7.798467 108.602386
v 14.493166 -7.804936 108.565018
v 14.372391 -7.811499 108.533653
v 14.250201 -7.818139 108.508377
v 14.126904 -7.824839 108.489243
v 14.002805 -7.831582 108.476303
v 13.878216 -7.838352 108.469582
v 13.753447 -7.845132 108.469109
v 13.628811 -7.851904 108.474884
v 13.504618 -7.858653 108.486885
v 13.381179 -7.865360 108.505081
v 13.258802 -7.872010 108.529442
v 12.066809 -7.936781 109.175529
v 11.979524 -7.941524 109.264816
v 12.158439 -7.931802 109.090721
v 12.254186 -7.926599 109.010605
v 12.353811 -7.921186 108.935379
v 12.457065 -7.915575 108.865234
v 12.563689 -7.909781 108.800339
v 12.673418 -7.903819 108.740868
v 12.785977 -7.897703 108.686951
v 12.901086 -7.891448 108.638741
v 13.018456 -7.885070 108.596352
v 13.137794 -7.878585 108.559883
v 11.896803 -7.946019 109.358360
v 11.818852 -7.950254 109.455933
v 11.745867 -7.954220 109.557274
v 11.678029 -7.957907 109.662148
v 11.615508 -7.961304 109.770279
v 11.558460 -7.964404 109.881409
v 11.507029 -7.967199 109.995247
v 11.461340 -7.969681 110.111526
v 11.421511 -7.971846 110.229942
v 11.387638 -7.973686 110.350204
v 11.359809 -7.975198 110.472008
v 11.338092 -7.976378 110.595055
v 11.322540 -7.977223 110.719032
v 11.313193 -7.977731 110.843636
v 11.310076 -7.977901 110.968552
v 11.313193 -7.977731 111.093460
v 11.322540 -7.977223 111.218063
v 11.338092 -7.976378 111.342041
v 11.359809 -7.975198 111.465088
v 15.468483 -7.751939 112.833839
v 15.430789 -7.753987 120.165039
v 15.559470 -7.746995 112.748337
v 15.517389 -7.749282 120.255005
v 15.646078 -7.742289 112.658394
v 15.373343 -7.757109 112.914680
v 15.339808 -7.758931 120.079521
v 15.599392 -7.744826 120.349190
v 15.728090 -7.737833 112.564224
v 15.244675 -7.764101 119.998665
v 15.274290 -7.762491 112.990654
v 15.676594 -7.740631 120.447365
v 15.805302 -7.733637 112.466072
v 15.171569 -7.768073 113.061584
v 15.145625 -7.769483 119.922668
v 15.748799 -7.736707 120.549278
v 15.877520 -7.729713 112.364174
v 15.042908 -7.775064 119.851723
v 15.065437 -7.773840 113.127281
v 15.815831 -7.733065 120.654678
v 14.956161 -7.779778 113.187584
v 14.936778 -7.780831 119.786003
v 15.877520 -7.729713 120.763298
v 14.827503 -7.786769 119.725685
v 14.844012 -7.785872 113.242348
v 14.715354 -7.792863 119.670906
v 14.729271 -7.792107 113.291428
v 14.600612 -7.799098 119.621803
v 14.612226 -7.798467 113.334709
v 14.483563 -7.805458 119.578506
v 14.493166 -7.804936 113.372078
v 14.364501 -7.811928 119.541122
v 14.372391 -7.811499 113.403442
v 14.243722 -7.818491 119.509743
v 14.250201 -7.818139 113.428719
v 14.121528 -7.825131 119.484451
v 14.126904 -7.824839 113.447861
v 13.998224 -7.831831 119.465302
v 14.002805 -7.831582 113.460800
v 13.874120 -7.838574 119.452347
v 13.878216 -7.838352 113.467514
v 13.749523 -7.845345 119.445618
v 13.753447 -7.845132 113.467987
v 13.624747 -7.852125 119.445129
v 13.628811 -7.851904 113.462212
v 13.500102 -7.858898 119.450890
v 13.504618 -7.858653 113.450211
v 13.381179 -7.865360 113.432014
v 13.375901 -7.865647 119.462883
v 13.252453 -7.872355 119.481071
v 13.258802 -7.872010 113.407661
v 13.130067 -7.879005 119.505417
v 13.137794 -7.878585 113.377213
v 13.009048 -7.885581 119.535858
v 13.018456 -7.885070 113.340744
v 12.889699 -7.892066 119.572319
v 12.901086 -7.891448 113.298355
v 12.772319 -7.898445 119.614700
v 12.785977 -7.897703 113.250145
v 12.657200 -7.904700 119.662903
v 12.673418 -7.903819 113.196236
v 12.544630 -7.910817 119.716812
v 12.563689 -7.909781 113.136757
v 12.434890 -7.916780 119.776283
v 12.457065 -7.915575 113.071861
v 12.328255 -7.922575 119.841171
v 12.353811 -7.921186 113.001717
v 12.224991 -7.928185 119.911324
v 12.254186 -7.926599 112.926491
v 12.125355 -7.933599 119.986542
v 12.158439 -7.931802 112.846375
v 12.029598 -7.938803 120.066666
v 12.066809 -7.936781 112.761566
v 11.937958 -7.943783 120.151474
v 11.979524 -7.941524 112.672279
v 11.896803 -7.946019 112.578735
v 11.850663 -7.948526 120.240761
v 11.818852 -7.950254 112.481171
v 11.767933 -7.953022 120.334305
v 11.689973 -7.957258 120.431877
v 11.745867 -7.954220 112.379822
v 11.616980 -7.961224 120.533226
v 11.678029 -7.957907 112.274956
v 11.549133 -7.964911 120.638100
v 11.615508 -7.961304 112.166817
v 11.486606 -7.968308 120.746239
v 11.558460 -7.964404 112.055695
v 11.429551 -7.971409 120.857368
v 11.507029 -7.967199 111.941849
v 11.378113 -7.974204 120.971214
v 15.815831 -7.733065 123.234474
v 15.877520 -7.729713 126.299400
v 15.877520 -7.729713 123.125854
v 15.748799 -7.736707 123.339874
v 15.676594 -7.740631 123.441788
v 15.599392 -7.744826 123.539955
v 15.517389 -7.749282 123.634140
v 15.430789 -7.753987 123.724106
v 15.339808 -7.758931 123.809624
v 15.244675 -7.764101 123.890488
v 15.145625 -7.769483 123.966484
v 15.042908 -7.775064 124.037430
v 14.936778 -7.780831 124.103142
v 14.827503 -7.786769 124.163467
v 14.715354 -7.792863 124.218246
v 14.600612 -7.799098 124.267342
v 14.483563 -7.805458 124.310638
v 14.364501 -7.811928 124.348022
v 14.243722 -7.818491 124.379402
v 14.121528 -7.825131 124.404701
v 13.998224 -7.831831 124.423851
v 13.874120 -7.838574 124.436806
v 13.749523 -7.845345 124.443535
v 13.624747 -7.852125 124.444016
v 13.500102 -7.858898 124.438255
v 13.375901 -7.865647 124.426270
v 13.252453 -7.872355 124.408073
v 13.130067 -7.879005 124.383728
v 11.486606 -7.968308 123.142914
v 11.549133 -7.964911 123.251053
v 11.429551 -7.971409 123.031776
v 11.378113 -7.974204 122.917931
v 11.332419 -7.976686 122.801651
v 11.292584 -7.978851 122.683228
v 11.258708 -7.980692 122.562958
v 11.184255 -7.984738 121.819649
v 11.181136 -7.984907 121.944572
v 11.230875 -7.982204 122.441147
v 11.193602 -7.984230 121.695045
v 11.209155 -7.983385 122.318092
v 11.209155 -7.983385 121.571053
v 11.193602 -7.984230 122.194107
v 11.230875 -7.982204 121.448006
v 11.184255 -7.984738 122.069496
v 13.009048 -7.885581 124.353294
v 12.889699 -7.892066 124.316833
v 12.772319 -7.898445 124.274452
v 12.657200 -7.904700 124.226242
v 12.544630 -7.910817 124.172333
v 12.434890 -7.916780 124.112862
v 12.328255 -7.922575 124.047974
v 12.224991 -7.928185 123.977829
v 12.125355 -7.933599 123.902603
v 12.029598 -7.938803 123.822487
v 11.937958 -7.943783 123.737679
v 11.850663 -7.948526 123.648392
v 11.767933 -7.953022 123.554840
v 11.689973 -7.957258 123.457275
v 11.616980 -7.961224 123.355927
v 11.258708 -7.980692 121.326187
v 11.292584 -7.978851 121.205925
v 11.332419 -7.976686 121.087502
v 11.387638 -7.973686 111.586899
v 11.421511 -7.971846 111.707161
v 11.461340 -7.969681 111.825577
v -30.549973 -19.541674 125.799400
v -18.204584 -18.870844 120.233101
v 3.399942 -17.696888 125.799400
v -18.413168 -18.882179 120.447266
v -18.632149 -18.894077 120.650749
v -18.006922 -18.860104 120.008789
v -18.860989 -18.906513 120.843056
v -17.820667 -18.849983 119.774887
v -19.099113 -18.919451 121.023689
v -17.646288 -18.840508 119.531982
v -19.345934 -18.932863 121.192223
v -17.484213 -18.831701 119.280678
v -19.600836 -18.946714 121.348213
v -17.334850 -18.823584 119.021584
v -19.863184 -18.960970 121.491295
v -17.198566 -18.816179 118.755363
v -20.132330 -18.975595 121.621101
v -17.075705 -18.809504 118.482674
v -20.407600 -18.990553 121.737305
v -16.966568 -18.803572 118.204185
v -20.688313 -19.005806 121.839630
v -16.871426 -18.798403 117.920593
v -20.973768 -19.021318 121.927811
v -16.790518 -18.794006 117.632607
v -21.263258 -19.037048 122.001633
v -16.724045 -18.790394 117.340942
v -16.672171 -18.787575 117.046318
v -16.635027 -18.785557 116.749474
v -16.612701 -18.784344 116.451141
v -16.605255 -18.783939 116.152061
v -16.612701 -18.784344 115.852989
v -16.635027 -18.785557 115.554657
v -16.672171 -18.787575 115.257812
v -16.724045 -18.790394 114.963188
v -16.790518 -18.794006 114.671516
v -16.871426 -18.798403 114.383530
v -16.966568 -18.803572 114.099945
v -17.075705 -18.809504 113.821457
v -17.198566 -18.816179 113.548759
v -17.334850 -18.823584 113.282539
v -17.484213 -18.831701 113.023453
v -23.341381 -19.149969 122.105499
v -23.044136 -19.133818 122.135284
v -23.636770 -19.166021 122.060913
v -23.929575 -19.181932 122.001633
v -24.219065 -19.197662 121.927811
v -24.504520 -19.213173 121.839630
v -24.785234 -19.228426 121.737305
v -25.060505 -19.243385 121.621101
v -25.329647 -19.258009 121.491295
v -25.591997 -19.272264 121.348213
v -25.846901 -19.286116 121.192223
v -21.556063 -19.052958 122.060913
v -21.851454 -19.069010 122.105499
v -22.148695 -19.085161 122.135284
v -22.447054 -19.101374 122.150200
v -22.745783 -19.117605 122.150200
v -17.646288 -18.840508 112.772141
v -26.093718 -19.299528 121.023689
v -17.820667 -18.849983 112.529236
v -26.331846 -19.312468 120.843056
v -18.006922 -18.860104 112.295341
v -26.560684 -19.324902 120.650749
v -18.204584 -18.870844 112.071030
v -26.779669 -19.336802 120.447266
v -18.413168 -18.882179 111.856865
v -26.988249 -19.348135 120.233101
v -18.632149 -18.894077 111.653374
v -27.185913 -19.358875 120.008789
v -18.860989 -18.906513 111.461075
v -27.372166 -19.368998 119.774887
v -19.099113 -18.919451 111.280434
v -27.546545 -19.378471 119.531982
v -19.345934 -18.932863 111.111908
v -27.708622 -19.387280 119.280678
v -19.600836 -18.946714 110.955910
v -27.857985 -19.395395 119.021584
v -19.863184 -18.960970 110.812836
v -27.994268 -19.402802 118.755363
v -28.117130 -19.409477 118.482674
v -28.226269 -19.415407 118.204185
v -28.321407 -19.420576 117.920593
v -28.402317 -19.424973 117.632607
v -28.468788 -19.428585 117.340942
v -28.520660 -19.431404 117.046318
v -28.557806 -19.433422 116.749474
v -28.580132 -19.434635 116.451141
v -28.587578 -19.435040 116.152061
v -28.580132 -19.434635 115.852989
v -28.557806 -19.433422 115.554657
v -28.520660 -19.431404 115.257812
v -28.468788 -19.428585 114.963188
v -28.402317 -19.424973 114.671516
v -28.321407 -19.420576 114.383530
v -28.226269 -19.415407 114.099945
v -28.117130 -19.409477 113.821457
v -27.994268 -19.402802 113.548759
v -27.857985 -19.395395 113.282539
v -27.708622 -19.387280 113.023453
v -27.546545 -19.378471 112.772141
v -27.372166 -19.368998 112.529236
v -27.185913 -19.358875 112.295341
v -26.988249 -19.348135 112.071030
v -26.779669 -19.336802 111.856865
v -26.560684 -19.324902 111.653374
v -26.331846 -19.312468 111.461075
v -26.093718 -19.299528 111.280434
v -25.846901 -19.286116 111.111908
v -25.591997 -19.272264 110.955910
v -25.329647 -19.258009 110.812836
v -25.060505 -19.243385 110.683029
v -24.785234 -19.228426 110.566818
v -24.504520 -19.213173 110.464500
v -24.219065 -19.197662 110.376320
v -23.929575 -19.181932 110.302498
v -23.636770 -19.166021 110.243217
v -23.341381 -19.149969 110.198631
v -23.044136 -19.133818 110.168839
v -22.745783 -19.117605 110.153931
v -22.447054 -19.101374 110.153931
v -22.148695 -19.085161 110.168839
v -21.851454 -19.069010 110.198631
v -21.556063 -19.052958 110.243217
v -21.263258 -19.037048 110.302498
v -20.973768 -19.021318 110.376320
v -20.688313 -19.005806 110.464500
v -20.407600 -18.990553 110.566818
v -20.132330 -18.975595 110.683029
v -32.166790 19.428005 125.299400
v 6.276498 21.516954 125.299400
v -28.533319 -20.433567 116.152061
v -28.525873 -20.433163 115.852989
v -28.503548 -20.431950 115.554657
v -28.466402 -20.429932 115.257812
v -28.414530 -20.427113 114.963188
v -28.348057 -20.423500 114.671516
v -28.267149 -20.419104 114.383530
v -28.172010 -20.413935 114.099945
v -28.062872 -20.408005 113.821457
v -27.940010 -20.401327 113.548759
v -27.803726 -20.393923 113.282539
v -27.654364 -20.385807 113.023453
v -27.492287 -20.376999 112.772141
v -27.317907 -20.367523 112.529236
v -27.131655 -20.357403 112.295341
v -26.933990 -20.346663 112.071030
v -26.725410 -20.335329 111.856865
v -26.506426 -20.323429 111.653374
v -26.277588 -20.310995 111.461075
v -26.039459 -20.298054 111.280434
v -25.792643 -20.284643 111.111908
v -25.537739 -20.270792 110.955910
v -25.275389 -20.256536 110.812836
v -25.006247 -20.241911 110.683029
v -24.730976 -20.226954 110.566818
v -24.450262 -20.211700 110.464500
v -24.164806 -20.196188 110.376320
v -23.875317 -20.180458 110.302498
v -23.582512 -20.164549 110.243217
v -23.287123 -20.148497 110.198631
v -22.989878 -20.132345 110.168839
v -22.691525 -20.116133 110.153931
v -22.392796 -20.099901 110.153931
v -22.094437 -20.083689 110.168839
v -21.797195 -20.067537 110.198631
v -21.501804 -20.051485 110.243217
v -21.209000 -20.035574 110.302498
v -20.919510 -20.019844 110.376320
v -20.634054 -20.004333 110.464500
v -20.353342 -19.989080 110.566818
v -20.078072 -19.974121 110.683029
v -19.808926 -19.959497 110.812836
v -19.546577 -19.945242 110.955910
v -19.291676 -19.931391 111.111908
v -19.044855 -19.917978 111.280434
v -18.806730 -19.905039 111.461075
v -18.577890 -19.892605 111.653374
v -18.358910 -19.880705 111.856865
v -18.150326 -19.869371 112.071030
v -17.952663 -19.858631 112.295341
v -17.766409 -19.848509 112.529236
v -17.592030 -19.839035 112.772141
v -17.429955 -19.830227 113.023453
v -17.280592 -19.822111 113.282539
v -17.144308 -19.814705 113.548759
v -17.021446 -19.808029 113.821457
v -16.912310 -19.802099 114.099945
v -16.817167 -19.796930 114.383530
v -16.736259 -19.792534 114.671516
v -16.669786 -19.788921 114.963188
v -16.617912 -19.786102 115.257812
v -16.580769 -19.784084 115.554657
v -16.558443 -19.782871 115.852989
v -16.550997 -19.782467 116.152061
v -16.558443 -19.782871 116.451141
v -16.580769 -19.784084 116.749474
v -16.617912 -19.786102 117.046318
v -16.669786 -19.788921 117.340942
v -16.736259 -19.792534 117.632607
v -16.817167 -19.796930 117.920593
v -16.912310 -19.802099 118.204185
v -17.021446 -19.808029 118.482674
v -17.144308 -19.814705 118.755363
v -17.280592 -19.822111 119.021584
v -17.429955 -19.830227 119.280678
v -17.592030 -19.839035 119.531982
v -17.766409 -19.848509 119.774887
v -17.952663 -19.858631 120.008789
v -18.150326 -19.869371 120.233101
v -18.358910 -19.880705 120.447266
v -18.577890 -19.892605 120.650749
v -18.806730 -19.905039 120.843056
v -19.044855 -19.917978 121.023689
v -19.291676 -19.931391 121.192223
v -19.546577 -19.945242 121.348213
v -19.808926 -19.959497 121.491295
v -20.078072 -19.974121 121.621101
v -20.353342 -19.989080 121.737305
v -20.634054 -20.004333 121.839630
v -20.919510 -20.019844 121.927811
v -21.209000 -20.035574 122.001633
v -21.501804 -20.051485 122.060913
v -21.797195 -20.067537 122.105499
v -22.094437 -20.083689 122.135284
v -22.392796 -20.099901 122.150200
v -22.691525 -20.116133 122.150200
v -22.989878 -20.132345 122.135284
v -23.287123 -20.148497 122.105499
v -23.582512 -20.164549 122.060913
v -23.875317 -20.180458 122.001633
v -24.164806 -20.196188 121.927811
v -24.450262 -20.211700 121.839630
v -24.730976 -20.226954 121.737305
v -25.006247 -20.241911 121.621101
v -25.275389 -20.256536 121.491295
v -25.537739 -20.270792 121.348213
v -25.792643 -20.284643 121.192223
v -26.039459 -20.298054 121.023689
v -26.277588 -20.310995 120.843056
v -26.506426 -20.323429 120.650749
v -26.725410 -20.335329 120.447266
v -26.933990 -20.346663 120.233101
v -27.131655 -20.357403 120.008789
v -27.317907 -20.367523 119.774887
v -27.492287 -20.376999 119.531982
v -27.654364 -20.385807 119.280678
v -27.803726 -20.393923 119.021584
v -27.940010 -20.401327 118.755363
v -28.062872 -20.408005 118.482674
v -28.172010 -20.413935 118.204185
v -28.267149 -20.419104 117.920593
v -28.348057 -20.423500 117.632607
v -28.414530 -20.427113 117.340942
v -28.466402 -20.429932 117.046318
v -28.503548 -20.431950 116.749474
v -28.525873 -20.433163 116.451141
v -21.246206 -20.037596 117.391739
v -21.176678 -20.033819 117.320351
v -21.319201 -20.041563 117.459564
v -21.110790 -20.030239 117.245575
v -21.395481 -20.045708 117.523666
v -21.048706 -20.026865 117.167610
v -21.474855 -20.050020 117.583878
v -20.990580 -20.023706 117.086639
v -21.557129 -20.054491 117.640053
v -20.936556 -20.020771 117.002869
v -21.642096 -20.059109 117.692055
v -20.886766 -20.018064 116.916512
v -21.729548 -20.063860 117.739746
v -20.841341 -20.015596 116.827766
v -21.819260 -20.068735 117.783012
v -20.800385 -20.013371 116.736870
v -21.911016 -20.073721 117.821747
v -20.764006 -20.011395 116.644043
v -22.004589 -20.078806 117.855858
v -20.732292 -20.009672 116.549515
v -22.099739 -20.083977 117.885254
v -20.705324 -20.008205 116.453514
v -22.196238 -20.089220 117.909859
v -20.683167 -20.007002 116.356293
v -22.293839 -20.094522 117.929619
v -20.665874 -20.006062 116.258087
v -22.392302 -20.099874 117.944481
v -20.653494 -20.005390 116.159134
v -22.491383 -20.105257 117.954407
v -20.646053 -20.004986 116.059692
v -22.590834 -20.110662 117.959381
v -20.643570 -20.004850 115.959999
v -22.690411 -20.116072 117.959381
v -20.646053 -20.004986 115.860313
v -22.789862 -20.121477 117.954407
v -20.653494 -20.005390 115.760864
v -22.888945 -20.126860 117.944481
v -20.665874 -20.006062 115.661919
v -22.987410 -20.132212 117.929619
v -20.683167 -20.007002 115.563713
v -23.085009 -20.137514 117.909859
v -20.705324 -20.008205 115.466484
v -23.181505 -20.142757 117.885254
v -20.732292 -20.009672 115.370491
v -23.276659 -20.147928 117.855858
v -20.764006 -20.011395 115.275963
v -23.370230 -20.153013 117.821747
v -20.800385 -20.013371 115.183128
v -23.461987 -20.157999 117.783012
v -20.841341 -20.015596 115.092232
v -23.551701 -20.162874 117.739746
v -20.886766 -20.018064 115.003494
v -23.639151 -20.167625 117.692055
v -20.936556 -20.020771 114.917130
v -23.724119 -20.172243 117.640053
v -20.990580 -20.023706 114.833359
v -23.806391 -20.176714 117.583878
v -21.048706 -20.026865 114.752396
v -23.885765 -20.181026 117.523666
v -21.110790 -20.030239 114.674423
v -23.962046 -20.185171 117.459564
v -21.176678 -20.033819 114.599655
v -24.035038 -20.189138 117.391739
v -21.246206 -20.037596 114.528267
v -24.104567 -20.192915 117.320351
v -21.319201 -20.041563 114.460442
v -21.395481 -20.045708 114.396339
v -24.170456 -20.196495 117.245575
v -21.474855 -20.050020 114.336128
v -24.232540 -20.199869 117.167610
v -21.557129 -20.054491 114.279953
v -24.290667 -20.203028 117.086639
v -21.642096 -20.059109 114.227951
v -24.344690 -20.205963 117.002869
v -21.729548 -20.063860 114.180260
v -24.394478 -20.208670 116.916512
v -21.819260 -20.068735 114.136993
v -24.439905 -20.211138 116.827766
v -21.911016 -20.073721 114.098251
v -24.480862 -20.213364 116.736870
v -22.004589 -20.078806 114.064148
v -24.517241 -20.215340 116.644043
v -22.099739 -20.083977 114.034752
v -24.548952 -20.217062 116.549515
v -22.196238 -20.089220 114.010147
v -24.575924 -20.218529 116.453514
v -22.293839 -20.094522 113.990387
v -24.598082 -20.219732 116.356293
v -22.392302 -20.099874 113.975525
v -24.615372 -20.220673 116.258087
v -22.491383 -20.105257 113.965591
v -24.627754 -20.221344 116.159134
v -24.635193 -20.221748 116.059692
v -22.590834 -20.110662 113.960625
v -24.637676 -20.221884 115.959999
v -22.690411 -20.116072 113.960625
v -24.635193 -20.221748 115.860313
v -22.789862 -20.121477 113.965591
v -24.627754 -20.221344 115.760864
v -22.888945 -20.126860 113.975525
v -24.615372 -20.220673 115.661919
v -22.987410 -20.132212 113.990387
v -24.598082 -20.219732 115.563713
v -23.085009 -20.137514 114.010147
v -24.575924 -20.218529 115.466484
v -23.181505 -20.142757 114.034752
v -24.548952 -20.217062 115.370491
v -23.276659 -20.147928 114.064148
v -24.517241 -20.215340 115.275963
v -23.370230 -20.153013 114.098251
v -24.480862 -20.213364 115.183128
v -23.461987 -20.157999 114.136993
v -24.439905 -20.211138 115.092232
v -23.551701 -20.162874 114.180260
v -23.639151 -20.167625 114.227951
v -24.394478 -20.208670 115.003494
v -23.724119 -20.172243 114.279953
v -24.344690 -20.205963 114.917130
v -23.806391 -20.176714 114.336128
v -24.290667 -20.203028 114.833359
v -23.885765 -20.181026 114.396339
v -24.232540 -20.199869 114.752396
v -23.962046 -20.185171 114.460442
v -24.170456 -20.196495 114.674423
v -24.035038 -20.189138 114.528267
v -24.104567 -20.192915 114.599655
v -24.474901 -23.217464 115.959999
v -24.472418 -23.217329 115.860313
v -24.464979 -23.216925 115.760864
v -24.452595 -23.216253 115.661919
v -24.435307 -23.215313 115.563713
v -24.413149 -23.214109 115.466484
v -24.386177 -23.212643 115.370491
v -24.354465 -23.210920 115.275963
v -24.318085 -23.208944 115.183128
v -24.277130 -23.206718 115.092232
v -24.231703 -23.204250 115.003494
v -24.181915 -23.201544 114.917130
v -24.127892 -23.198608 114.833359
v -24.069765 -23.195450 114.752396
v -24.007681 -23.192076 114.674423
v -23.941792 -23.188496 114.599655
v -23.872263 -23.184719 114.528267
v -23.799271 -23.180752 114.460442
v -23.722990 -23.176607 114.396339
v -23.643616 -23.172295 114.336128
v -23.561344 -23.167824 114.279953
v -23.476374 -23.163206 114.227951
v -23.388926 -23.158455 114.180260
v -23.299212 -23.153580 114.136993
v -23.207453 -23.148594 114.098251
v -23.113884 -23.143509 114.064148
v -23.018728 -23.138338 114.034752
v -22.922234 -23.133095 114.010147
v -22.824635 -23.127792 113.990387
v -22.726170 -23.122440 113.975525
v -22.627087 -23.117058 113.965591
v -22.527636 -23.111652 113.960625
v -22.428059 -23.106243 113.960625
v -22.328608 -23.100838 113.965591
v -22.229527 -23.095455 113.975525
v -22.131063 -23.090105 113.990387
v -22.033463 -23.084801 114.010147
v -21.936964 -23.079557 114.034752
v -21.841814 -23.074387 114.064148
v -21.748241 -23.069302 114.098251
v -21.656485 -23.064316 114.136993
v -21.566771 -23.059441 114.180260
v -21.479321 -23.054689 114.227951
v -21.394354 -23.050072 114.279953
v -21.312078 -23.045601 114.336128
v -21.232706 -23.041288 114.396339
v -21.156425 -23.037144 114.460442
v -21.083431 -23.033178 114.528267
v -21.013903 -23.029400 114.599655
v -20.948015 -23.025820 114.674423
v -20.885931 -23.022446 114.752396
v -20.827805 -23.019287 114.833359
v -20.773781 -23.016352 114.917130
v -20.723991 -23.013645 115.003494
v -20.678564 -23.011177 115.092232
v -20.637609 -23.008953 115.183128
v -20.601231 -23.006975 115.275963
v -20.569517 -23.005253 115.370491
v -20.542549 -23.003786 115.466484
v -20.520391 -23.002583 115.563713
v -20.503099 -23.001642 115.661919
v -20.490719 -23.000971 115.760864
v -20.483278 -23.000566 115.860313
v -20.480793 -23.000431 115.959999
v -20.483278 -23.000566 116.059692
v -20.490719 -23.000971 116.159134
v -20.503099 -23.001642 116.258087
v -20.520391 -23.002583 116.356293
v -20.542549 -23.003786 116.453514
v -20.569517 -23.005253 116.549515
v -20.601231 -23.006975 116.644043
v -20.637609 -23.008953 116.736870
v -20.678564 -23.011177 116.827766
v -20.723991 -23.013645 116.916512
v -20.773781 -23.016352 117.002869
v -20.827805 -23.019287 117.086639
v -20.885931 -23.022446 117.167610
v -20.948015 -23.025820 117.245575
v -21.013903 -23.029400 117.320351
v -21.083431 -23.033178 117.391739
v -21.156425 -23.037144 117.459564
v -21.232706 -23.041288 117.523666
v -21.312078 -23.045601 117.583878
v -21.394354 -23.050072 117.640053
v -21.479321 -23.054689 117.692055
v -21.566771 -23.059441 117.739746
v -21.656485 -23.064316 117.783012
v -21.748241 -23.069302 117.821747
v -21.841814 -23.074387 117.855858
v -21.936964 -23.079557 117.885254
v -22.033463 -23.084801 117.909859
v -22.131063 -23.090105 117.929619
v -22.229527 -23.095455 117.944481
v -22.328608 -23.100838 117.954407
v -22.428059 -23.106243 117.959381
v -22.527636 -23.111652 117.959381
v -22.627087 -23.117058 117.954407
v -22.726170 -23.122440 117.944481
v -22.824635 -23.127792 117.929619
v -22.922234 -23.133095 117.909859
v -23.018728 -23.138338 117.885254
v -23.113884 -23.143509 117.855858
v -23.207453 -23.148594 117.821747
v -23.299212 -23.153580 117.783012
v -23.388926 -23.158455 117.739746
v -23.476374 -23.163206 117.692055
v -23.561344 -23.167824 117.640053
v -23.643616 -23.172295 117.583878
v -23.722990 -23.176607 117.523666
v -23.799271 -23.180752 117.459564
v -23.872263 -23.184719 117.391739
v -23.941792 -23.188496 117.320351
v -24.007681 -23.192076 117.245575
v -24.069765 -23.195450 117.167610
v -24.127892 -23.198608 117.086639
v -24.181915 -23.201544 117.002869
v -24.231703 -23.204250 116.916512
v -24.277130 -23.206718 116.827766
v -24.318085 -23.208944 116.736870
v -24.354465 -23.210920 116.644043
v -24.386177 -23.212643 116.549515
v -24.413149 -23.214109 116.453514
v -24.435307 -23.215313 116.356293
v -24.452595 -23.216253 116.258087
v -24.464979 -23.216925 116.159134
v -24.472418 -23.217329 116.059692
vn 0.000000 0.000000 -1.000000
vn 0.000000 0.000000 -1.000000
vn 0.000000 0.000000 -1.000000
vn 0.000000 0.000000 -1.000000
vn 0.000000 0.000000 -1.000000
vn 0.000000 0.000000 -1.000000
vn 0.000000 0.000000 -1.000000
vn 0.000000 0.000000 -1.000000
vn 0.000000 0.000000 -1.000000
vn 0.000000 0.000000 -1.000000
vn 0.000000 0.000000 -1.000000
vn 0.000000 0.000000 -1.000000
vn -0.998527 -0.054258 -0.000000
vn -0.998527 -0.054258 -0.000000
vn 0.038367 -0.706065 -0.707107
vn 0.038366 -0.706064 -0.707108
vn 0.054262 -0.998527 -0.000001
vn 0.054257 -0.998527 0.000000
vn 0.054261 -0.998527 -0.000000
vn 0.054255 -0.998527 0.000000
vn 0.054254 -0.998527 0.000001
vn 0.054257 -0.998527 0.000000
vn 0.054261 -0.998527 -0.000001
vn 0.054262 -0.998527 -0.000000
vn 0.054261 -0.998527 -0.000001
vn 0.054257 -0.998527 0.000000
vn 0.054255 -0.998527 0.000002
vn 0.054253 -0.998527 0.000000
vn 0.054263 -0.998527 -0.000002
vn 0.054259 -0.998527 0.000000
vn 0.054255 -0.998527 0.000002
vn 0.054275 -0.998526 0.000000
vn 0.054260 -0.998527 -0.000001
vn 0.054255 -0.998527 0.000002
vn 0.054260 -0.998527 -0.000001
vn 0.054261 -0.998527 -0.000002
vn 0.054254 -0.998527 0.000004
vn 0.054261 -0.998527 -0.000002
vn 0.054260 -0.998527 -0.000001
vn 0.054253 -0.998527 0.000006
vn 0.054261 -0.998527 -0.000003
vn 0.054260 -0.998527 -0.000001
vn 0.054261 -0.998527 -0.000002
vn 0.054251 -0.998527 0.000009
vn 0.054264 -0.998527 0.000009
vn 0.054257 -0.998527 -0.000002
vn 0.054258 -0.998527 -0.000001
vn 0.054260 -0.998527 0.000003
vn 0.054257 -0.998527 -0.000002
vn 0.054259 -0.998527 0.000001
vn 0.054256 -0.998527 -0.000003
vn 0.054261 -0.998527 0.000004
vn 0.054257 -0.998527 -0.000002
vn 0.054258 -0.998527 -0.000001
vn 0.054259 -0.998527 0.000000
vn 0.054258 -0.998527 -0.000000
vn 0.054260 -0.998527 0.000001
vn 0.054257 -0.998527 -0.000001
vn 0.054257 -0.998527 -0.000001
vn 0.054261 -0.998527 0.000002
vn 0.054259 -0.998527 0.000000
vn 0.054260 -0.998527 0.000001
vn 0.054259 -0.998527 0.000001
vn 0.054256 -0.998527 -0.000001
vn 0.054260 -0.998527 0.000001
vn 0.054259 -0.998527 0.000000
vn 0.054258 -0.998527 -0.000000
vn 0.054255 -0.998527 -0.000002
vn 0.054253 -0.998527 -0.000003
vn 0.054268 -0.998526 0.000005
vn 0.054255 -0.998527 -0.000001
vn 0.054250 -0.998527 -0.000004
vn 0.054259 -0.998527 -0.000000
vn 0.054269 -0.998526 0.000005
vn 0.054263 -0.998527 0.000002
vn 0.054236 -0.998528 -0.000010
vn 0.054262 -0.998527 0.000000
vn 0.054265 -0.998527 0.000000
vn 0.054257 -0.998527 0.000000
vn 0.054261 -0.998527 0.000000
vn 0.054256 -0.998527 0.000000
vn 0.054255 -0.998527 -0.000000
vn 0.054259 -0.998527 0.000000
vn 0.054253 -0.998527 -0.000000
vn 0.054252 -0.998527 -0.000000
vn 0.054257 -0.998527 -0.000000
vn 0.054259 -0.998527 -0.000000
vn 0.054261 -0.998527 0.000000
vn 0.054264 -0.998527 0.000000
vn 0.054262 -0.998527 0.000000
vn 0.054255 -0.998527 -0.000000
vn 0.054261 -0.998527 0.000000
vn 0.054257 -0.998527 0.000000
vn 0.054256 -0.998527 -0.000000
vn 0.054265 -0.998527 0.000000
vn 0.054254 -0.998527 -0.000000
vn 0.054254 -0.998527 -0.000000
vn 0.054252 -0.998527 -0.000000
vn 0.054252 -0.998527 -0.000000
vn 0.054263 -0.998527 0.000000
vn 0.054264 -0.998527 0.000000
vn 0.054259 -0.998527 -0.000000
vn 0.054275 -0.998526 0.000000
vn 0.054268 -0.998526 0.000000
vn 0.054259 -0.998527 -0.000000
vn 0.054255 -0.998527 -0.000000
vn 0.054262 -0.998527 0.000000
vn 0.054261 -0.998527 0.000000
vn 0.054251 -0.998527 -0.000000
vn 0.054254 -0.998527 -0.000000
vn 0.054263 -0.998527 0.000000
vn 0.054260 -0.998527 0.000000
vn 0.054259 -0.998527 0.000000
vn 0.054262 -0.998527 0.000000
vn 0.054255 -0.998527 -0.000000
vn 0.054253 -0.998527 -0.000000
vn 0.054263 -0.998527 0.000000
vn 0.054261 -0.998527 0.000000
vn 0.054260 -0.998527 0.000000
vn 0.054258 -0.998527 0.000000
vn 0.054253 -0.998527 -0.000000
vn 0.054257 -0.998527 0.000000
vn 0.054261 -0.998527 0.000000
vn 0.054257 -0.998527 0.000000
vn 0.054260 -0.998527 -0.000000
vn 0.054254 -0.998527 -0.000000
vn 0.054258 -0.998527 -0.000000
vn 0.054260 -0.998527 -0.000000
vn 0.054266 -0.998527 0.000000
vn 0.054253 -0.998527 0.000000
vn 0.054254 -0.998527 0.000000
vn 0.054266 -0.998527 0.000000
vn 0.054262 -0.998527 -0.000000
vn 0.054256 -0.998527 -0.000000
vn 0.054255 -0.998527 -0.000000
vn 0.054257 -0.998527 -0.000000
vn 0.054258 -0.998527 -0.000000
vn 0.054261 -0.998527 -0.000000
vn 0.054264 -0.998527 0.000000
vn 0.054256 -0.998527 0.000000
vn 0.054259 -0.998527 0.000000
vn 0.054260 -0.998527 0.000000
vn 0.054251 -0.998527 -0.000000
vn 0.054254 -0.998527 -0.000000
vn 0.054259 -0.998527 -0.000000
vn 0.054264 -0.998527 0.000000
vn 0.054260 -0.998527 -0.000000
vn 0.054255 -0.998527 -0.000000
vn 0.054259 -0.998527 -0.000000
vn 0.054258 -0.998527 -0.000000
vn 0.054256 -0.998527 -0.000000
vn 0.054259 -0.998527 -0.000000
vn 0.054261 -0.998527 0.000000
vn 0.054261 -0.998527 0.000000
vn 0.054259 -0.998527 -0.000000
vn 0.054256 -0.998527 -0.000000
vn 0.054258 -0.998527 -0.000000
vn 0.054255 -0.998527 -0.000000
vn 0.054255 -0.998527 -0.000000
vn 0.054263 -0.998527 0.000000
vn 0.054264 -0.998527 0.000000
vn 0.054259 -0.998527 0.000000
vn 0.054257 -0.998527 -0.000000
vn 0.054263 -0.998527 0.000000
vn 0.054253 -0.998527 -0.000000
vn 0.054260 -0.998527 -0.000000
vn 0.054254 -0.998527 -0.000000
vn 0.054264 -0.998527 -0.000000
vn 0.054264 -0.998527 0.000000
vn 0.054263 -0.998527 0.000000
vn 0.054258 -0.998527 -0.000001
vn 0.054262 -0.998527 0.000003
vn 0.054256 -0.998527 -0.000002
vn 0.054259 -0.998527 -0.000000
vn 0.054262 -0.998527 0.000003
vn 0.054253 -0.998527 -0.000004
vn 0.054261 -0.998527 0.000001
vn 0.054259 -0.998527 -0.000000
vn 0.054262 -0.998527 0.000001
vn 0.054255 -0.998527 -0.000001
vn 0.054258 -0.998527 -0.000000
vn 0.054263 -0.998527 0.000001
vn 0.054253 -0.998527 -0.000001
vn 0.054257 -0.998527 -0.000001
vn 0.054264 -0.998527 0.000001
vn 0.054259 -0.998527 -0.000000
vn 0.054259 -0.998527 -0.000000
vn 0.054256 -0.998527 -0.000000
vn 0.054265 -0.998527 0.000000
vn 0.054252 -0.998527 -0.000000
vn 0.054268 -0.998526 -0.000000
vn 0.054258 -0.998527 -0.000001
vn 0.054257 -0.998527 -0.000001
vn 0.054254 -0.998527 -0.000005
vn 0.054258 -0.998527 -0.000001
vn 0.054267 -0.998526 0.000011
vn 0.054252 -0.998527 -0.000009
vn 0.054258 -0.998527 -0.000000
vn 0.054263 -0.998527 -0.000002
vn 0.054257 -0.998527 0.000001
vn 0.054264 -0.998527 -0.000003
vn 0.054251 -0.998527 0.000003
vn 0.054265 -0.998527 -0.000003
vn 0.054254 -0.998527 0.000002
vn 0.054259 -0.998527 -0.000000
vn 0.054256 -0.998527 0.000001
vn 0.054257 -0.998527 0.000001
vn 0.054263 -0.998527 -0.000003
vn 0.054261 -0.998527 -0.000001
vn 0.054254 -0.998527 0.000003
vn 0.054260 -0.998527 -0.000001
vn 0.054261 -0.998527 -0.000002
vn 0.054256 -0.998527 0.000002
vn 0.054258 -0.998527 0.000001
vn 0.054261 -0.998527 -0.000002
vn 0.054257 -0.998527 0.000002
vn 0.054258 -0.998527 0.000000
vn 0.054259 -0.998527 -0.000000
vn 0.054260 -0.998527 -0.000001
vn 0.054257 -0.998527 0.000002
vn 0.054259 -0.998527 -0.000001
vn 0.054259 -0.998527 -0.000001
vn 0.054259 -0.998527 -0.000000
vn 0.054254 -0.998527 0.000006
vn 0.054259 -0.998527 -0.000001
vn 0.054262 -0.998527 -0.000005
vn 0.054258 -0.998527 0.000000
vn 0.054256 -0.998527 0.000004
vn 0.054261 -0.998527 -0.000004
vn 0.054259 -0.998527 0.000000
vn 0.054247 -0.998528 0.000002
vn 0.054252 -0.998527 0.000001
vn 0.054257 -0.998527 0.000000
vn 0.054259 -0.998527 -0.000000
vn 0.054258 -0.998527 -0.000000
vn 0.054253 -0.998527 0.000000
vn 0.054274 -0.998526 -0.000000
vn 0.054265 -0.998527 -0.000000
vn 0.054246 -0.998528 -0.000000
vn 0.998527 0.054258 -0.000000
vn 0.998527 0.054258 0.000000
vn -0.998527 -0.054259 -0.000000
vn -0.998527 -0.054259 -0.000000
vn 0.054258 -0.998527 0.000000
vn 0.054258 -0.998527 -0.000000
vn -0.054261 0.998527 -0.000001
vn -0.054257 0.998527 0.000000
vn -0.054258 0.998527 -0.000000
vn -0.054261 0.998527 -0.000001
vn -0.054261 0.998527 -0.000000
vn -0.054256 0.998527 0.000000
vn -0.054255 0.998527 0.000000
vn -0.054256 0.998527 0.000001
vn -0.054264 0.998527 -0.000001
vn -0.054262 0.998527 -0.000002
vn -0.054252 0.998527 -0.000000
vn -0.054256 0.998527 0.000001
vn -0.054247 0.998528 0.000000
vn -0.054258 0.998527 -0.000000
vn -0.054260 0.998527 -0.000001
vn -0.054254 0.998527 0.000002
vn -0.054262 0.998527 -0.000003
vn -0.054257 0.998527 0.000001
vn -0.054257 0.998527 0.000001
vn -0.054261 0.998527 -0.000002
vn -0.054258 0.998527 0.000000
vn -0.054257 0.998527 0.000001
vn -0.054259 0.998527 -0.000001
vn -0.054254 0.998527 0.000004
vn -0.054266 0.998527 -0.000010
vn -0.054258 0.998527 0.000001
vn -0.054252 0.998527 0.000008
vn -0.054259 0.998527 0.000000
vn -0.054261 0.998527 0.000003
vn -0.054257 0.998527 -0.000002
vn -0.054258 0.998527 -0.000001
vn -0.054259 0.998527 0.000001
vn -0.054259 0.998527 0.000000
vn -0.054255 0.998527 -0.000005
vn -0.054258 0.998527 -0.000001
vn -0.054258 0.998527 -0.000000
vn -0.054263 0.998527 0.000007
vn -0.054257 0.998527 -0.000002
vn -0.054256 0.998527 -0.000004
vn -0.054261 0.998527 0.000004
vn -0.054258 0.998527 -0.000000
vn -0.054257 0.998527 -0.000002
vn -0.054261 0.998527 0.000002
vn -0.054256 0.998527 -0.000002
vn -0.054263 0.998527 0.000003
vn -0.054254 0.998527 -0.000003
vn -0.054261 0.998527 0.000001
vn -0.054256 0.998527 -0.000002
vn -0.054259 0.998527 0.000000
vn -0.054263 0.998527 0.000003
vn -0.054257 0.998527 -0.000001
vn -0.054259 0.998527 0.000000
vn -0.054259 0.998527 0.000000
vn -0.054252 0.998527 -0.000003
vn -0.054265 0.998527 0.000003
vn -0.054251 0.998527 -0.000003
vn -0.054268 0.998526 0.000005
vn -0.054257 0.998527 -0.000001
vn -0.054257 0.998527 -0.000000
vn -0.054262 0.998527 0.000000
vn -0.054252 0.998527 0.000000
vn -0.054256 0.998527 -0.000000
vn -0.054259 0.998527 0.000000
vn -0.054259 0.998527 0.000000
vn -0.054262 0.998527 -0.000000
vn -0.054261 0.998527 -0.000000
vn -0.054261 0.998527 -0.000000
vn -0.054267 0.998527 -0.000000
vn -0.054256 0.998527 0.000000
vn -0.054260 0.998527 -0.000000
vn -0.054255 0.998527 0.000000
vn -0.054254 0.998527 0.000000
vn -0.054255 0.998527 -0.000000
vn -0.054252 0.998527 0.000000
vn -0.054265 0.998526 -0.000000
vn -0.054262 0.998527 -0.000000
vn -0.054263 0.998527 -0.000000
vn -0.054263 0.998527 -0.000000
vn -0.054252 0.998527 0.000000
vn -0.054256 0.998527 0.000000
vn -0.054256 0.998527 -0.000000
vn -0.054254 0.998527 -0.000000
vn -0.054247 0.998528 0.000000
vn -0.054255 0.998527 0.000000
vn -0.054259 0.998527 0.000000
vn -0.054262 0.998527 -0.000000
vn -0.054259 0.998527 -0.000000
vn -0.054260 0.998527 -0.000000
vn -0.054255 0.998527 0.000000
vn -0.054251 0.998527 -0.000000
vn -0.054253 0.998527 0.000000
vn -0.054261 0.998527 -0.000000
vn -0.054263 0.998527 -0.000000
vn -0.054256 0.998527 0.000000
vn -0.054260 0.998527 -0.000000
vn -0.054257 0.998527 -0.000000
vn -0.054257 0.998527 0.000000
vn -0.054262 0.998527 -0.000000
vn -0.054261 0.998527 0.000000
vn -0.054259 0.998527 0.000000
vn -0.054258 0.998527 -0.000000
vn -0.054255 0.998527 0.000000
vn -0.054257 0.998527 0.000000
vn -0.054260 0.998527 -0.000000
vn -0.054259 0.998527 0.000000
vn -0.054260 0.998527 0.000000
vn -0.054254 0.998527 0.000000
vn -0.054252 0.998527 0.000000
vn -0.054261 0.998527 -0.000000
vn -0.054265 0.998527 -0.000000
vn -0.054260 0.998527 -0.000000
vn -0.054258 0.998527 -0.000000
vn -0.054254 0.998527 0.000000
vn -0.054261 0.998527 -0.000000
vn -0.054262 0.998527 0.000000
vn -0.054258 0.998527 0.000000
vn -0.054255 0.998527 0.000000
vn -0.054255 0.998527 0.000000
vn -0.054257 0.998527 0.000000
vn -0.054259 0.998527 0.000000
vn -0.054260 0.998527 0.000000
vn -0.054266 0.998527 -0.000000
vn -0.054256 0.998527 -0.000000
vn -0.054257 0.998527 -0.000000
vn -0.054262 0.998527 -0.000000
vn -0.054253 0.998527 0.000000
vn -0.054254 0.998527 0.000000
vn -0.054259 0.998527 0.000000
vn -0.054264 0.998527 -0.000000
vn -0.054260 0.998527 0.000000
vn -0.054257 0.998527 0.000000
vn -0.054255 0.998527 0.000000
vn -0.054255 0.998527 0.000000
vn -0.054256 0.998527 0.000000
vn -0.054263 0.998527 -0.000000
vn -0.054259 0.998527 0.000000
vn -0.054263 0.998527 -0.000000
vn -0.054259 0.998527 0.000000
vn -0.054258 0.998527 -0.000000
vn -0.054254 0.998527 0.000000
vn -0.054254 0.998527 -0.000000
vn -0.054255 0.998527 -0.000000
vn -0.054264 0.998527 -0.000000
vn -0.054263 0.998527 -0.000000
vn -0.054254 0.998527 0.000000
vn -0.054259 0.998527 -0.000000
vn -0.054268 0.998526 -0.000000
vn -0.054263 0.998527 -0.000000
vn -0.054248 0.998528 0.000000
vn -0.054260 0.998527 -0.000000
vn -0.054264 0.998527 -0.000000
vn -0.054254 0.998527 0.000000
vn -0.054267 0.998526 -0.000000
vn -0.054251 0.998527 -0.000000
vn -0.054258 0.998527 0.000000
vn -0.054255 0.998527 0.000000
vn -0.054256 0.998527 0.000000
vn -0.054261 0.998527 0.000000
vn -0.054254 0.998527 -0.000000
vn -0.054265 0.998527 0.000001
vn -0.054259 0.998527 0.000000
vn -0.054253 0.998527 -0.000001
vn -0.054261 0.998527 0.000001
vn -0.054260 0.998527 0.000001
vn -0.054253 0.998527 -0.000002
vn -0.054262 0.998527 0.000002
vn -0.054255 0.998527 -0.000001
vn -0.054262 0.998527 0.000002
vn -0.054255 0.998527 -0.000001
vn -0.054260 0.998527 0.000001
vn -0.054256 0.998527 -0.000001
vn -0.054260 0.998527 0.000001
vn -0.054261 0.998527 0.000002
vn -0.054259 0.998527 0.000000
vn -0.054255 0.998527 -0.000003
vn -0.054260 0.998527 0.000002
vn -0.054260 0.998527 0.000002
vn -0.054252 0.998527 -0.000007
vn -0.054262 0.998527 0.000004
vn -0.054261 0.998527 0.000003
vn -0.054261 0.998527 0.000004
vn -0.054258 0.998527 -0.000000
vn -0.054258 0.998527 0.000001
vn -0.054256 0.998527 0.000004
vn -0.054259 0.998527 -0.000001
vn -0.054259 0.998527 -0.000001
vn -0.054257 0.998527 0.000002
vn -0.054260 0.998527 -0.000003
vn -0.054256 0.998527 0.000003
vn -0.054261 0.998527 -0.000004
vn -0.054257 0.998527 0.000002
vn -0.054257 0.998527 0.000002
vn -0.054259 0.998527 -0.000000
vn -0.054261 0.998527 -0.000002
vn -0.054256 0.998527 0.000002
vn -0.054257 0.998527 0.000001
vn -0.054261 0.998527 -0.000002
vn -0.054259 0.998527 -0.000000
vn -0.054260 0.998527 -0.000001
vn -0.054259 0.998527 -0.000001
vn -0.054256 0.998527 0.000001
vn -0.054262 0.998527 -0.000002
vn -0.054257 0.998527 0.000001
vn -0.054258 0.998527 0.000000
vn -0.054255 0.998527 0.000002
vn -0.054266 0.998527 -0.000004
vn -0.054256 0.998527 0.000001
vn -0.054255 0.998527 0.000001
vn -0.054262 0.998527 -0.000002
vn -0.054258 0.998527 0.000000
vn -0.054254 0.998527 0.000002
vn -0.054263 0.998527 -0.000002
vn -0.054263 0.998527 -0.000002
vn -0.054258 0.998527 0.000000
vn -0.054274 0.998526 0.000002
vn -0.054252 0.998527 -0.000001
vn -0.054257 0.998527 -0.000000
vn -0.054256 0.998527 -0.000000
vn -0.054258 0.998527 0.000000
vn -0.054253 0.998527 0.000000
vn -0.054274 0.998526 0.000000
vn -0.054260 0.998527 0.000000
vn -0.054251 0.998527 0.000000
vn 0.998527 0.054258 -0.000000
vn 0.998527 0.054258 -0.000000
vn -0.998527 -0.054258 -0.000000
vn -0.998527 -0.054258 -0.000000
vn 0.054256 -0.998527 0.000000
vn 0.054259 -0.998527 -0.000000
vn 0.054255 -0.998527 0.000001
vn 0.054262 -0.998527 -0.000001
vn 0.054261 -0.998527 0.000000
vn 0.054253 -0.998527 0.000002
vn 0.054257 -0.998527 0.000000
vn 0.054261 -0.998527 -0.000001
vn 0.054268 -0.998526 -0.000000
vn 0.054258 -0.998527 0.000000
vn 0.054260 -0.998527 -0.000000
vn 0.054257 -0.998527 0.000001
vn 0.054258 -0.998527 0.000000
vn 0.054260 -0.998527 -0.000001
vn 0.054257 -0.998527 0.000001
vn 0.054259 -0.998527 -0.000000
vn 0.054260 -0.998527 -0.000001
vn 0.054256 -0.998527 0.000002
vn 0.054261 -0.998527 -0.000003
vn 0.054257 -0.998527 0.000002
vn 0.054257 -0.998527 0.000002
vn 0.054262 -0.998527 -0.000005
vn 0.054259 -0.998527 0.000000
vn 0.054260 -0.998527 -0.000002
vn 0.054260 -0.998527 -0.000002
vn 0.054255 -0.998527 0.000005
vn 0.054256 -0.998527 -0.000004
vn 0.054262 -0.998527 0.000007
vn 0.054258 -0.998527 -0.000001
vn 0.054257 -0.998527 -0.000002
vn 0.054258 -0.998527 0.000000
vn 0.054260 -0.998527 0.000002
vn 0.054259 -0.998527 0.000001
vn 0.054255 -0.998527 -0.000006
vn 0.054258 -0.998527 -0.000000
vn 0.054258 -0.998527 -0.000000
vn 0.054261 -0.998527 0.000003
vn 0.054259 -0.998527 0.000001
vn 0.054259 -0.998527 0.000001
vn 0.054258 -0.998527 0.000000
vn 0.054259 -0.998527 0.000000
vn 0.054258 -0.998527 -0.000000
vn 0.054254 -0.998527 -0.000004
vn 0.054260 -0.998527 0.000001
vn 0.054259 -0.998527 0.000001
vn 0.054259 -0.998527 0.000001
vn 0.054255 -0.998527 -0.000003
vn 0.054261 -0.998527 0.000001
vn 0.054257 -0.998527 -0.000001
vn 0.054260 -0.998527 0.000001
vn 0.054262 -0.998527 0.000002
vn 0.054256 -0.998527 -0.000001
vn 0.054252 -0.998527 -0.000004
vn 0.054263 -0.998527 0.000002
vn 0.054254 -0.998527 -0.000003
vn 0.054269 -0.998526 0.000005
vn 0.054262 -0.998527 0.000002
vn 0.054249 -0.998527 -0.000005
vn 0.054256 -0.998527 -0.000000
vn 0.054254 -0.998527 -0.000000
vn 0.054250 -0.998527 -0.000000
vn 0.054259 -0.998527 0.000000
vn 0.054266 -0.998526 0.000000
vn 0.054261 -0.998527 0.000000
vn 0.054260 -0.998527 0.000000
vn 0.054250 -0.998527 -0.000000
vn 0.054263 -0.998527 -0.000000
vn 0.054256 -0.998527 -0.000000
vn 0.054266 -0.998527 0.000000
vn 0.054252 -0.998527 -0.000000
vn 0.054260 -0.998527 -0.000000
vn 0.054268 -0.998526 0.000000
vn 0.054260 -0.998527 -0.000000
vn 0.054261 -0.998527 -0.000000
vn 0.054260 -0.998527 0.000000
vn 0.054262 -0.998527 0.000000
vn 0.054257 -0.998527 -0.000000
vn 0.054258 -0.998527 -0.000000
vn 0.054264 -0.998527 0.000000
vn 0.054256 -0.998527 0.000000
vn 0.054258 -0.998527 0.000000
vn 0.054258 -0.998527 0.000000
vn 0.054253 -0.998527 -0.000000
vn 0.054260 -0.998527 0.000000
vn 0.054258 -0.998527 -0.000000
vn 0.054257 -0.998527 -0.000000
vn 0.054260 -0.998527 0.000000
vn 0.054259 -0.998527 0.000000
vn 0.054262 -0.998527 0.000000
vn 0.054260 -0.998527 0.000000
vn 0.054258 -0.998527 0.000000
vn 0.054255 -0.998527 0.000000
vn 0.054256 -0.998527 0.000000
vn 0.054262 -0.998527 0.000000
vn 0.054259 -0.998527 -0.000000
vn 0.054257 -0.998527 -0.000000
vn 0.054260 -0.998527 0.000000
vn 0.054256 -0.998527 0.000000
vn 0.054258 -0.998527 0.000000
vn 0.054262 -0.998527 0.000000
vn 0.054254 -0.998527 -0.000000
vn 0.054259 -0.998527 -0.000000
vn 0.054264 -0.998527 0.000000
vn 0.054260 -0.998527 0.000000
vn 0.054256 -0.998527 -0.000000
vn 0.054260 -0.998527 -0.000000
vn 0.054260 -0.998527 -0.000000
vn 0.054256 -0.998527 -0.000000
vn 0.054260 -0.998527 0.000000
vn 0.054255 -0.998527 0.000000
vn 0.054264 -0.998527 0.000000
vn 0.054253 -0.998527 -0.000000
vn 0.054258 -0.998527 -0.000000
vn 0.054262 -0.998527 -0.000000
vn 0.054256 -0.998527 -0.000000
vn 0.054253 -0.998527 -0.000000
vn 0.054258 -0.998527 0.000000
vn 0.054263 -0.998527 0.000000
vn 0.054261 -0.998527 0.000000
vn 0.054257 -0.998527 -0.000000
vn 0.054260 -0.998527 -0.000000
vn 0.054256 -0.998527 -0.000000
vn 0.054251 -0.998527 -0.000000
vn 0.054257 -0.998527 -0.000000
vn 0.054264 -0.998527 0.000000
vn 0.054258 -0.998527 0.000000
vn 0.054254 -0.998527 -0.000000
vn 0.054258 -0.998527 0.000000
vn 0.054259 -0.998527 0.000000
vn 0.054264 -0.998527 0.000000
vn 0.054266 -0.998527 0.000000
vn 0.054260 -0.998527 0.000000
vn 0.054255 -0.998527 -0.000000
vn 0.054261 -0.998527 0.000000
vn 0.054253 -0.998527 -0.000000
vn 0.054259 -0.998527 -0.000000
vn 0.054264 -0.998527 -0.000000
vn 0.054258 -0.998527 -0.000000
vn 0.054255 -0.998527 -0.000000
vn 0.054249 -0.998527 -0.000000
vn 0.054254 -0.998527 -0.000000
vn 0.054262 -0.998527 0.000000
vn 0.054267 -0.998526 0.000000
vn 0.054261 -0.998527 0.000000
vn 0.054250 -0.998527 -0.000000
vn 0.054261 -0.998527 -0.000000
vn 0.054258 -0.998527 -0.000000
vn 0.054263 -0.998527 0.000001
vn 0.054257 -0.998527 -0.000000
vn 0.054260 -0.998527 0.000000
vn 0.054260 -0.998527 0.000000
vn 0.054251 -0.998527 -0.000001
vn 0.054265 -0.998527 0.000001
vn 0.054251 -0.998527 -0.000001
vn 0.054260 -0.998527 -0.000000
vn 0.054266 -0.998526 0.000000
vn 0.054261 -0.998527 0.000000
vn 0.054258 -0.998527 -0.000001
vn 0.054260 -0.998527 0.000001
vn 0.054259 -0.998527 0.000000
vn 0.054257 -0.998527 -0.000002
vn 0.054258 -0.998527 -0.000001
vn 0.054262 -0.998527 0.000002
vn 0.054260 -0.998527 0.000001
vn 0.054258 -0.998527 -0.000000
vn 0.054254 -0.998527 -0.000002
vn 0.054254 -0.998527 -0.000005
vn 0.054265 -0.998527 0.000007
vn 0.054256 -0.998527 -0.000003
vn 0.054260 -0.998527 0.000002
vn 0.054268 -0.998526 -0.000005
vn 0.054260 -0.998527 -0.000001
vn 0.054250 -0.998527 0.000004
vn 0.054269 -0.998526 -0.000006
vn 0.054249 -0.998527 0.000005
vn 0.054264 -0.998527 -0.000003
vn 0.054257 -0.998527 0.000001
vn 0.054254 -0.998527 0.000002
vn 0.054261 -0.998527 -0.000002
vn 0.054259 -0.998527 -0.000000
vn 0.054255 -0.998527 0.000002
vn 0.054264 -0.998527 -0.000004
vn 0.054255 -0.998527 0.000002
vn 0.054262 -0.998527 -0.000003
vn 0.054256 -0.998527 0.000002
vn 0.054257 -0.998527 0.000001
vn 0.054261 -0.998527 -0.000002
vn 0.054256 -0.998527 0.000002
vn 0.054257 -0.998527 0.000001
vn 0.054262 -0.998527 -0.000004
vn 0.054259 -0.998527 -0.000000
vn 0.054256 -0.998527 0.000003
vn 0.054261 -0.998527 -0.000004
vn 0.054258 -0.998527 0.000001
vn 0.054257 -0.998527 0.000002
vn 0.054258 -0.998527 -0.000000
vn 0.054258 -0.998527 0.000001
vn 0.054261 -0.998527 -0.000005
vn 0.054255 -0.998527 0.000005
vn 0.054261 -0.998527 -0.000004
vn 0.054255 -0.998527 0.000006
vn 0.054260 -0.998527 -0.000002
vn 0.054258 -0.998527 0.000000
vn 0.054261 -0.998527 -0.000000
vn 0.054256 -0.998527 0.000000
vn 0.054263 -0.998527 -0.000001
vn 0.054251 -0.998527 0.000001
vn 0.054258 -0.998527 0.000000
vn 0.054269 -0.998526 -0.000000
vn 0.054260 -0.998527 -0.000000
vn 0.054248 -0.998527 -0.000000
vn 0.054275 -0.998526 0.000000
vn -0.038366 0.706065 -0.707107
vn -0.038367 0.706066 -0.707106
vn 0.998527 0.054258 0.000000
vn 0.998527 0.054258 0.000000
vn 0.998527 0.054258 -0.000000
vn 0.998527 0.054258 -0.000000
vn -0.054256 0.998527 0.000000
vn -0.054261 0.998527 -0.000000
vn -0.054260 0.998527 -0.000000
vn -0.054260 0.998527 -0.000000
vn -0.054260 0.998527 -0.000000
vn -0.054255 0.998527 0.000001
vn -0.054254 0.998527 0.000000
vn -0.054260 0.998527 -0.000000
vn -0.054257 0.998527 0.000000
vn -0.054259 0.998527 -0.000000
vn -0.054258 0.998527 -0.000000
vn -0.054260 0.998527 -0.000001
vn -0.054258 0.998527 0.000000
vn -0.054257 0.998527 0.000001
vn -0.054258 0.998527 0.000000
vn -0.054258 0.998527 0.000000
vn -0.054260 0.998527 -0.000001
vn -0.054259 0.998527 -0.000001
vn -0.054256 0.998527 0.000002
vn -0.054261 0.998527 -0.000003
vn -0.054259 0.998527 0.000000
vn -0.054256 0.998527 0.000003
vn -0.054260 0.998527 -0.000002
vn -0.054256 0.998527 0.000003
vn -0.054259 0.998527 0.000001
vn -0.054259 0.998527 0.000001
vn -0.054259 0.998527 0.000000
vn -0.054256 0.998527 -0.000003
vn -0.054260 0.998527 0.000002
vn -0.054257 0.998527 -0.000002
vn -0.054260 0.998527 0.000003
vn -0.054256 0.998527 -0.000003
vn -0.054260 0.998527 0.000003
vn -0.054258 0.998527 0.000000
vn -0.054257 0.998527 -0.000002
vn -0.054260 0.998527 0.000002
vn -0.054258 0.998527 -0.000000
vn -0.054257 0.998527 -0.000001
vn -0.054259 0.998527 0.000000
vn -0.054258 0.998527 -0.000000
vn -0.054260 0.998527 0.000001
vn -0.054259 0.998527 0.000001
vn -0.054259 0.998527 0.000000
vn -0.054259 0.998527 0.000000
vn -0.054257 0.998527 -0.000001
vn -0.054259 0.998527 0.000001
vn -0.054259 0.998527 0.000000
vn -0.054257 0.998527 -0.000001
vn -0.054259 0.998527 0.000001
vn -0.054257 0.998527 -0.000001
vn -0.054258 0.998527 -0.000000
vn -0.054263 0.998527 0.000003
vn -0.054253 0.998527 -0.000003
vn -0.054260 0.998527 0.000001
vn -0.054260 0.998527 0.000001
vn -0.054256 0.998527 -0.000001
vn -0.054261 0.998527 -0.000000
vn -0.054256 0.998527 0.000000
vn -0.054255 0.998527 0.000000
vn -0.054260 0.998527 -0.000000
vn -0.054260 0.998527 -0.000000
vn -0.054260 0.998527 -0.000000
vn -0.054260 0.998527 -0.000000
vn -0.054258 0.998527 -0.000000
vn -0.054255 0.998527 0.000000
vn -0.054261 0.998527 -0.000000
vn -0.054260 0.998527 -0.000000
vn -0.054260 0.998527 -0.000000
vn -0.054257 0.998527 0.000000
vn -0.054257 0.998527 0.000000
vn -0.054254 0.998527 0.000000
vn -0.054262 0.998527 -0.000000
vn -0.054257 0.998527 0.000000
vn -0.054261 0.998527 -0.000000
vn -0.054260 0.998527 0.000000
vn -0.054258 0.998527 0.000000
vn -0.054253 0.998527 -0.000000
vn -0.054256 0.998527 0.000000
vn -0.054259 0.998527 -0.000000
vn -0.054258 0.998527 -0.000000
vn -0.054261 0.998527 -0.000000
vn -0.054260 0.998527 -0.000000
vn -0.054258 0.998527 -0.000000
vn -0.054257 0.998527 -0.000000
vn -0.054256 0.998527 -0.000000
vn -0.054259 0.998527 -0.000000
vn -0.054258 0.998527 -0.000000
vn -0.054260 0.998527 -0.000000
vn -0.054258 0.998527 0.000000
vn -0.054259 0.998527 0.000000
vn -0.054260 0.998527 0.000000
vn -0.054258 0.998527 0.000000
vn -0.054259 0.998527 0.000000
vn -0.054257 0.998527 0.000000
vn -0.054256 0.998527 0.000000
vn -0.054260 0.998527 0.000000
vn -0.054261 0.998527 -0.000000
vn -0.054259 0.998527 -0.000000
vn -0.054258 0.998527 -0.000000
vn -0.054258 0.998527 -0.000000
vn -0.054256 0.998527 0.000000
vn -0.054260 0.998527 -0.000000
vn -0.054257 0.998527 0.000000
vn -0.054260 0.998527 -0.000000
vn -0.054256 0.998527 0.000000
vn -0.054260 0.998527 0.000000
vn -0.054260 0.998527 0.000000
vn -0.054255 0.998527 0.000000
vn -0.054257 0.998527 -0.000000
vn -0.054260 0.998527 -0.000000
vn -0.054259 0.998527 0.000000
vn -0.054258 0.998527 0.000000
vn -0.054261 0.998527 -0.000000
vn -0.054260 0.998527 -0.000000
vn -0.054255 0.998527 0.000000
vn -0.054258 0.998527 0.000000
vn -0.054262 0.998527 -0.000000
vn -0.054256 0.998527 0.000000
vn -0.054256 0.998527 0.000000
vn -0.054260 0.998527 -0.000000
vn -0.054261 0.998527 -0.000000
vn -0.054256 0.998527 -0.000000
vn -0.054254 0.998527 0.000000
vn -0.054258 0.998527 0.000000
vn -0.054259 0.998527 -0.000000
vn -0.054263 0.998527 -0.000000
vn -0.054260 0.998527 0.000000
vn -0.054258 0.998527 0.000000
vn -0.054260 0.998527 0.000000
vn -0.054255 0.998527 0.000000
vn -0.054254 0.998527 0.000000
vn -0.054259 0.998527 0.000000
vn -0.054261 0.998527 -0.000000
vn -0.054258 0.998527 0.000000
vn -0.054257 0.998527 0.000000
vn -0.054258 0.998527 0.000000
vn -0.054262 0.998527 -0.000000
vn -0.054255 0.998527 0.000000
vn -0.054261 0.998527 -0.000000
vn -0.054263 0.998527 -0.000000
vn -0.054259 0.998527 -0.000000
vn -0.054261 0.998527 -0.000000
vn -0.054259 0.998527 -0.000000
vn -0.054252 0.998527 0.000000
vn -0.054253 0.998527 -0.000000
vn -0.054260 0.998527 0.000000
vn -0.054257 0.998527 -0.000000
vn -0.054260 0.998527 0.000000
vn -0.054260 0.998527 0.000000
vn -0.054255 0.998527 -0.000000
vn -0.054259 0.998527 0.000000
vn -0.054258 0.998527 0.000000
vn -0.054257 0.998527 -0.000000
vn -0.054261 0.998527 0.000001
vn -0.054258 0.998527 -0.000000
vn -0.054257 0.998527 -0.000001
vn -0.054258 0.998527 -0.000000
vn -0.054260 0.998527 0.000001
vn -0.054257 0.998527 -0.000001
vn -0.054259 0.998527 0.000000
vn -0.054260 0.998527 0.000001
vn -0.054259 0.998527 0.000001
vn -0.054258 0.998527 -0.000001
vn -0.054257 0.998527 -0.000002
vn -0.054260 0.998527 0.000002
vn -0.054259 0.998527 0.000000
vn -0.054258 0.998527 -0.000000
vn -0.054257 0.998527 -0.000002
vn -0.054260 0.998527 0.000002
vn -0.054260 0.998527 0.000003
vn -0.054260 0.998527 -0.000002
vn -0.054259 0.998527 -0.000001
vn -0.054256 0.998527 0.000002
vn -0.054258 0.998527 0.000000
vn -0.054261 0.998527 -0.000002
vn -0.054257 0.998527 0.000001
vn -0.054261 0.998527 -0.000001
vn -0.054260 0.998527 -0.000001
vn -0.054251 0.998527 0.000004
vn -0.054258 0.998527 0.000000
vn -0.054263 0.998527 -0.000002
vn -0.054256 0.998527 0.000001
vn -0.054260 0.998527 -0.000001
vn -0.054264 0.998527 -0.000003
vn -0.054256 0.998527 0.000001
vn -0.054256 0.998527 0.000005
vn -0.054260 0.998527 -0.000003
vn -0.054258 0.998527 0.000001
vn -0.054258 0.998527 -0.000000
vn -0.054260 0.998527 -0.000002
vn -0.054258 0.998527 -0.000000
vn -0.054257 0.998527 0.000002
vn -0.054259 0.998527 -0.000001
vn -0.054257 0.998527 0.000002
vn -0.054258 0.998527 0.000000
vn -0.054261 0.998527 -0.000003
vn -0.054258 0.998527 -0.000000
vn -0.054257 0.998527 0.000002
vn -0.054259 0.998527 -0.000001
vn -0.054258 0.998527 0.000000
vn -0.054258 0.998527 0.000000
vn -0.054257 0.998527 0.000001
vn -0.054258 0.998527 0.000000
vn -0.054261 0.998527 0.000000
vn -0.054255 0.998527 -0.000001
vn -0.054263 0.998527 0.000001
vn -0.054258 0.998527 -0.000000
vn -0.054258 0.998527 -0.000000
vn -0.054253 0.998527 -0.000000
vn -0.054259 0.998527 -0.000000
vn -0.054261 0.998527 -0.000000
vn -0.054253 0.998527 0.000000
vn -0.667697 -0.744433 0.000000
vn -0.667697 -0.744433 0.000000
vn 0.000000 0.000000 1.000000
vn 0.000000 0.000000 1.000000
vn -0.000000 0.000000 1.000000
vn 0.000000 0.000000 1.000000
vn 0.000000 0.000000 1.000000
vn 0.000000 0.000000 1.000000
vn 0.000000 0.000000 1.000000
vn -0.000000 0.000000 1.000000
vn 0.000000 0.000000 1.000000
vn 0.000000 0.000000 1.000000
vn -0.000000 0.000000 1.000000
vn -0.000000 0.000000 1.000000
vn 0.054260 -0.998527 -0.000005
vn 0.054257 -0.998527 0.000004
vn 0.054258 -0.998527 0.000001
vn 0.054259 -0.998527 -0.000005
vn 0.054258 -0.998527 0.000001
vn 0.054257 -0.998527 0.000008
vn 0.054259 -0.998527 -0.000001
vn 0.054259 -0.998527 -0.000003
vn 0.054258 -0.998527 0.000002
vn 0.054259 -0.998527 -0.000001
vn 0.054260 -0.998527 -0.000005
vn 0.054258 -0.998527 0.000000
vn 0.054257 -0.998527 0.000004
vn 0.054259 -0.998527 -0.000003
vn 0.054258 -0.998527 0.000001
vn 0.054258 -0.998527 0.000002
vn 0.054260 -0.998527 -0.000005
vn 0.054258 -0.998527 0.000003
vn 0.054257 -0.998527 0.000003
vn 0.054260 -0.998527 -0.000009
vn 0.054258 -0.998527 -0.000000
vn 0.054258 -0.998527 0.000004
vn 0.054259 -0.998527 -0.000001
vn 0.054259 -0.998527 -0.000001
vn 0.054258 -0.998527 0.000001
vn 0.054258 -0.998527 0.000000
vn 0.054258 -0.998527 0.000000
vn 0.054258 -0.998527 0.000001
vn 0.054258 -0.998527 -0.000001
vn 0.054258 -0.998527 -0.000000
vn 0.054258 -0.998527 -0.000001
vn 0.054259 -0.998527 0.000001
vn 0.054259 -0.998527 0.000002
vn 0.054258 -0.998527 0.000000
vn 0.054257 -0.998527 -0.000003
vn 0.054260 -0.998527 0.000005
vn 0.054258 -0.998527 -0.000001
vn 0.054257 -0.998527 -0.000004
vn 0.054260 -0.998527 0.000005
vn 0.054257 -0.998527 -0.000002
vn 0.054262 -0.998527 0.000006
vn 0.054260 -0.998527 0.000003
vn 0.054257 -0.998527 -0.000002
vn 0.054257 -0.998527 -0.000002
vn 0.054257 -0.998527 -0.000002
vn 0.054262 -0.998527 0.000005
vn 0.054256 -0.998527 -0.000003
vn 0.054258 -0.998527 -0.000001
vn 0.054259 -0.998527 0.000000
vn 0.054258 -0.998527 0.000000
vn 0.054249 -0.998527 -0.000022
vn 0.054265 -0.998527 0.000014
vn 0.054257 -0.998527 -0.000002
vn 0.054259 -0.998527 0.000001
vn 0.054255 -0.998527 -0.000007
vn 0.054260 -0.998527 0.000002
vn 0.054258 -0.998527 -0.000002
vn 0.054260 -0.998527 0.000002
vn 0.054259 -0.998527 0.000001
vn 0.054258 -0.998527 -0.000000
vn 0.054258 -0.998527 -0.000001
vn 0.054257 -0.998527 -0.000001
vn 0.054258 -0.998527 -0.000001
vn 0.054260 -0.998527 0.000001
vn 0.054260 -0.998527 0.000005
vn 0.054257 -0.998527 -0.000001
vn 0.054257 -0.998527 -0.000004
vn 0.054257 -0.998527 -0.000001
vn 0.054259 -0.998527 0.000005
vn 0.054263 -0.998527 0.000003
vn 0.054257 -0.998527 -0.000008
vn 0.054253 -0.998527 -0.000003
vn 0.054259 -0.998527 0.000003
vn 0.054262 -0.998527 0.000002
vn 0.054259 -0.998527 0.000001
vn 0.054257 -0.998527 -0.000001
vn 0.054258 -0.998527 -0.000000
vn 0.054262 -0.998527 0.000001
vn 0.054256 -0.998527 -0.000001
vn 0.054256 -0.998527 -0.000001
vn 0.054254 -0.998527 -0.000001
vn 0.054258 -0.998527 -0.000000
vn 0.054263 -0.998527 0.000001
vn 0.054262 -0.998527 0.000001
vn 0.054254 -0.998527 -0.000001
vn 0.054258 -0.998527 -0.000000
vn 0.054255 -0.998527 -0.000001
vn 0.054255 -0.998527 0.000001
vn 0.054258 -0.998527 0.000000
vn 0.054254 -0.998527 0.000001
vn 0.054262 -0.998527 -0.000001
vn 0.054263 -0.998527 -0.000001
vn 0.054258 -0.998527 0.000000
vn 0.054254 -0.998527 0.000001
vn 0.054256 -0.998527 0.000001
vn 0.054256 -0.998527 0.000001
vn 0.054262 -0.998527 -0.000001
vn 0.054257 -0.998527 0.000001
vn 0.054262 -0.998527 -0.000002
vn 0.054253 -0.998527 0.000003
vn 0.054263 -0.998527 -0.000003
vn 0.054257 -0.998527 0.000001
vn 0.054257 -0.998527 0.000001
vn 0.054260 -0.998527 -0.000001
vn 0.054257 -0.998527 0.000002
vn 0.054258 -0.998527 0.000000
vn 0.054259 -0.998527 0.000000
vn 0.054260 -0.998527 -0.000002
vn 0.054259 -0.998527 -0.000000
vn 0.054258 -0.998527 0.000001
vn 0.054256 -0.998527 0.000003
vn 0.054262 -0.998527 -0.000005
vn 0.054257 -0.998527 0.000002
vn 0.054257 -0.998527 0.000003
vn 0.054257 -0.998527 0.000002
vn 0.054260 -0.998527 -0.000003
vn 0.054262 -0.998527 -0.000007
vn 0.054257 -0.998527 0.000003
vn 0.054260 -0.998527 -0.000003
vn 0.054255 -0.998527 0.000007
vn 0.054259 -0.998527 -0.000001
vn 0.054258 -0.998527 0.000002
vn 0.054258 -0.998527 -0.000000
vn 0.054260 -0.998527 0.000014
vn 0.054257 -0.998527 -0.000013
vn 0.054258 -0.998527 -0.000005
vn 0.054260 -0.998527 0.000009
vn 0.054258 -0.998527 -0.000003
vn 0.054258 -0.998527 -0.000002
vn 0.054259 -0.998527 0.000003
vn 0.744432 -0.667698 0.000000
vn 0.744432 -0.667698 -0.000000
vn -0.998527 -0.054259 -0.000000
vn -0.998527 -0.054259 -0.000000
vn 0.891300 0.048432 0.450819
vn 0.891288 0.048431 0.450843
vn 0.867698 0.047149 0.494850
vn 0.867698 0.047149 0.494850
vn 0.841930 0.045749 0.537645
vn 0.841930 0.045749 0.537645
vn 0.814074 0.044235 0.579075
vn 0.814074 0.044235 0.579075
vn 0.784147 0.042610 0.619110
vn 0.784133 0.042608 0.619129
vn 0.752284 0.040878 0.657570
vn 0.752284 0.040878 0.657570
vn 0.718552 0.039045 0.694376
vn 0.718567 0.039046 0.694361
vn 0.682999 0.037113 0.729476
vn 0.682999 0.037113 0.729476
vn 0.645779 0.035090 0.762717
vn 0.645779 0.035090 0.762717
vn 0.606917 0.032979 0.794080
vn 0.606902 0.032978 0.794092
vn 0.566529 0.030784 0.823467
vn 0.566543 0.030785 0.823457
vn 0.524760 0.028514 0.850773
vn 0.524760 0.028514 0.850773
vn 0.481664 0.026173 0.875965
vn 0.481651 0.026172 0.875972
vn 0.437380 0.023767 0.898962
vn 0.437380 0.023767 0.898962
vn 0.391947 0.021298 0.919741
vn 0.391958 0.021299 0.919736
vn 0.345620 0.018781 0.938186
vn 0.345610 0.018780 0.938190
vn 0.298358 0.016212 0.954316
vn 0.298358 0.016212 0.954316
vn 0.250421 0.013607 0.968041
vn 0.250429 0.013608 0.968039
vn 0.201779 0.010964 0.979370
vn 0.201773 0.010964 0.979371
vn 0.152687 0.008297 0.988240
vn 0.152682 0.008296 0.988241
vn 0.103172 0.005606 0.994648
vn 0.103172 0.005606 0.994648
vn 0.053414 0.002902 0.998568
vn 0.053414 0.002902 0.998568
vn 0.003598 0.000195 0.999994
vn 0.003598 0.000195 0.999994
vn -0.046342 -0.002518 0.998923
vn -0.046342 -0.002518 0.998923
vn -0.096099 -0.005222 0.995358
vn -0.096099 -0.005222 0.995358
vn -0.145673 -0.007916 0.989301
vn -0.145673 -0.007916 0.989301
vn -0.194817 -0.010586 0.980783
vn -0.194817 -0.010586 0.980783
vn -0.243478 -0.013230 0.969816
vn -0.243478 -0.013230 0.969816
vn -0.291530 -0.015841 0.956431
vn -0.291530 -0.015841 0.956431
vn -0.338958 -0.018418 0.940621
vn -0.338968 -0.018419 0.940618
vn -0.385385 -0.020941 0.922518
vn -0.385374 -0.020940 0.922523
vn -0.430969 -0.023418 0.902063
vn -0.430981 -0.023419 0.902057
vn -0.475435 -0.025835 0.879372
vn -0.475422 -0.025833 0.879378
vn -0.518667 -0.028184 0.854512
vn -0.518667 -0.028184 0.854512
vn -0.560676 -0.030467 0.827475
vn -0.560676 -0.030467 0.827475
vn -0.601233 -0.032670 0.798405
vn -0.601248 -0.032671 0.798394
vn -0.640311 -0.034793 0.767327
vn -0.640311 -0.034793 0.767327
vn -0.677816 -0.036832 0.734308
vn -0.677801 -0.036830 0.734322
vn -0.713605 -0.038777 0.699475
vn -0.713605 -0.038777 0.699475
vn -0.747587 -0.040623 0.662920
vn -0.779743 -0.042370 0.624664
vn -0.747587 -0.040623 0.662920
vn -0.779743 -0.042370 0.624664
vn -0.809903 -0.044009 0.584911
vn -0.809903 -0.044009 0.584911
vn -0.838071 -0.045539 0.543657
vn -0.838085 -0.045541 0.543636
vn -0.864158 -0.046956 0.501025
vn -0.864158 -0.046956 0.501024
vn -0.888078 -0.048256 0.457153
vn -0.888078 -0.048256 0.457153
vn -0.909768 -0.049435 0.412164
vn -0.909768 -0.049435 0.412164
vn -0.929184 -0.050490 0.366153
vn -0.929194 -0.050492 0.366127
vn -0.946290 -0.051420 0.319205
vn -0.946299 -0.051420 0.319178
vn -0.961038 -0.052221 0.271440
vn -0.961038 -0.052221 0.271440
vn -0.973380 -0.052891 0.223010
vn -0.973380 -0.052891 0.223010
vn -0.983292 -0.053430 0.174018
vn -0.983287 -0.053431 0.174048
vn -0.990741 -0.053836 0.124636
vn -0.990741 -0.053836 0.124636
vn -0.995721 -0.054107 0.074915
vn -0.995723 -0.054105 0.074884
vn -0.998215 -0.054241 0.024983
vn -0.998215 -0.054241 0.024983
vn -0.998215 -0.054241 -0.024982
vn -0.998215 -0.054241 -0.024982
vn -0.995723 -0.054105 -0.074889
vn -0.995721 -0.054106 -0.074919
vn -0.990741 -0.053836 -0.124636
vn -0.990741 -0.053836 -0.124636
vn -0.983287 -0.053431 -0.174048
vn -0.983292 -0.053430 -0.174018
vn -0.973380 -0.052891 -0.223010
vn -0.973380 -0.052891 -0.223010
vn -0.961038 -0.052221 -0.271440
vn -0.961038 -0.052221 -0.271440
vn -0.946290 -0.051419 -0.319205
vn -0.946299 -0.051421 -0.319178
vn -0.929202 -0.050492 -0.366106
vn -0.929192 -0.050490 -0.366133
vn -0.909768 -0.049435 -0.412164
vn -0.909768 -0.049435 -0.412164
vn -0.888065 -0.048255 -0.457177
vn -0.864158 -0.046956 -0.501025
vn -0.888065 -0.048255 -0.457178
vn -0.838071 -0.045539 -0.543657
vn -0.864158 -0.046956 -0.501024
vn -0.838085 -0.045541 -0.543636
vn -0.809924 -0.044010 -0.584882
vn -0.779719 -0.042369 -0.624694
vn -0.809924 -0.044010 -0.584882
vn -0.747614 -0.040625 -0.662890
vn -0.779720 -0.042369 -0.624694
vn -0.713575 -0.038775 -0.699505
vn -0.747614 -0.040625 -0.662890
vn -0.713575 -0.038775 -0.699505
vn -0.677801 -0.036831 -0.734322
vn -0.677816 -0.036831 -0.734308
vn -0.640311 -0.034793 -0.767327
vn -0.640311 -0.034793 -0.767327
vn -0.601272 -0.032672 -0.798376
vn -0.601287 -0.032673 -0.798365
vn -0.560634 -0.030464 -0.827503
vn -0.560634 -0.030464 -0.827503
vn -0.518712 -0.028186 -0.854484
vn -0.518712 -0.028186 -0.854484
vn -0.475422 -0.025834 -0.879378
vn -0.475435 -0.025834 -0.879372
vn -0.430931 -0.023416 -0.902081
vn -0.430920 -0.023416 -0.902087
vn -0.385437 -0.020944 -0.922496
vn -0.385426 -0.020943 -0.922501
vn -0.338904 -0.018415 -0.940641
vn -0.338914 -0.018416 -0.940637
vn -0.291586 -0.015844 -0.956414
vn -0.291586 -0.015844 -0.956414
vn -0.243478 -0.013230 -0.969816
vn -0.243478 -0.013230 -0.969816
vn -0.194817 -0.010586 -0.980783
vn -0.194817 -0.010586 -0.980783
vn -0.145614 -0.007912 -0.989310
vn -0.145613 -0.007912 -0.989310
vn -0.096099 -0.005222 -0.995358
vn -0.096099 -0.005222 -0.995358
vn -0.046342 -0.002518 -0.998922
vn -0.046342 -0.002518 -0.998923
vn 0.003537 0.000192 -0.999994
vn 0.003537 0.000192 -0.999994
vn 0.053475 0.002906 -0.998565
vn 0.053475 0.002906 -0.998565
vn 0.103172 0.005606 -0.994648
vn 0.103172 0.005606 -0.994648
vn 0.152687 0.008297 -0.988240
vn 0.152682 0.008297 -0.988240
vn 0.201779 0.010964 -0.979370
vn 0.201773 0.010964 -0.979371
vn 0.250364 0.013604 -0.968056
vn 0.250371 0.013605 -0.968054
vn 0.298413 0.016215 -0.954299
vn 0.345567 0.018778 -0.938206
vn 0.298413 0.016215 -0.954299
vn 0.391999 0.021300 -0.919719
vn 0.345557 0.018777 -0.938210
vn 0.392010 0.021301 -0.919714
vn 0.437331 0.023764 -0.898987
vn 0.481664 0.026173 -0.875965
vn 0.437331 0.023764 -0.898987
vn 0.524760 0.028514 -0.850773
vn 0.481651 0.026172 -0.875972
vn 0.524760 0.028514 -0.850773
vn 0.566529 0.030785 -0.823467
vn 0.606956 0.032981 -0.794051
vn 0.566543 0.030785 -0.823457
vn 0.606941 0.032980 -0.794062
vn 0.645744 0.035088 -0.762748
vn 0.645744 0.035088 -0.762747
vn 0.682999 0.037113 -0.729476
vn 0.718581 0.039046 -0.694346
vn 0.682999 0.037113 -0.729476
vn 0.752284 0.040878 -0.657570
vn 0.718597 0.039048 -0.694330
vn 0.784147 0.042610 -0.619110
vn 0.752284 0.040878 -0.657570
vn 0.814053 0.044234 -0.579103
vn 0.784133 0.042608 -0.619129
vn 0.814053 0.044234 -0.579103
vn 0.841947 0.045750 -0.537617
vn 0.841947 0.045750 -0.537617
vn 0.867698 0.047149 -0.494850
vn 0.867698 0.047149 -0.494850
vn 0.891288 0.048432 -0.450843
vn 0.891300 0.048431 -0.450819
vn -0.998527 -0.054259 -0.000000
vn -0.998527 -0.054259 -0.000000
vn 0.918672 0.049920 0.391854
vn 0.918661 0.049918 0.391880
vn 0.898083 0.048800 0.437110
vn 0.898083 0.048800 0.437110
vn 0.875222 0.047559 0.481378
vn 0.875209 0.047557 0.481402
vn 0.850211 0.046200 0.524411
vn 0.850211 0.046200 0.524411
vn 0.823093 0.044726 0.566143
vn 0.823093 0.044726 0.566143
vn 0.793947 0.043141 0.606455
vn 0.793961 0.043143 0.606436
vn 0.762814 0.041450 0.645289
vn 0.762814 0.041450 0.645288
vn 0.729783 0.039656 0.682528
vn 0.729768 0.039654 0.682544
vn 0.694956 0.037763 0.718060
vn 0.694956 0.037763 0.718060
vn 0.658411 0.035777 0.751807
vn 0.658411 0.035777 0.751807
vn 0.620176 0.033699 0.783739
vn 0.620191 0.033701 0.783727
vn 0.580508 0.031543 0.813643
vn 0.580508 0.031543 0.813644
vn 0.539331 0.029307 0.841584
vn 0.539317 0.029305 0.841593
vn 0.496809 0.026996 0.867440
vn 0.496809 0.026996 0.867440
vn 0.453093 0.024620 0.891123
vn 0.453105 0.024621 0.891117
vn 0.408248 0.022183 0.912601
vn 0.408248 0.022183 0.912601
vn 0.362400 0.019692 0.931815
vn 0.362400 0.019692 0.931815
vn 0.315600 0.017149 0.948737
vn 0.315591 0.017149 0.948740
vn 0.268036 0.014565 0.963299
vn 0.268036 0.014565 0.963299
vn 0.219883 0.011948 0.975453
vn 0.219883 0.011948 0.975453
vn 0.171048 0.009295 0.985219
vn 0.171043 0.009294 0.985220
vn 0.121902 0.006624 0.992520
vn 0.121906 0.006624 0.992520
vn 0.072458 0.003937 0.997364
vn 0.072458 0.003937 0.997364
vn 0.022704 0.001234 0.999741
vn 0.022704 0.001234 0.999742
vn -0.026928 -0.001463 0.999636
vn -0.026927 -0.001463 0.999636
vn -0.076616 -0.004163 0.997052
vn -0.076619 -0.004163 0.997052
vn -0.126128 -0.006854 0.991990
vn -0.126128 -0.006854 0.991990
vn -0.175205 -0.009520 0.984486
vn -0.175205 -0.009520 0.984486
vn -0.223980 -0.012171 0.974518
vn -0.223979 -0.012171 0.974518
vn -0.272083 -0.014784 0.962160
vn -0.272091 -0.014785 0.962158
vn -0.319628 -0.017368 0.947384
vn -0.319619 -0.017367 0.947387
vn -0.366263 -0.019902 0.930299
vn -0.366273 -0.019903 0.930295
vn -0.412096 -0.022392 0.910865
vn -0.412096 -0.022392 0.910865
vn -0.456846 -0.024825 0.889199
vn -0.456834 -0.024823 0.889206
vn -0.500480 -0.027196 0.865321
vn -0.500480 -0.027196 0.865321
vn -0.542871 -0.029499 0.839298
vn -0.542871 -0.029499 0.839298
vn -0.583931 -0.031730 0.811183
vn -0.583931 -0.031730 0.811183
vn -0.623468 -0.033878 0.781114
vn -0.623483 -0.033879 0.781102
vn -0.661587 -0.035949 0.749007
vn -0.661587 -0.035949 0.749007
vn -0.697981 -0.037928 0.715111
vn -0.697966 -0.037926 0.715126
vn -0.732630 -0.039809 0.679462
vn -0.732645 -0.039811 0.679446
vn -0.765529 -0.041597 0.642055
vn -0.765529 -0.041597 0.642055
vn -0.796495 -0.043280 0.603094
vn -0.796495 -0.043280 0.603094
vn -0.825461 -0.044854 0.562674
vn -0.825461 -0.044854 0.562674
vn -0.852410 -0.046318 0.520819
vn -0.852410 -0.046318 0.520819
vn -0.877260 -0.047668 0.477642
vn -0.877260 -0.047668 0.477642
vn -0.899896 -0.048898 0.433354
vn -0.899896 -0.048898 0.433354
vn -0.920319 -0.050008 0.387959
vn -0.920330 -0.050010 0.387933
vn -0.938481 -0.050996 0.341545
vn -0.938471 -0.050994 0.341572
vn -0.954278 -0.051853 0.294389
vn -0.954278 -0.051853 0.294389
vn -0.967731 -0.052584 0.246437
vn -0.967731 -0.052584 0.246437
vn -0.978782 -0.053185 0.197881
vn -0.978788 -0.053186 0.197852
vn -0.987405 -0.053655 0.148840
vn -0.987405 -0.053655 0.148840
vn -0.993579 -0.053990 0.099430
vn -0.993579 -0.053990 0.099430
vn -0.997289 -0.054192 0.049778
vn -0.997288 -0.054190 0.049809
vn -0.998527 -0.054258 0.000000
vn -0.998527 -0.054258 0.000000
vn -0.997288 -0.054190 -0.049809
vn -0.997289 -0.054192 -0.049778
vn -0.993579 -0.053990 -0.099430
vn -0.993579 -0.053990 -0.099430
vn -0.987405 -0.053655 -0.148840
vn -0.987405 -0.053655 -0.148840
vn -0.978782 -0.053186 -0.197881
vn -0.978788 -0.053185 -0.197852
vn -0.967731 -0.052584 -0.246437
vn -0.967731 -0.052584 -0.246437
vn -0.954278 -0.051853 -0.294389
vn -0.938471 -0.050994 -0.341572
vn -0.954278 -0.051853 -0.294389
vn -0.920330 -0.050010 -0.387933
vn -0.938481 -0.050996 -0.341545
vn -0.920319 -0.050008 -0.387959
vn -0.899896 -0.048898 -0.433354
vn -0.877260 -0.047668 -0.477642
vn -0.899896 -0.048898 -0.433354
vn -0.852410 -0.046318 -0.520819
vn -0.877260 -0.047668 -0.477642
vn -0.825481 -0.044855 -0.562645
vn -0.852410 -0.046318 -0.520819
vn -0.825481 -0.044855 -0.562645
vn -0.796473 -0.043279 -0.603123
vn -0.796473 -0.043279 -0.603123
vn -0.765529 -0.041597 -0.642055
vn -0.765529 -0.041597 -0.642055
vn -0.732630 -0.039809 -0.679462
vn -0.732645 -0.039811 -0.679446
vn -0.698012 -0.037929 -0.715080
vn -0.697997 -0.037928 -0.715095
vn -0.661552 -0.035947 -0.749037
vn -0.661552 -0.035947 -0.749037
vn -0.623505 -0.033880 -0.781085
vn -0.623520 -0.033881 -0.781073
vn -0.583891 -0.031728 -0.811212
vn -0.583891 -0.031728 -0.811212
vn -0.542871 -0.029499 -0.839298
vn -0.542871 -0.029499 -0.839298
vn -0.500480 -0.027196 -0.865321
vn -0.500480 -0.027196 -0.865321
vn -0.456895 -0.024827 -0.889174
vn -0.456882 -0.024826 -0.889181
vn -0.412045 -0.022390 -0.910888
vn -0.412045 -0.022390 -0.910888
vn -0.366316 -0.019905 -0.930278
vn -0.366326 -0.019906 -0.930274
vn -0.319573 -0.017365 -0.947403
vn -0.319564 -0.017364 -0.947406
vn -0.272140 -0.014787 -0.962144
vn -0.272148 -0.014788 -0.962142
vn -0.223921 -0.012168 -0.974531
vn -0.223921 -0.012168 -0.974531
vn -0.175264 -0.009524 -0.984475
vn -0.175264 -0.009524 -0.984475
vn -0.126067 -0.006850 -0.991998
vn -0.126067 -0.006850 -0.991998
vn -0.076619 -0.004163 -0.997052
vn -0.076616 -0.004163 -0.997052
vn -0.026988 -0.001466 -0.999635
vn -0.026989 -0.001467 -0.999635
vn 0.022765 0.001237 -0.999740
vn 0.022765 0.001237 -0.999740
vn 0.072397 0.003934 -0.997368
vn 0.121906 0.006624 -0.992520
vn 0.072397 0.003934 -0.997368
vn 0.171102 0.009297 -0.985209
vn 0.121902 0.006624 -0.992520
vn 0.219824 0.011945 -0.975466
vn 0.171108 0.009298 -0.985208
vn 0.268036 0.014565 -0.963299
vn 0.219824 0.011945 -0.975466
vn 0.315655 0.017152 -0.948719
vn 0.268036 0.014565 -0.963299
vn 0.362347 0.019689 -0.931835
vn 0.315646 0.017152 -0.948722
vn 0.408248 0.022183 -0.912601
vn 0.362347 0.019689 -0.931835
vn 0.408248 0.022183 -0.912601
vn 0.453093 0.024620 -0.891123
vn 0.496855 0.026999 -0.867414
vn 0.453105 0.024621 -0.891117
vn 0.539331 0.029307 -0.841584
vn 0.496855 0.026999 -0.867414
vn 0.580467 0.031541 -0.813672
vn 0.539317 0.029305 -0.841593
vn 0.620213 0.033701 -0.783709
vn 0.580467 0.031541 -0.813673
vn 0.658411 0.035777 -0.751807
vn 0.620228 0.033703 -0.783697
vn 0.694956 0.037763 -0.718060
vn 0.658411 0.035777 -0.751807
vn 0.729783 0.039656 -0.682528
vn 0.694956 0.037763 -0.718060
vn 0.762814 0.041450 -0.645289
vn 0.729768 0.039654 -0.682544
vn 0.793924 0.043140 -0.606485
vn 0.762814 0.041450 -0.645288
vn 0.823093 0.044726 -0.566143
vn 0.793939 0.043142 -0.606465
vn 0.850211 0.046200 -0.524411
vn 0.823093 0.044726 -0.566143
vn 0.875236 0.047559 -0.481353
vn 0.850211 0.046200 -0.524411
vn 0.898071 0.048799 -0.437135
vn 0.875223 0.047558 -0.481376
vn 0.918671 0.049918 -0.391858
vn 0.898071 0.048799 -0.437135
vn 0.918681 0.049920 -0.391832
vn -0.744432 0.667698 0.000000
vn -0.744432 0.667698 0.000000
vn -0.814269 -0.044246 -0.578798
vn -0.814270 -0.044246 -0.578798
vn -0.784361 -0.042621 -0.618839
vn -0.784361 -0.042621 -0.618839
vn -0.752518 -0.040891 -0.657301
vn -0.752521 -0.040891 -0.657297
vn -0.718764 -0.039056 -0.694156
vn -0.718760 -0.039056 -0.694160
vn -0.683258 -0.037127 -0.729233
vn -0.683258 -0.037127 -0.729233
vn -0.646013 -0.035103 -0.762519
vn -0.646013 -0.035103 -0.762519
vn -0.607135 -0.032991 -0.793913
vn -0.607135 -0.032991 -0.793913
vn -0.566809 -0.030800 -0.823274
vn -0.566812 -0.030800 -0.823271
vn -0.524997 -0.028528 -0.850626
vn -0.524997 -0.028528 -0.850626
vn -0.481895 -0.026186 -0.875838
vn -0.481895 -0.026186 -0.875838
vn -0.437627 -0.023780 -0.898842
vn -0.437624 -0.023780 -0.898844
vn -0.392208 -0.021312 -0.919630
vn -0.392211 -0.021312 -0.919629
vn -0.345871 -0.018794 -0.938094
vn -0.345869 -0.018794 -0.938095
vn -0.298620 -0.016227 -0.954234
vn -0.298620 -0.016227 -0.954234
vn -0.250639 -0.013619 -0.967985
vn -0.250639 -0.013619 -0.967985
vn -0.201988 -0.010976 -0.979327
vn -0.201988 -0.010976 -0.979327
vn -0.152967 -0.008312 -0.988196
vn -0.152967 -0.008312 -0.988196
vn -0.103401 -0.005619 -0.994624
vn -0.103401 -0.005619 -0.994624
vn -0.053652 -0.002915 -0.998555
vn -0.053652 -0.002915 -0.998555
vn -0.003780 -0.000205 -0.999993
vn -0.003780 -0.000205 -0.999993
vn 0.046153 0.002508 -0.998931
vn 0.046153 0.002508 -0.998931
vn 0.095902 0.005211 -0.995377
vn 0.095903 0.005211 -0.995377
vn 0.145409 0.007901 -0.989340
vn 0.145409 0.007901 -0.989340
vn 0.194609 0.010575 -0.980824
vn 0.194610 0.010575 -0.980824
vn 0.243324 0.013222 -0.969855
vn 0.243324 0.013222 -0.969855
vn 0.291425 0.015836 -0.956463
vn 0.291423 0.015836 -0.956463
vn 0.338738 0.018407 -0.940701
vn 0.338740 0.018407 -0.940700
vn 0.385257 0.020934 -0.922572
vn 0.385257 0.020934 -0.922572
vn 0.430801 0.023409 -0.902143
vn 0.430802 0.023409 -0.902143
vn 0.475301 0.025827 -0.879444
vn 0.475301 0.025827 -0.879444
vn 0.518586 0.028179 -0.854561
vn 0.518586 0.028179 -0.854561
vn 0.560546 0.030459 -0.827563
vn 0.560546 0.030459 -0.827563
vn 0.601142 0.032665 -0.798475
vn 0.601145 0.032665 -0.798472
vn 0.640228 0.034789 -0.767397
vn 0.677721 0.036826 -0.734396
vn 0.640228 0.034789 -0.767396
vn 0.677717 0.036826 -0.734400
vn 0.713509 0.038771 -0.699572
vn 0.747527 0.040619 -0.662988
vn 0.713509 0.038771 -0.699572
vn 0.779665 0.042366 -0.624762
vn 0.747527 0.040619 -0.662988
vn 0.809876 0.044007 -0.584948
vn 0.779665 0.042366 -0.624762
vn 0.838030 0.045537 -0.543721
vn 0.809876 0.044007 -0.584948
vn 0.838030 0.045537 -0.543721
vn 0.864129 0.046955 -0.501075
vn 0.888031 0.048254 -0.457243
vn 0.864129 0.046955 -0.501075
vn 0.909748 0.049434 -0.412207
vn 0.888031 0.048254 -0.457244
vn 0.929169 0.050490 -0.366191
vn 0.909748 0.049434 -0.412207
vn 0.946284 0.051420 -0.319223
vn 0.929171 0.050490 -0.366185
vn 0.961027 0.052221 -0.271479
vn 0.946281 0.051419 -0.319230
vn 0.961029 0.052221 -0.271472
vn 0.973374 0.052892 -0.223036
vn 0.983285 0.053430 -0.174057
vn 0.973373 0.052892 -0.223043
vn 0.990740 0.053835 -0.124644
vn 0.983285 0.053430 -0.174056
vn 0.990740 0.053835 -0.124644
vn 0.995721 0.054106 -0.074913
vn 0.995722 0.054106 -0.074906
vn 0.998215 0.054242 -0.024995
vn 0.998215 0.054241 -0.024988
vn 0.998215 0.054241 0.024994
vn 0.998215 0.054242 0.024986
vn 0.995721 0.054106 0.074913
vn 0.995722 0.054106 0.074906
vn 0.990740 0.053835 0.124644
vn 0.990740 0.053835 0.124644
vn 0.983285 0.053430 0.174057
vn 0.983285 0.053430 0.174056
vn 0.973370 0.052891 0.223056
vn 0.973371 0.052892 0.223049
vn 0.961027 0.052221 0.271479
vn 0.961029 0.052221 0.271472
vn 0.946284 0.051420 0.319223
vn 0.946281 0.051420 0.319230
vn 0.929179 0.050490 0.366164
vn 0.929177 0.050490 0.366171
vn 0.909738 0.049434 0.412229
vn 0.909738 0.049434 0.412230
vn 0.888044 0.048255 0.457219
vn 0.888044 0.048255 0.457219
vn 0.864114 0.046955 0.501101
vn 0.864114 0.046955 0.501101
vn 0.838048 0.045538 0.543693
vn 0.838048 0.045538 0.543693
vn 0.809855 0.044006 0.584977
vn 0.809855 0.044006 0.584977
vn 0.779689 0.042367 0.624732
vn 0.747527 0.040619 0.662988
vn 0.779689 0.042367 0.624732
vn 0.747527 0.040619 0.662988
vn 0.713509 0.038771 0.699572
vn 0.677721 0.036826 0.734396
vn 0.713509 0.038771 0.699572
vn 0.677717 0.036826 0.734400
vn 0.640228 0.034789 0.767396
vn 0.601142 0.032665 0.798475
vn 0.640229 0.034789 0.767396
vn 0.601145 0.032665 0.798472
vn 0.560546 0.030459 0.827563
vn 0.560546 0.030459 0.827563
vn 0.518586 0.028179 0.854561
vn 0.518586 0.028179 0.854561
vn 0.475254 0.025825 0.879470
vn 0.430851 0.023412 0.902119
vn 0.475254 0.025825 0.879470
vn 0.430851 0.023412 0.902119
vn 0.385257 0.020934 0.922572
vn 0.385257 0.020934 0.922572
vn 0.338740 0.018407 0.940700
vn 0.338738 0.018407 0.940701
vn 0.291423 0.015836 0.956463
vn 0.291425 0.015836 0.956463
vn 0.243266 0.013219 0.969869
vn 0.243266 0.013219 0.969869
vn 0.194667 0.010578 0.980812
vn 0.194669 0.010578 0.980812
vn 0.145409 0.007901 0.989340
vn 0.145409 0.007901 0.989340
vn 0.095903 0.005211 0.995377
vn 0.095902 0.005211 0.995377
vn 0.046153 0.002508 0.998931
vn 0.046153 0.002508 0.998931
vn -0.003780 -0.000205 0.999993
vn -0.003780 -0.000205 0.999993
vn -0.053713 -0.002919 0.998552
vn -0.053713 -0.002919 0.998552
vn -0.103401 -0.005619 0.994624
vn -0.103401 -0.005619 0.994624
vn -0.152908 -0.008309 0.988206
vn -0.152908 -0.008309 0.988206
vn -0.201988 -0.010976 0.979327
vn -0.201988 -0.010976 0.979327
vn -0.250639 -0.013619 0.967985
vn -0.250639 -0.013619 0.967985
vn -0.298620 -0.016227 0.954234
vn -0.298620 -0.016227 0.954234
vn -0.345871 -0.018794 0.938094
vn -0.345869 -0.018794 0.938095
vn -0.392208 -0.021312 0.919630
vn -0.392211 -0.021312 0.919629
vn -0.437624 -0.023780 0.898844
vn -0.437627 -0.023780 0.898842
vn -0.481895 -0.026186 0.875838
vn -0.481895 -0.026186 0.875838
vn -0.525042 -0.028530 0.850598
vn -0.525042 -0.028530 0.850598
vn -0.566767 -0.030797 0.823302
vn -0.566771 -0.030797 0.823300
vn -0.607174 -0.032993 0.793884
vn -0.607174 -0.032993 0.793884
vn -0.683226 -0.037125 0.729263
vn -0.646013 -0.035103 0.762519
vn -0.646013 -0.035103 0.762519
vn -0.683225 -0.037125 0.729263
vn -0.718793 -0.039058 0.694126
vn -0.752518 -0.040891 0.657302
vn -0.718790 -0.039058 0.694130
vn -0.784361 -0.042621 0.618839
vn -0.752521 -0.040891 0.657297
vn -0.784361 -0.042621 0.618839
vn -0.814249 -0.044245 0.578827
vn -0.814249 -0.044245 0.578827
vn 0.998527 0.054258 0.000000
vn 0.998527 0.054258 0.000000
vn -0.867957 -0.047163 -0.494395
vn -0.867957 -0.047163 -0.494395
vn -0.842209 -0.045765 -0.537206
vn -0.842212 -0.045764 -0.537200
vn -0.814357 -0.044251 -0.578675
vn -0.814354 -0.044251 -0.578680
vn -0.784444 -0.042626 -0.618733
vn -0.784448 -0.042626 -0.618728
vn -0.752608 -0.040896 -0.657198
vn -0.752604 -0.040896 -0.657202
vn -0.718883 -0.039063 -0.694033
vn -0.718886 -0.039063 -0.694029
vn -0.683349 -0.037132 -0.729147
vn -0.683346 -0.037132 -0.729150
vn -0.646142 -0.035110 -0.762409
vn -0.646142 -0.035110 -0.762409
vn -0.607265 -0.032998 -0.793814
vn -0.607266 -0.032998 -0.793813
vn -0.566905 -0.030805 -0.823207
vn -0.566905 -0.030805 -0.823207
vn -0.525092 -0.028533 -0.850567
vn -0.525092 -0.028533 -0.850567
vn -0.482042 -0.026193 -0.875757
vn -0.482042 -0.026193 -0.875757
vn -0.437722 -0.023785 -0.898796
vn -0.437722 -0.023785 -0.898796
vn -0.392308 -0.021317 -0.919587
vn -0.392308 -0.021317 -0.919587
vn -0.345971 -0.018800 -0.938057
vn -0.345971 -0.018800 -0.938057
vn -0.298725 -0.016232 -0.954201
vn -0.298725 -0.016232 -0.954201
vn -0.250745 -0.013625 -0.967957
vn -0.250745 -0.013625 -0.967957
vn -0.202155 -0.010985 -0.979292
vn -0.202155 -0.010985 -0.979292
vn -0.153020 -0.008315 -0.988188
vn -0.153020 -0.008315 -0.988188
vn -0.103517 -0.005625 -0.994612
vn -0.103517 -0.005625 -0.994612
vn -0.053770 -0.002922 -0.998549
vn -0.053770 -0.002922 -0.998549
vn -0.003841 -0.000209 -0.999993
vn -0.003841 -0.000209 -0.999993
vn 0.046028 0.002501 -0.998937
vn 0.046028 0.002501 -0.998937
vn 0.095775 0.005204 -0.995389
vn 0.095775 0.005204 -0.995389
vn 0.145398 0.007901 -0.989342
vn 0.145398 0.007901 -0.989342
vn 0.194537 0.010571 -0.980838
vn 0.194537 0.010571 -0.980838
vn 0.243189 0.013215 -0.969889
vn 0.243187 0.013214 -0.969889
vn 0.291343 0.015831 -0.956487
vn 0.291346 0.015831 -0.956487
vn 0.338660 0.018402 -0.940729
vn 0.338660 0.018402 -0.940729
vn 0.385227 0.020933 -0.922584
vn 0.385227 0.020933 -0.922584
vn 0.430769 0.023407 -0.902159
vn 0.430769 0.023407 -0.902159
vn 0.475216 0.025823 -0.879490
vn 0.475219 0.025823 -0.879489
vn 0.518504 0.028175 -0.854611
vn 0.518504 0.028175 -0.854611
vn 0.560507 0.030457 -0.827590
vn 0.560503 0.030457 -0.827592
vn 0.601101 0.032663 -0.798505
vn 0.601105 0.032663 -0.798502
vn 0.640191 0.034787 -0.767428
vn 0.640187 0.034787 -0.767431
vn 0.677679 0.036824 -0.734435
vn 0.677679 0.036824 -0.734435
vn 0.713471 0.038769 -0.699611
vn 0.713471 0.038769 -0.699611
vn 0.747516 0.040619 -0.663001
vn 0.747516 0.040619 -0.663001
vn 0.779628 0.042364 -0.624809
vn 0.779632 0.042364 -0.624804
vn 0.809847 0.044006 -0.584988
vn 0.809843 0.044006 -0.584993
vn 0.838016 0.045537 -0.543742
vn 0.838020 0.045537 -0.543736
vn 0.864106 0.046954 -0.501115
vn 0.864103 0.046954 -0.501121
vn 0.888035 0.048254 -0.457236
vn 0.888035 0.048254 -0.457236
vn 0.909728 0.049433 -0.412251
vn 0.909728 0.049433 -0.412251
vn 0.929164 0.050489 -0.366204
vn 0.929164 0.050489 -0.366203
vn 0.946276 0.051419 -0.319246
vn 0.946276 0.051419 -0.319246
vn 0.961025 0.052221 -0.271484
vn 0.961023 0.052221 -0.271491
vn 0.973368 0.052892 -0.223065
vn 0.973368 0.052892 -0.223065
vn 0.983282 0.053430 -0.174076
vn 0.983283 0.053430 -0.174068
vn 0.990739 0.053835 -0.124651
vn 0.990739 0.053835 -0.124651
vn 0.995721 0.054106 -0.074909
vn 0.995721 0.054106 -0.074909
vn 0.998215 0.054241 -0.024993
vn 0.998215 0.054241 -0.024992
vn 0.998215 0.054241 0.024993
vn 0.998215 0.054241 0.024992
vn 0.995721 0.054106 0.074913
vn 0.995721 0.054106 0.074914
vn 0.990740 0.053835 0.124644
vn 0.990740 0.053835 0.124644
vn 0.983280 0.053430 0.174086
vn 0.983281 0.053430 0.174079
vn 0.973371 0.052892 0.223052
vn 0.973371 0.052892 0.223052
vn 0.961019 0.052221 0.271507
vn 0.961021 0.052220 0.271500
vn 0.946276 0.051419 0.319246
vn 0.946276 0.051419 0.319246
vn 0.929172 0.050490 0.366183
vn 0.929172 0.050490 0.366183
vn 0.909728 0.049433 0.412251
vn 0.909728 0.049433 0.412251
vn 0.888023 0.048254 0.457261
vn 0.888023 0.048254 0.457261
vn 0.864106 0.046954 0.501115
vn 0.864103 0.046954 0.501121
vn 0.838016 0.045536 0.543742
vn 0.809847 0.044006 0.584988
vn 0.838020 0.045537 0.543736
vn 0.779652 0.042365 0.624779
vn 0.809843 0.044006 0.584993
vn 0.779655 0.042365 0.624774
vn 0.747489 0.040617 0.663031
vn 0.713471 0.038769 0.699611
vn 0.747489 0.040617 0.663031
vn 0.677679 0.036824 0.734435
vn 0.713471 0.038769 0.699611
vn 0.640227 0.034789 0.767398
vn 0.677679 0.036824 0.734435
vn 0.601062 0.032661 0.798534
vn 0.640223 0.034789 0.767401
vn 0.601066 0.032661 0.798532
vn 0.560549 0.030459 0.827561
vn 0.560545 0.030459 0.827564
vn 0.518504 0.028175 0.854611
vn 0.518504 0.028175 0.854611
vn 0.475216 0.025823 0.879490
vn 0.475219 0.025823 0.879489
vn 0.430769 0.023407 0.902159
vn 0.430769 0.023407 0.902159
vn 0.385175 0.020930 0.922606
vn 0.385175 0.020930 0.922606
vn 0.338660 0.018402 0.940729
vn 0.338660 0.018402 0.940729
vn 0.291346 0.015831 0.956487
vn 0.291343 0.015831 0.956487
vn 0.243247 0.013218 0.969874
vn 0.243245 0.013218 0.969875
vn 0.194537 0.010571 0.980838
vn 0.194537 0.010571 0.980838
vn 0.145338 0.007897 0.989350
vn 0.145338 0.007897 0.989350
vn 0.095836 0.005208 0.995384
vn 0.095835 0.005208 0.995384
vn 0.046028 0.002501 0.998937
vn 0.046028 0.002501 0.998937
vn -0.003902 -0.000212 0.999992
vn -0.003902 -0.000212 0.999992
vn -0.053770 -0.002922 0.998549
vn -0.053770 -0.002922 0.998549
vn -0.103517 -0.005625 0.994612
vn -0.103517 -0.005625 0.994612
vn -0.153020 -0.008315 0.988188
vn -0.153020 -0.008315 0.988188
vn -0.202097 -0.010982 0.979304
vn -0.202097 -0.010982 0.979304
vn -0.250745 -0.013625 0.967957
vn -0.250745 -0.013625 0.967957
vn -0.298725 -0.016232 0.954201
vn -0.298725 -0.016232 0.954201
vn -0.345971 -0.018800 0.938057
vn -0.345971 -0.018800 0.938057
vn -0.392360 -0.021320 0.919565
vn -0.392360 -0.021320 0.919565
vn -0.437722 -0.023785 0.898796
vn -0.437722 -0.023785 0.898796
vn -0.481995 -0.026191 0.875782
vn -0.525137 -0.028535 0.850539
vn -0.481995 -0.026191 0.875782
vn -0.566905 -0.030805 0.823207
vn -0.525137 -0.028535 0.850539
vn -0.566905 -0.030805 0.823207
vn -0.607265 -0.032998 0.793814
vn -0.646107 -0.035108 0.762439
vn -0.607265 -0.032998 0.793813
vn -0.683349 -0.037132 0.729147
vn -0.646106 -0.035108 0.762439
vn -0.683346 -0.037132 0.729150
vn -0.718883 -0.039063 0.694033
vn -0.718886 -0.039063 0.694029
vn -0.752608 -0.040896 0.657198
vn -0.752604 -0.040895 0.657202
vn -0.784468 -0.042627 0.618703
vn -0.814357 -0.044251 0.578675
vn -0.784472 -0.042627 0.618698
vn -0.842209 -0.045765 0.537206
vn -0.814354 -0.044251 0.578680
vn -0.867957 -0.047163 0.494395
vn -0.842212 -0.045764 0.537200
vn -0.867957 -0.047163 0.494395
vn 0.998527 0.054258 0.000000
vn 0.998527 0.054258 0.000000
vn -0.054258 0.998527 -0.000000
vn -0.054258 0.998527 0.000000
vn 0.667698 0.744432 0.000000
vn 0.667698 0.744432 0.000000
vn 0.038366 -0.706064 0.707108
vn 0.038367 -0.706066 0.707106
vn -0.038367 0.706066 0.707106
vn -0.038367 0.706065 0.707107
vn -0.998217 -0.054241 -0.024927
vn -0.998217 -0.054241 -0.024927
vn -0.995735 -0.054107 -0.074735
vn -0.995735 -0.054107 -0.074735
vn -0.990777 -0.053837 -0.124347
vn -0.990777 -0.053837 -0.124347
vn -0.983358 -0.053434 -0.173644
vn -0.983358 -0.053434 -0.173644
vn -0.973492 -0.052900 -0.222517
vn -0.973494 -0.052898 -0.222511
vn -0.961206 -0.052230 -0.270841
vn -0.961204 -0.052232 -0.270847
vn -0.946531 -0.051433 -0.318485
vn -0.946531 -0.051433 -0.318485
vn -0.929501 -0.050508 -0.365344
vn -0.929501 -0.050508 -0.365344
vn -0.910166 -0.049457 -0.411280
vn -0.910167 -0.049457 -0.411280
vn -0.888559 -0.048283 -0.456215
vn -0.888558 -0.048283 -0.456216
vn -0.864751 -0.046989 -0.499998
vn -0.864751 -0.046989 -0.499998
vn -0.838786 -0.045578 -0.542550
vn -0.838786 -0.045578 -0.542550
vn -0.810742 -0.044054 -0.583744
vn -0.810742 -0.044054 -0.583744
vn -0.780675 -0.042421 -0.623496
vn -0.780675 -0.042421 -0.623496
vn -0.748678 -0.040682 -0.661685
vn -0.748678 -0.040682 -0.661685
vn -0.714817 -0.038842 -0.698232
vn -0.714817 -0.038842 -0.698232
vn -0.679177 -0.036905 -0.733046
vn -0.679177 -0.036905 -0.733046
vn -0.641836 -0.034876 -0.766048
vn -0.641836 -0.034876 -0.766048
vn -0.602914 -0.032761 -0.797133
vn -0.562492 -0.030565 -0.826238
vn -0.602914 -0.032761 -0.797133
vn -0.520667 -0.028292 -0.853291
vn -0.562492 -0.030565 -0.826238
vn -0.520667 -0.028292 -0.853291
vn -0.477537 -0.025949 -0.878229
vn -0.477537 -0.025949 -0.878229
vn -0.433253 -0.023542 -0.900965
vn -0.433254 -0.023542 -0.900965
vn -0.387873 -0.021076 -0.921472
vn -0.387872 -0.021076 -0.921472
vn -0.341503 -0.018557 -0.939697
vn -0.341503 -0.018557 -0.939697
vn -0.294319 -0.015993 -0.955574
vn -0.294319 -0.015993 -0.955574
vn -0.246394 -0.013389 -0.969077
vn -0.246394 -0.013389 -0.969077
vn -0.197859 -0.010751 -0.980172
vn -0.197858 -0.010751 -0.980172
vn -0.148815 -0.008086 -0.988832
vn -0.148815 -0.008086 -0.988832
vn -0.099438 -0.005403 -0.995029
vn -0.099438 -0.005403 -0.995029
vn -0.049758 -0.002704 -0.998758
vn -0.049758 -0.002704 -0.998758
vn 0.000000 0.000000 -1.000000
vn 0.049757 0.002704 -0.998758
vn 0.000000 0.000000 -1.000000
vn 0.049757 0.002704 -0.998758
vn 0.099439 0.005403 -0.995029
vn 0.099439 0.005403 -0.995029
vn 0.148814 0.008086 -0.988832
vn 0.148814 0.008086 -0.988832
vn 0.197858 0.010751 -0.980172
vn 0.197859 0.010751 -0.980172
vn 0.246394 0.013389 -0.969077
vn 0.246394 0.013389 -0.969077
vn 0.294319 0.015993 -0.955574
vn 0.294319 0.015993 -0.955574
vn 0.341505 0.018557 -0.939697
vn 0.341505 0.018557 -0.939697
vn 0.387873 0.021076 -0.921472
vn 0.387872 0.021076 -0.921472
vn 0.433248 0.023542 -0.900967
vn 0.433249 0.023542 -0.900967
vn 0.477539 0.025949 -0.878227
vn 0.477539 0.025949 -0.878227
vn 0.520670 0.028292 -0.853289
vn 0.520670 0.028292 -0.853289
vn 0.562486 0.030565 -0.826242
vn 0.562486 0.030565 -0.826242
vn 0.602920 0.032762 -0.797128
vn 0.602920 0.032762 -0.797128
vn 0.641833 0.034876 -0.766051
vn 0.641833 0.034876 -0.766051
vn 0.679183 0.036906 -0.733040
vn 0.679183 0.036906 -0.733040
vn 0.714810 0.038842 -0.698239
vn 0.714810 0.038842 -0.698239
vn 0.748681 0.040682 -0.661681
vn 0.748681 0.040682 -0.661681
vn 0.780672 0.042420 -0.623500
vn 0.780672 0.042421 -0.623500
vn 0.810742 0.044054 -0.583744
vn 0.810742 0.044054 -0.583744
vn 0.838789 0.045579 -0.542545
vn 0.838789 0.045578 -0.542545
vn 0.864751 0.046989 -0.499998
vn 0.888558 0.048283 -0.456216
vn 0.864751 0.046989 -0.499998
vn 0.888559 0.048283 -0.456215
vn 0.910166 0.049457 -0.411280
vn 0.910166 0.049457 -0.411280
vn 0.929504 0.050508 -0.365338
vn 0.929504 0.050508 -0.365339
vn 0.946528 0.051433 -0.318497
vn 0.946528 0.051433 -0.318497
vn 0.961206 0.052230 -0.270841
vn 0.961206 0.052230 -0.270841
vn 0.973493 0.052898 -0.222518
vn 0.973493 0.052898 -0.222518
vn 0.983357 0.053434 -0.173650
vn 0.983357 0.053434 -0.173650
vn 0.990778 0.053837 -0.124341
vn 0.995735 0.054107 -0.074735
vn 0.990778 0.053837 -0.124341
vn 0.995735 0.054107 -0.074735
vn 0.998217 0.054241 -0.024927
vn 0.998217 0.054241 -0.024927
vn 0.998217 0.054241 0.024926
vn 0.998217 0.054241 0.024926
vn 0.995735 0.054107 0.074735
vn 0.995735 0.054107 0.074735
vn 0.990778 0.053837 0.124341
vn 0.990778 0.053837 0.124341
vn 0.983357 0.053434 0.173650
vn 0.983357 0.053434 0.173650
vn 0.973491 0.052898 0.222523
vn 0.973491 0.052898 0.222523
vn 0.961206 0.052230 0.270841
vn 0.961206 0.052230 0.270841
vn 0.946530 0.051433 0.318489
vn 0.946530 0.051433 0.318489
vn 0.929504 0.050508 0.365338
vn 0.929504 0.050508 0.365338
vn 0.910162 0.049457 0.411289
vn 0.910162 0.049457 0.411289
vn 0.888559 0.048283 0.456215
vn 0.888558 0.048283 0.456216
vn 0.864757 0.046989 0.499987
vn 0.864757 0.046990 0.499987
vn 0.838782 0.045578 0.542557
vn 0.838782 0.045578 0.542557
vn 0.810742 0.044054 0.583744
vn 0.810742 0.044054 0.583744
vn 0.780682 0.042421 0.623487
vn 0.780682 0.042421 0.623487
vn 0.748681 0.040682 0.661681
vn 0.748681 0.040682 0.661681
vn 0.714810 0.038842 0.698239
vn 0.714810 0.038842 0.698239
vn 0.679170 0.036905 0.733053
vn 0.679170 0.036905 0.733053
vn 0.641848 0.034877 0.766038
vn 0.641848 0.034877 0.766038
vn 0.602904 0.032761 0.797141
vn 0.602904 0.032761 0.797141
vn 0.562503 0.030566 0.826230
vn 0.562503 0.030566 0.826230
vn 0.520651 0.028291 0.853301
vn 0.477559 0.025950 0.878216
vn 0.520651 0.028291 0.853301
vn 0.477559 0.025950 0.878216
vn 0.433249 0.023542 0.900967
vn 0.387851 0.021075 0.921481
vn 0.433248 0.023542 0.900967
vn 0.387851 0.021075 0.921481
vn 0.341528 0.018558 0.939688
vn 0.341528 0.018558 0.939688
vn 0.294319 0.015993 0.955574
vn 0.294319 0.015993 0.955574
vn 0.246394 0.013389 0.969077
vn 0.246394 0.013389 0.969077
vn 0.197859 0.010751 0.980172
vn 0.197858 0.010751 0.980172
vn 0.148814 0.008086 0.988832
vn 0.148814 0.008086 0.988832
vn 0.099414 0.005402 0.995031
vn 0.099414 0.005402 0.995031
vn 0.049783 0.002705 0.998756
vn 0.049783 0.002705 0.998756
vn 0.000000 0.000000 1.000000
vn 0.000000 0.000000 1.000000
vn -0.049783 -0.002705 0.998756
vn -0.049783 -0.002705 0.998756
vn -0.099413 -0.005402 0.995032
vn -0.099413 -0.005402 0.995032
vn -0.148815 -0.008086 0.988832
vn -0.148815 -0.008086 0.988832
vn -0.197859 -0.010751 0.980172
vn -0.197858 -0.010751 0.980172
vn -0.246394 -0.013389 0.969077
vn -0.246394 -0.013389 0.969077
vn -0.294319 -0.015993 0.955574
vn -0.341526 -0.018558 0.939689
vn -0.294319 -0.015993 0.955574
vn -0.341526 -0.018558 0.939689
vn -0.387851 -0.021075 0.921481
vn -0.433253 -0.023542 0.900965
vn -0.387851 -0.021075 0.921481
vn -0.433254 -0.023542 0.900965
vn -0.477556 -0.025950 0.878218
vn -0.520648 -0.028291 0.853302
vn -0.477556 -0.025950 0.878218
vn -0.520648 -0.028291 0.853302
vn -0.562509 -0.030566 0.826226
vn -0.562509 -0.030566 0.826226
vn -0.602898 -0.032760 0.797145
vn -0.602898 -0.032761 0.797145
vn -0.641851 -0.034877 0.766035
vn -0.641851 -0.034877 0.766035
vn -0.679163 -0.036905 0.733059
vn -0.679163 -0.036905 0.733059
vn -0.714817 -0.038842 0.698232
vn -0.714817 -0.038842 0.698232
vn -0.748678 -0.040682 0.661685
vn -0.748678 -0.040682 0.661685
vn -0.780685 -0.042421 0.623483
vn -0.780685 -0.042421 0.623483
vn -0.810742 -0.044054 0.583744
vn -0.810742 -0.044054 0.583744
vn -0.838779 -0.045578 0.542561
vn -0.838779 -0.045578 0.542561
vn -0.864757 -0.046989 0.499987
vn -0.864757 -0.046989 0.499987
vn -0.888559 -0.048283 0.456215
vn -0.910162 -0.049457 0.411290
vn -0.888558 -0.048283 0.456216
vn -0.910162 -0.049457 0.411289
vn -0.929501 -0.050508 0.365344
vn -0.929501 -0.050508 0.365344
vn -0.946534 -0.051433 0.318477
vn -0.961206 -0.052230 0.270841
vn -0.946534 -0.051433 0.318477
vn -0.961204 -0.052232 0.270847
vn -0.973491 -0.052898 0.222523
vn -0.973493 -0.052900 0.222517
vn -0.983358 -0.053434 0.173644
vn -0.983358 -0.053434 0.173644
vn -0.990777 -0.053837 0.124347
vn -0.990777 -0.053837 0.124347
vn -0.995735 -0.054107 0.074735
vn -0.995735 -0.054107 0.074735
vn -0.998217 -0.054241 0.024926
vn -0.998217 -0.054241 0.024926
vn 0.054257 -0.998527 0.000001
vn 0.054248 -0.998528 0.000011
vn 0.054258 -0.998527 0.000001
vn 0.054265 -0.998527 -0.000006
vn 0.054261 -0.998527 -0.000002
vn 0.054258 -0.998527 0.000001
vn 0.054262 -0.998527 -0.000004
vn 0.054256 -0.998527 0.000002
vn 0.054256 -0.998527 0.000002
vn 0.054262 -0.998527 -0.000004
vn 0.054255 -0.998527 0.000005
vn 0.054254 -0.998527 0.000003
vn 0.054259 -0.998527 -0.000000
vn 0.054259 -0.998527 -0.000001
vn 0.054261 -0.998527 -0.000003
vn 0.054260 -0.998527 -0.000001
vn 0.054260 -0.998527 -0.000001
vn 0.054258 -0.998527 0.000001
vn 0.054258 -0.998527 0.000001
vn 0.054264 -0.998527 -0.000004
vn 0.054259 -0.998527 -0.000000
vn 0.054260 -0.998527 -0.000002
vn 0.054264 -0.998527 -0.000009
vn 0.054251 -0.998527 0.000004
vn 0.054258 -0.998527 -0.000000
vn 0.054254 -0.998527 0.000002
vn 0.054258 -0.998527 0.000001
vn 0.054257 -0.998527 0.000002
vn 0.054263 -0.998527 -0.000002
vn 0.054262 -0.998527 -0.000001
vn 0.054258 -0.998527 0.000001
vn 0.054260 -0.998527 -0.000003
vn 0.054257 -0.998527 0.000000
vn 0.054257 -0.998527 0.000000
vn 0.054257 -0.998527 0.000003
vn 0.054256 -0.998527 0.000007
vn 0.054262 -0.998527 -0.000001
vn 0.054256 -0.998527 0.000001
vn 0.054255 -0.998527 0.000009
vn 0.054258 -0.998527 -0.000000
vn 0.054257 -0.998527 0.000001
vn 0.054263 -0.998527 -0.000001
vn 0.054262 -0.998527 -0.000013
vn 0.054259 -0.998527 -0.000002
vn 0.054260 -0.998527 -0.000000
vn 0.054256 -0.998527 0.000001
vn 0.054259 -0.998527 -0.000001
vn 0.054257 -0.998527 0.000005
vn 0.054248 -0.998528 0.000002
vn 0.054262 -0.998527 -0.000001
vn 0.054260 -0.998527 -0.000007
vn 0.054258 -0.998527 0.000001
vn 0.054275 -0.998526 -0.000002
vn 0.054258 -0.998527 0.000000
vn 0.054257 -0.998527 0.000013
vn 0.054258 -0.998527 0.000000
vn 0.054245 -0.998528 0.000001
vn 0.054259 -0.998527 -0.000000
vn 0.054258 -0.998527 -0.000000
vn 0.054258 -0.998527 0.000001
vn 0.054272 -0.998526 -0.000001
vn 0.054255 -0.998527 0.000000
vn 0.054258 -0.998527 -0.000005
vn 0.054258 -0.998527 -0.000001
vn 0.054242 -0.998528 -0.000000
vn 0.054260 -0.998527 -0.000000
vn 0.054258 -0.998527 0.000005
vn 0.054258 -0.998527 -0.000001
vn 0.054258 -0.998527 -0.000000
vn 0.054272 -0.998526 0.000001
vn 0.054257 -0.998527 0.000000
vn 0.054259 -0.998527 0.000000
vn 0.054259 -0.998527 0.000001
vn 0.054244 -0.998528 -0.000002
vn 0.054263 -0.998527 0.000000
vn 0.054256 -0.998527 -0.000013
vn 0.054258 -0.998527 0.000002
vn 0.054274 -0.998526 0.000002
vn 0.054254 -0.998527 -0.000001
vn 0.054260 -0.998527 0.000007
vn 0.054258 -0.998527 0.000000
vn 0.054249 -0.998527 -0.000002
vn 0.054257 -0.998527 -0.000000
vn 0.054257 -0.998527 -0.000005
vn 0.054257 -0.998527 -0.000003
vn 0.054262 -0.998527 0.000001
vn 0.054257 -0.998527 -0.000000
vn 0.054263 -0.998527 0.000013
vn 0.054258 -0.998527 -0.000001
vn 0.054257 -0.998527 -0.000001
vn 0.054261 -0.998527 0.000001
vn 0.054258 -0.998527 -0.000001
vn 0.054255 -0.998527 -0.000009
vn 0.054257 -0.998527 -0.000000
vn 0.054263 -0.998527 0.000002
vn 0.054255 -0.998527 -0.000007
vn 0.054259 -0.998527 0.000002
vn 0.054261 -0.998527 0.000001
vn 0.054257 -0.998527 -0.000000
vn 0.054260 -0.998527 0.000003
vn 0.054258 -0.998527 -0.000001
vn 0.054258 -0.998527 -0.000000
vn 0.054261 -0.998527 0.000001
vn 0.054260 -0.998527 0.000004
vn 0.054257 -0.998527 -0.000002
vn 0.054259 -0.998527 0.000000
vn 0.054252 -0.998527 -0.000003
vn 0.054255 -0.998527 -0.000005
vn 0.054264 -0.998527 0.000009
vn 0.054255 -0.998527 -0.000002
vn 0.054264 -0.998527 0.000003
vn 0.054262 -0.998527 0.000004
vn 0.054258 -0.998527 -0.000001
vn 0.054263 -0.998527 0.000004
vn 0.054261 -0.998527 0.000002
vn 0.054258 -0.998527 -0.000001
vn 0.054259 -0.998527 0.000001
vn 0.054257 -0.998527 -0.000002
vn 0.054260 -0.998527 0.000001
vn 0.054254 -0.998527 -0.000003
vn 0.054262 -0.998527 0.000004
vn 0.054257 -0.998527 -0.000002
vn 0.054256 -0.998527 -0.000002
vn 0.054258 -0.998527 -0.000001
vn 0.054257 -0.998527 -0.000001
vn 0.054265 -0.998527 0.000007
vn 0.054247 -0.998528 -0.000010
vn 0.054261 -0.998527 0.000002
vn 0.054257 -0.998527 -0.000001
vn 0.054248 -0.998527 -0.000012
vn 0.054256 -0.998527 -0.000002
vn 0.054256 -0.998527 -0.000002
vn 0.054265 -0.998527 0.000006
vn 0.054258 -0.998527 -0.000001
vn 0.054257 -0.998527 -0.000002
vn 0.054259 -0.998527 0.000000
vn 0.054254 -0.998527 -0.000003
vn 0.054259 -0.998527 0.000000
vn 0.054262 -0.998527 0.000004
vn 0.054260 -0.998527 0.000001
vn 0.054260 -0.998527 0.000001
vn 0.054259 -0.998527 0.000000
vn 0.054261 -0.998527 0.000003
vn 0.054259 -0.998527 0.000001
vn 0.054265 -0.998527 0.000004
vn 0.054258 -0.998527 -0.000002
vn 0.054258 -0.998527 -0.000001
vn 0.054251 -0.998527 -0.000004
vn 0.054258 -0.998527 -0.000000
vn 0.054263 -0.998527 0.000010
vn 0.054257 -0.998527 -0.000003
vn 0.054254 -0.998527 -0.000002
vn 0.054262 -0.998527 0.000002
vn 0.054257 -0.998527 -0.000003
vn 0.054260 -0.998527 0.000005
vn 0.054263 -0.998527 0.000002
vn 0.054257 -0.998527 -0.000000
vn 0.054258 -0.998527 -0.000001
vn 0.054260 -0.998527 0.000003
vn 0.054257 -0.998527 -0.000000
vn 0.054262 -0.998527 0.000002
vn 0.054256 -0.998527 -0.000007
vn 0.054257 -0.998527 -0.000002
vn 0.054263 -0.998527 0.000001
vn 0.054256 -0.998527 -0.000001
vn 0.054258 -0.998527 0.000000
vn 0.054256 -0.998527 -0.000008
vn 0.054256 -0.998527 -0.000001
vn 0.054257 -0.998527 -0.000001
vn 0.054259 -0.998527 0.000002
vn 0.054261 -0.998527 0.000011
vn 0.054248 -0.998527 -0.000002
vn 0.054260 -0.998527 0.000000
vn 0.054259 -0.998527 0.000001
vn 0.054258 -0.998527 -0.000005
vn 0.054275 -0.998526 0.000003
vn 0.054262 -0.998527 0.000001
vn 0.054259 -0.998527 0.000008
vn 0.054258 -0.998527 -0.000002
vn 0.054258 -0.998527 -0.000000
vn 0.054245 -0.998528 -0.000001
vn 0.054258 -0.998527 -0.000000
vn 0.054258 -0.998527 -0.000015
vn 0.054259 -0.998527 0.000001
vn 0.054272 -0.998526 0.000001
vn 0.054259 -0.998527 0.000000
vn 0.054259 -0.998527 0.000005
vn 0.054259 -0.998527 -0.000001
vn 0.054255 -0.998527 -0.000000
vn 0.054242 -0.998528 0.000000
vn 0.054258 -0.998527 0.000001
vn 0.054259 -0.998527 -0.000005
vn 0.054272 -0.998526 -0.000001
vn 0.054260 -0.998527 0.000000
vn 0.054259 -0.998527 -0.000002
vn 0.054259 -0.998527 0.000000
vn 0.054244 -0.998528 0.000002
vn 0.054257 -0.998527 -0.000000
vn 0.054257 -0.998527 0.000015
vn 0.054259 -0.998527 0.000002
vn 0.054274 -0.998526 -0.000002
vn 0.054263 -0.998527 -0.000000
vn 0.054260 -0.998527 -0.000008
vn 0.054259 -0.998527 -0.000001
vn 0.054254 -0.998527 0.000001
vn 0.054249 -0.998527 0.000002
vn 0.054259 -0.998527 -0.000002
vn 0.054257 -0.998527 0.000005
vn 0.054257 -0.998527 0.000000
vn 0.054257 -0.998527 0.000000
vn 0.054258 -0.998527 -0.000000
vn 0.054262 -0.998527 -0.000011
vn 0.054262 -0.998527 -0.000001
vn 0.054261 -0.998527 -0.000001
vn 0.054256 -0.998527 0.000008
vn 0.054258 -0.998527 0.000003
vn 0.054257 -0.998527 0.000001
vn 0.054263 -0.998527 -0.000002
vn 0.054258 -0.998527 0.000002
vn 0.054256 -0.998527 0.000007
vn 0.054257 -0.998527 0.000000
vn 0.054257 -0.998527 0.000000
vn 0.054260 -0.998527 -0.000003
vn 0.054260 -0.998527 -0.000005
vn 0.054261 -0.998527 -0.000001
vn 0.054252 -0.998527 0.000003
vn 0.054261 -0.998527 -0.000001
vn 0.054257 -0.998527 0.000003
vn 0.054257 -0.998527 0.000003
vn 0.054258 -0.998527 0.000000
vn 0.054264 -0.998527 -0.000003
vn 0.054258 -0.998527 0.000001
vn 0.054264 -0.998527 -0.000010
vn 0.054259 -0.998527 -0.000000
vn 0.054261 -0.998527 -0.000002
vn 0.054261 -0.998527 -0.000003
vn 0.054258 -0.998527 0.000001
vn 0.054255 -0.998527 0.000002
vn 0.054254 -0.998527 0.000003
vn 0.054259 -0.998527 -0.000001
vn 0.054259 -0.998527 -0.000001
vn 0.054263 -0.998527 -0.000004
vn 0.054256 -0.998527 0.000002
vn 0.054258 -0.998527 0.000001
vn 0.054262 -0.998527 -0.000004
vn 0.054266 -0.998527 -0.000007
vn 0.054257 -0.998527 0.000002
vn 0.054257 -0.998527 0.000002
vn 0.054258 -0.998527 0.000001
vn 0.054248 -0.998528 0.000011
vn 0.054260 -0.998527 -0.000002
vn 0.054258 -0.998527 0.000001
vn -0.998216 -0.054241 -0.024941
vn -0.998216 -0.054241 -0.024941
vn -0.995737 -0.054107 -0.074700
vn -0.990774 -0.053837 -0.124374
vn -0.995737 -0.054107 -0.074700
vn -0.990776 -0.053838 -0.124356
vn -0.983361 -0.053434 -0.173624
vn -0.973495 -0.052898 -0.222506
vn -0.983358 -0.053435 -0.173642
vn -0.961197 -0.052230 -0.270872
vn -0.973495 -0.052898 -0.222506
vn -0.961197 -0.052230 -0.270872
vn -0.946535 -0.051433 -0.318473
vn -0.946535 -0.051433 -0.318473
vn -0.929504 -0.050508 -0.365337
vn -0.910160 -0.049457 -0.411295
vn -0.929511 -0.050508 -0.365321
vn -0.910152 -0.049456 -0.411311
vn -0.888556 -0.048283 -0.456221
vn -0.888556 -0.048283 -0.456221
vn -0.864757 -0.046990 -0.499987
vn -0.864757 -0.046990 -0.499987
vn -0.838795 -0.045579 -0.542536
vn -0.838795 -0.045579 -0.542536
vn -0.810725 -0.044053 -0.583768
vn -0.810725 -0.044053 -0.583768
vn -0.780705 -0.042422 -0.623459
vn -0.780705 -0.042422 -0.623459
vn -0.748660 -0.040681 -0.661705
vn -0.748660 -0.040681 -0.661705
vn -0.714808 -0.038841 -0.698242
vn -0.714808 -0.038841 -0.698242
vn -0.679162 -0.036905 -0.733060
vn -0.679162 -0.036905 -0.733060
vn -0.641845 -0.034877 -0.766041
vn -0.641845 -0.034877 -0.766041
vn -0.602907 -0.032761 -0.797138
vn -0.602907 -0.032761 -0.797138
vn -0.562495 -0.030565 -0.826236
vn -0.562495 -0.030565 -0.826236
vn -0.520674 -0.028293 -0.853287
vn -0.520683 -0.028293 -0.853281
vn -0.477545 -0.025949 -0.878224
vn -0.433233 -0.023541 -0.900975
vn -0.477537 -0.025949 -0.878228
vn -0.433233 -0.023541 -0.900975
vn -0.387909 -0.021079 -0.921457
vn -0.341489 -0.018556 -0.939703
vn -0.387916 -0.021079 -0.921454
vn -0.341483 -0.018556 -0.939705
vn -0.294331 -0.015994 -0.955570
vn -0.294336 -0.015994 -0.955568
vn -0.246375 -0.013388 -0.969082
vn -0.197864 -0.010752 -0.980171
vn -0.246370 -0.013388 -0.969083
vn -0.197864 -0.010752 -0.980171
vn -0.148812 -0.008086 -0.988832
vn -0.148812 -0.008086 -0.988832
vn -0.099462 -0.005405 -0.995027
vn -0.049733 -0.002702 -0.998759
vn -0.099462 -0.005405 -0.995027
vn -0.049733 -0.002702 -0.998759
vn 0.000000 0.000000 -1.000000
vn 0.049733 0.002702 -0.998759
vn 0.000000 0.000000 -1.000000
vn 0.049733 0.002702 -0.998759
vn 0.099464 0.005405 -0.995027
vn 0.148815 0.008086 -0.988832
vn 0.099464 0.005405 -0.995027
vn 0.148815 0.008086 -0.988832
vn 0.197860 0.010751 -0.980171
vn 0.197860 0.010751 -0.980171
vn 0.246366 0.013387 -0.969084
vn 0.246366 0.013387 -0.969084
vn 0.294347 0.015994 -0.955565
vn 0.294347 0.015994 -0.955565
vn 0.341477 0.018555 -0.939707
vn 0.341477 0.018555 -0.939707
vn 0.387916 0.021079 -0.921454
vn 0.387916 0.021079 -0.921454
vn 0.433240 0.023542 -0.900971
vn 0.433233 0.023541 -0.900975
vn 0.477529 0.025948 -0.878233
vn 0.477537 0.025949 -0.878228
vn 0.520691 0.028294 -0.853276
vn 0.520691 0.028294 -0.853276
vn 0.562486 0.030565 -0.826242
vn 0.562477 0.030564 -0.826248
vn 0.602916 0.032762 -0.797131
vn 0.602907 0.032761 -0.797138
vn 0.641845 0.034877 -0.766041
vn 0.641845 0.034877 -0.766041
vn 0.679153 0.036904 -0.733068
vn 0.679153 0.036904 -0.733069
vn 0.714808 0.038841 -0.698242
vn 0.714807 0.038841 -0.698242
vn 0.748670 0.040682 -0.661694
vn 0.748670 0.040681 -0.661694
vn 0.780705 0.042422 -0.623459
vn 0.780705 0.042422 -0.623459
vn 0.810725 0.044053 -0.583768
vn 0.810725 0.044053 -0.583768
vn 0.838795 0.045579 -0.542536
vn 0.838795 0.045579 -0.542536
vn 0.864749 0.046989 -0.500002
vn 0.864749 0.046989 -0.500002
vn 0.888556 0.048283 -0.456221
vn 0.888564 0.048283 -0.456206
vn 0.910160 0.049457 -0.411294
vn 0.910152 0.049457 -0.411311
vn 0.929510 0.050508 -0.365321
vn 0.946530 0.051433 -0.318491
vn 0.929511 0.050508 -0.365321
vn 0.946530 0.051433 -0.318491
vn 0.961207 0.052230 -0.270837
vn 0.961207 0.052230 -0.270837
vn 0.973495 0.052898 -0.222506
vn 0.983355 0.053434 -0.173661
vn 0.973495 0.052898 -0.222506
vn 0.990778 0.053837 -0.124337
vn 0.983355 0.053434 -0.173661
vn 0.990778 0.053837 -0.124337
vn 0.995736 0.054107 -0.074719
vn 0.995736 0.054107 -0.074719
vn 0.998216 0.054241 -0.024941
vn 0.998216 0.054242 -0.024960
vn 0.998216 0.054242 0.024939
vn 0.998216 0.054241 0.024958
vn 0.995735 0.054107 0.074724
vn 0.995735 0.054107 0.074724
vn 0.990780 0.053837 0.124327
vn 0.990780 0.053837 0.124327
vn 0.983355 0.053434 0.173661
vn 0.983355 0.053434 0.173661
vn 0.973491 0.052898 0.222523
vn 0.973491 0.052898 0.222523
vn 0.961213 0.052231 0.270817
vn 0.961213 0.052231 0.270817
vn 0.946530 0.051433 0.318491
vn 0.946530 0.051433 0.318491
vn 0.929500 0.050508 0.365347
vn 0.929500 0.050508 0.365347
vn 0.910153 0.049456 0.411311
vn 0.910160 0.049457 0.411294
vn 0.888579 0.048285 0.456175
vn 0.888572 0.048284 0.456190
vn 0.864730 0.046988 0.500035
vn 0.864730 0.046988 0.500035
vn 0.838795 0.045579 0.542536
vn 0.838795 0.045579 0.542536
vn 0.810751 0.044055 0.583732
vn 0.810751 0.044055 0.583732
vn 0.780675 0.042421 0.623496
vn 0.780675 0.042421 0.623496
vn 0.748703 0.040683 0.661656
vn 0.748703 0.040683 0.661656
vn 0.714808 0.038841 0.698242
vn 0.714807 0.038841 0.698242
vn 0.679153 0.036904 0.733069
vn 0.679153 0.036904 0.733068
vn 0.641845 0.034877 0.766041
vn 0.641845 0.034877 0.766041
vn 0.602917 0.032762 0.797131
vn 0.602907 0.032761 0.797138
vn 0.562477 0.030564 0.826248
vn 0.562486 0.030565 0.826242
vn 0.520691 0.028294 0.853276
vn 0.477537 0.025949 0.878228
vn 0.520691 0.028294 0.853276
vn 0.433233 0.023541 0.900975
vn 0.477529 0.025948 0.878233
vn 0.433240 0.023542 0.900971
vn 0.387851 0.021075 0.921481
vn 0.387851 0.021075 0.921481
vn 0.341544 0.018559 0.939683
vn 0.341544 0.018559 0.939683
vn 0.294347 0.015994 0.955565
vn 0.294347 0.015994 0.955565
vn 0.246366 0.013387 0.969084
vn 0.246366 0.013387 0.969084
vn 0.197860 0.010751 0.980171
vn 0.197860 0.010751 0.980171
vn 0.148815 0.008086 0.988832
vn 0.148815 0.008086 0.988832
vn 0.099388 0.005401 0.995034
vn 0.099388 0.005401 0.995034
vn 0.049809 0.002707 0.998755
vn 0.049809 0.002707 0.998755
vn 0.000000 0.000000 1.000000
vn 0.000000 0.000000 1.000000
vn -0.049809 -0.002707 0.998755
vn -0.049809 -0.002707 0.998755
vn -0.099386 -0.005400 0.995034
vn -0.099386 -0.005400 0.995034
vn -0.148812 -0.008086 0.988832
vn -0.148812 -0.008086 0.988832
vn -0.197864 -0.010752 0.980171
vn -0.197864 -0.010752 0.980171
vn -0.246375 -0.013388 0.969082
vn -0.246370 -0.013387 0.969083
vn -0.294331 -0.015993 0.955570
vn -0.294336 -0.015994 0.955568
vn -0.341556 -0.018560 0.939678
vn -0.341550 -0.018559 0.939680
vn -0.387844 -0.021075 0.921484
vn -0.387851 -0.021075 0.921481
vn -0.433233 -0.023541 0.900975
vn -0.433233 -0.023541 0.900975
vn -0.477545 -0.025949 0.878224
vn -0.477537 -0.025949 0.878228
vn -0.520674 -0.028293 0.853287
vn -0.520683 -0.028293 0.853281
vn -0.562495 -0.030565 0.826236
vn -0.602907 -0.032761 0.797138
vn -0.562495 -0.030565 0.826236
vn -0.602907 -0.032761 0.797138
vn -0.641845 -0.034877 0.766041
vn -0.679162 -0.036905 0.733060
vn -0.641845 -0.034877 0.766041
vn -0.679162 -0.036905 0.733060
vn -0.714808 -0.038841 0.698242
vn -0.714808 -0.038841 0.698242
vn -0.748694 -0.040683 0.661667
vn -0.748694 -0.040683 0.661667
vn -0.780675 -0.042421 0.623496
vn -0.780675 -0.042421 0.623496
vn -0.810751 -0.044055 0.583732
vn -0.810751 -0.044055 0.583732
vn -0.838795 -0.045579 0.542536
vn -0.838795 -0.045579 0.542536
vn -0.864738 -0.046988 0.500021
vn -0.864738 -0.046988 0.500021
vn -0.888572 -0.048284 0.456190
vn -0.888572 -0.048284 0.456190
vn -0.910160 -0.049457 0.411295
vn -0.910152 -0.049456 0.411311
vn -0.929494 -0.050507 0.365363
vn -0.929500 -0.050508 0.365347
vn -0.946535 -0.051433 0.318473
vn -0.946535 -0.051433 0.318473
vn -0.961203 -0.052230 0.270852
vn -0.961203 -0.052230 0.270852
vn -0.973491 -0.052898 0.222523
vn -0.973491 -0.052898 0.222523
vn -0.983361 -0.053435 0.173624
vn -0.983358 -0.053434 0.173642
vn -0.990775 -0.053837 0.124365
vn -0.990777 -0.053838 0.124346
vn -0.995737 -0.054107 0.074705
vn -0.995737 -0.054107 0.074705
vn -0.998216 -0.054241 0.024939
vn -0.998216 -0.054241 0.024939
vn 0.054323 -0.998523 0.000093
vn 0.054328 -0.998523 0.000100
vn 0.054307 -0.998524 0.000068
vn 0.054284 -0.998526 0.000035
vn 0.054228 -0.998529 -0.000069
vn 0.054277 -0.998526 0.000040
vn 0.054294 -0.998525 0.000080
vn 0.054650 -0.998506 0.000141
vn 0.054252 -0.998527 -0.000040
vn 0.054275 -0.998526 0.000078
vn 0.054224 -0.998529 -0.000212
vn 0.054259 -0.998527 -0.000001
vn 0.054193 -0.998531 -0.000005
vn 0.054049 -0.998538 -0.000013
vn 0.054359 -0.998521 0.000011
vn 0.054225 -0.998529 -0.000003
vn 0.054358 -0.998522 0.000014
vn 0.054190 -0.998531 -0.000015
vn 0.054247 -0.998528 -0.000002
vn 0.054299 -0.998525 0.000011
vn 0.054253 -0.998527 -0.000002
vn 0.054261 -0.998527 0.000001
vn 0.054193 -0.998531 0.000005
vn 0.054301 -0.998524 -0.000579
vn 0.054615 -0.998507 -0.000086
vn 0.054225 -0.998529 0.000013
vn 0.054444 -0.998517 -0.000037
vn 0.054270 -0.998526 0.000002
vn 0.054256 -0.998527 -0.000000
vn 0.054261 -0.998527 0.000001
vn 0.054266 -0.998527 0.000002
vn 0.054248 -0.998527 0.000003
vn 0.054237 -0.998528 0.000077
vn 0.054232 -0.998528 0.000083
vn 0.054289 -0.998525 -0.000078
vn 0.054251 -0.998527 0.000026
vn 0.053780 -0.998553 0.000201
vn 0.054257 -0.998527 0.000011
vn 0.054251 -0.998527 0.000022
vn 0.054242 -0.998528 0.000070
vn 0.054288 -0.998525 -0.000088
vn 0.054505 -0.998513 -0.000130
vn 0.054333 -0.998523 -0.000035
vn 0.054304 -0.998524 -0.000021
vn 0.054146 -0.998533 0.000194
vn 0.054295 -0.998525 -0.000026
vn 0.054360 -0.998521 -0.000144
vn 0.054323 -0.998523 -0.000045
vn 0.054271 -0.998526 -0.000020
vn 0.054264 -0.998527 -0.000011
vn 0.054215 -0.998529 0.000061
vn 0.054334 -0.998523 -0.000069
vn 0.054062 -0.998538 0.000170
vn 0.054287 -0.998525 -0.000038
vn 0.054236 -0.998528 0.000022
vn 0.054217 -0.998529 0.000040
vn 0.054309 -0.998524 -0.000069
vn 0.054330 -0.998523 -0.000103
vn 0.054181 -0.998531 0.000128
vn 0.054284 -0.998526 -0.000014
vn 0.054247 -0.998528 0.000009
vn 0.054194 -0.998530 0.000040
vn 0.054523 -0.998513 -0.000140
vn 0.054297 -0.998525 -0.000096
vn 0.054420 -0.998518 -0.000068
vn 0.054248 -0.998527 -0.000005
vn 0.054254 -0.998527 0.000002
vn 0.054287 -0.998525 -0.000016
vn 0.054258 -0.998527 -0.000000
vn 0.054260 -0.998527 -0.000002
vn 0.054256 -0.998527 0.000004
vn 0.054261 -0.998527 0.000000
vn 0.054256 -0.998527 0.000000
vn 0.054267 -0.998526 -0.000014
vn 0.054265 -0.998527 -0.000010
vn 0.054278 -0.998526 -0.000046
vn 0.054258 -0.998527 0.000000
vn 0.054261 -0.998527 0.000000
vn 0.054245 -0.998528 -0.000001
vn 0.054273 -0.998526 0.000002
vn 0.054574 -0.998510 -0.000077
vn 0.054222 -0.998529 0.000230
vn 0.054008 -0.998541 0.000016
vn 0.054193 -0.998531 0.000006
vn 0.054259 -0.998527 -0.000070
vn 0.054242 -0.998528 0.000608
vn 0.054275 -0.998526 -0.000004
vn 0.054256 -0.998527 -0.000028
vn 0.054301 -0.998524 0.000577
vn 0.054206 -0.998530 -0.000005
vn 0.054492 -0.998514 0.000045
vn 0.053987 -0.998542 -0.000057
vn 0.054256 -0.998527 -0.000022
vn 0.054214 -0.998529 -0.000171
vn 0.054316 -0.998524 0.000275
vn 0.054259 -0.998527 0.000040
vn 0.054368 -0.998521 0.000019
vn 0.054258 -0.998527 -0.000009
vn 0.054202 -0.998530 -0.000010
vn 0.054219 -0.998529 -0.000088
vn 0.054375 -0.998521 0.000055
vn 0.054248 -0.998527 -0.000003
vn 0.054253 -0.998527 -0.000008
vn 0.054523 -0.998513 0.000140
vn 0.054285 -0.998525 0.000005
vn 0.054267 -0.998527 0.000003
vn 0.054267 -0.998526 0.000001
vn 0.054146 -0.998533 -0.000194
vn 0.054261 -0.998527 0.000005
vn 0.054360 -0.998521 0.000144
vn 0.054262 -0.998527 0.000007
vn 0.054309 -0.998524 0.000035
vn 0.054336 -0.998523 0.000055
vn 0.054276 -0.998526 0.000030
vn 0.054265 -0.998527 0.000013
vn 0.054228 -0.998529 -0.000024
vn 0.054258 -0.998527 0.000000
vn 0.054257 -0.998527 -0.000006
vn 0.054258 -0.998527 -0.000003
vn 0.054158 -0.998532 -0.000077
vn 0.054236 -0.998528 -0.000039
vn 0.054254 -0.998527 -0.000000
vn 0.054257 -0.998527 0.000000
vn 0.054259 -0.998527 -0.000000
f 1//1 2//1 3//1
f 1//2 3//2 4//2
f 5//3 1//3 6//3
f 5//4 2//4 1//4
f 7//5 8//5 9//5
f 7//6 9//6 2//6
f 7//7 2//7 5//7
f 10//8 7//8 5//8
f 11//9 5//9 12//9
f 11//10 10//10 5//10
f 13//11 14//11 7//11
f 13//12 7//12 10//12
f 15//13 10//13 16//13
f 16//14 10//14 11//14
f 12//15 17//15 11//15
f 18//16 17//16 12//16
f 13//17 19//17 20//17
f 20//18 21//18 13//18
f 13//19 22//19 19//19
f 21//20 23//20 13//20
f 13//21 24//21 22//21
f 23//22 25//22 13//22
f 13//23 26//23 24//23
f 25//24 27//24 13//24
f 13//25 28//25 26//25
f 27//26 29//26 13//26
f 13//27 30//27 28//27
f 29//28 31//28 13//28
f 13//29 32//29 30//29
f 31//30 33//30 13//30
f 13//31 34//31 32//31
f 33//32 35//32 13//32
f 13//33 36//33 34//33
f 13//34 37//34 36//34
f 13//35 38//35 37//35
f 13//36 39//36 38//36
f 13//37 40//37 39//37
f 13//38 41//38 40//38
f 13//39 42//39 41//39
f 13//40 43//40 42//40
f 13//41 44//41 43//41
f 13//42 45//42 44//42
f 13//43 46//43 45//43
f 13//44 47//44 46//44
f 47//45 10//45 48//45
f 48//46 10//46 49//46
f 49//47 10//47 50//47
f 50//48 10//48 51//48
f 51//49 10//49 52//49
f 52//50 10//50 53//50
f 53//51 10//51 54//51
f 54//52 10//52 55//52
f 55//53 10//53 56//53
f 56//54 10//54 57//54
f 57//55 10//55 58//55
f 13//56 10//56 47//56
f 10//57 59//57 58//57
f 10//58 60//58 59//58
f 10//59 61//59 60//59
f 10//60 62//60 61//60
f 10//61 63//61 62//61
f 10//62 64//62 63//62
f 10//63 65//63 64//63
f 10//64 66//64 65//64
f 10//65 67//65 66//65
f 10//66 68//66 67//66
f 10//67 69//67 68//67
f 10//68 70//68 69//68
f 10//69 71//69 70//69
f 10//70 72//70 71//70
f 10//71 73//71 72//71
f 10//72 74//72 73//72
f 10//73 75//73 74//73
f 10//74 76//74 75//74
f 10//75 77//75 76//75
f 10//76 78//76 77//76
f 79//77 80//77 81//77
f 80//78 82//78 81//78
f 81//79 82//79 83//79
f 84//80 85//80 79//80
f 79//81 85//81 80//81
f 83//82 86//82 87//82
f 82//83 86//83 83//83
f 88//84 89//84 84//84
f 84//85 89//85 85//85
f 87//86 90//86 91//86
f 86//87 90//87 87//87
f 92//88 93//88 88//88
f 88//89 93//89 89//89
f 91//90 94//90 95//90
f 90//91 94//91 91//91
f 96//92 97//92 92//92
f 92//93 97//93 93//93
f 95//94 98//94 99//94
f 94//95 98//95 95//95
f 100//96 101//96 96//96
f 96//97 101//97 97//97
f 99//98 102//98 103//98
f 98//99 102//99 99//99
f 100//100 104//100 101//100
f 105//101 104//101 100//101
f 103//102 106//102 107//102
f 107//103 106//103 108//103
f 102//104 106//104 103//104
f 105//105 109//105 104//105
f 110//106 109//106 105//106
f 110//107 111//107 109//107
f 112//108 111//108 110//108
f 112//109 113//109 111//109
f 114//110 113//110 112//110
f 114//111 115//111 113//111
f 116//112 115//112 114//112
f 116//113 117//113 115//113
f 118//114 117//114 116//114
f 118//115 119//115 117//115
f 120//116 119//116 118//116
f 120//117 121//117 119//117
f 122//118 121//118 120//118
f 123//119 124//119 122//119
f 122//120 124//120 121//120
f 125//121 126//121 123//121
f 123//122 126//122 124//122
f 127//123 128//123 125//123
f 125//124 128//124 126//124
f 129//125 130//125 127//125
f 127//126 130//126 128//126
f 129//127 131//127 130//127
f 132//128 131//128 129//128
f 132//129 133//129 131//129
f 134//130 133//130 132//130
f 134//131 135//131 133//131
f 136//132 135//132 134//132
f 136//133 137//133 135//133
f 138//134 137//134 136//134
f 138//135 139//135 137//135
f 140//136 139//136 138//136
f 140//137 141//137 139//137
f 142//138 141//138 140//138
f 142//139 143//139 141//139
f 144//140 143//140 142//140
f 144//141 145//141 143//141
f 146//142 145//142 144//142
f 146//143 147//143 145//143
f 148//144 147//144 146//144
f 148//145 149//145 147//145
f 150//146 149//146 148//146
f 150//147 151//147 149//147
f 152//148 151//148 150//148
f 152//149 153//149 151//149
f 154//150 153//150 152//150
f 154//151 155//151 153//151
f 156//152 155//152 154//152
f 156//153 157//153 155//153
f 158//154 157//154 156//154
f 158//155 159//155 157//155
f 160//156 159//156 158//156
f 160//157 161//157 159//157
f 162//158 161//158 160//158
f 162//159 163//159 161//159
f 164//160 163//160 162//160
f 164//161 165//161 163//161
f 166//162 165//162 164//162
f 166//163 167//163 165//163
f 168//164 167//164 166//164
f 168//165 169//165 167//165
f 170//166 169//166 168//166
f 171//167 172//167 170//167
f 170//168 172//168 169//168
f 171//169 173//169 172//169
f 174//170 173//170 171//170
f 175//171 176//171 177//171
f 177//172 176//172 178//172
f 178//173 176//173 179//173
f 179//174 176//174 180//174
f 180//175 176//175 181//175
f 181//176 176//176 182//176
f 182//177 176//177 183//177
f 183//178 176//178 184//178
f 184//179 176//179 185//179
f 185//180 176//180 186//180
f 186//181 176//181 187//181
f 187//182 176//182 188//182
f 188//183 176//183 189//183
f 189//184 176//184 190//184
f 190//185 176//185 191//185
f 191//186 176//186 192//186
f 192//187 176//187 193//187
f 193//188 176//188 194//188
f 194//189 176//189 195//189
f 195//190 176//190 196//190
f 196//191 176//191 197//191
f 175//192 198//192 176//192
f 198//193 199//193 176//193
f 199//194 200//194 176//194
f 200//195 201//195 176//195
f 201//196 202//196 176//196
f 202//197 203//197 176//197
f 203//198 15//198 176//198
f 204//199 15//199 205//199
f 205//200 15//200 206//200
f 206//201 15//201 207//201
f 207//202 15//202 208//202
f 208//203 15//203 209//203
f 209//204 15//204 210//204
f 210//205 15//205 211//205
f 211//206 15//206 212//206
f 212//207 15//207 213//207
f 213//208 15//208 214//208
f 214//209 15//209 215//209
f 215//210 15//210 216//210
f 216//211 15//211 217//211
f 217//212 15//212 218//212
f 218//213 15//213 219//213
f 219//214 15//214 220//214
f 220//215 15//215 221//215
f 221//216 15//216 222//216
f 222//217 15//217 223//217
f 223//218 15//218 224//218
f 224//219 15//219 225//219
f 225//220 15//220 226//220
f 226//221 15//221 227//221
f 227//222 15//222 228//222
f 228//223 15//223 229//223
f 229//224 15//224 230//224
f 230//225 15//225 231//225
f 231//226 15//226 232//226
f 232//227 15//227 233//227
f 233//228 15//228 234//228
f 234//229 15//229 203//229
f 10//230 15//230 78//230
f 78//231 15//231 235//231
f 235//232 15//232 236//232
f 236//233 15//233 237//233
f 237//234 15//234 174//234
f 174//235 15//235 204//235
f 174//236 204//236 238//236
f 174//237 238//237 239//237
f 174//238 239//238 240//238
f 174//239 240//239 173//239
f 241//240 5//240 242//240
f 241//241 12//241 5//241
f 243//242 14//242 13//242
f 35//243 243//243 13//243
f 5//244 244//244 242//244
f 5//245 6//245 244//245
f 245//246 246//246 247//246
f 247//247 248//247 245//247
f 246//248 249//248 247//248
f 247//249 250//249 248//249
f 249//250 251//250 247//250
f 247//251 252//251 250//251
f 251//252 253//252 247//252
f 247//253 254//253 252//253
f 253//254 255//254 247//254
f 247//255 256//255 254//255
f 255//256 257//256 247//256
f 247//257 258//257 256//257
f 257//258 259//258 247//258
f 247//259 260//259 258//259
f 247//260 261//260 260//260
f 247//261 262//261 261//261
f 247//262 263//262 262//262
f 247//263 264//263 263//263
f 247//264 265//264 264//264
f 247//265 266//265 265//265
f 247//266 267//266 266//266
f 247//267 268//267 267//267
f 247//268 269//268 268//268
f 247//269 270//269 269//269
f 247//270 271//270 270//270
f 247//271 272//271 271//271
f 247//272 273//272 272//272
f 274//273 275//273 276//273
f 277//274 275//274 274//274
f 278//275 275//275 277//275
f 279//276 275//276 278//276
f 280//277 275//277 279//277
f 281//278 275//278 280//278
f 282//279 275//279 281//279
f 283//280 275//280 282//280
f 247//281 275//281 273//281
f 284//282 275//282 283//282
f 285//283 275//283 284//283
f 286//284 275//284 285//284
f 273//285 275//285 286//285
f 275//286 287//286 276//286
f 275//287 288//287 287//287
f 275//288 289//288 288//288
f 275//289 290//289 289//289
f 275//290 291//290 290//290
f 275//291 292//291 291//291
f 275//292 293//292 292//292
f 275//293 294//293 293//293
f 275//294 295//294 294//294
f 275//295 296//295 295//295
f 275//296 297//296 296//296
f 275//297 298//297 297//297
f 275//298 299//298 298//298
f 275//299 300//299 299//299
f 275//300 301//300 300//300
f 275//301 302//301 301//301
f 275//302 303//302 302//302
f 275//303 304//303 303//303
f 275//304 305//304 304//304
f 306//305 307//305 308//305
f 306//306 309//306 307//306
f 310//307 309//307 306//307
f 307//308 311//308 308//308
f 308//309 311//309 312//309
f 313//310 314//310 310//310
f 310//311 314//311 309//311
f 312//312 315//312 316//312
f 311//313 315//313 312//313
f 317//314 318//314 313//314
f 313//315 318//315 314//315
f 316//316 319//316 320//316
f 315//317 319//317 316//317
f 321//318 322//318 317//318
f 317//319 322//319 318//319
f 320//320 323//320 324//320
f 319//321 323//321 320//321
f 321//322 325//322 322//322
f 326//323 325//323 321//323
f 324//324 327//324 328//324
f 323//325 327//325 324//325
f 329//326 330//326 326//326
f 326//327 330//327 325//327
f 328//328 331//328 332//328
f 327//329 331//329 328//329
f 333//330 334//330 329//330
f 329//331 334//331 330//331
f 331//332 335//332 332//332
f 336//333 337//333 333//333
f 333//334 337//334 334//334
f 335//335 338//335 332//335
f 339//336 340//336 336//336
f 336//337 340//337 337//337
f 341//338 342//338 339//338
f 339//339 342//339 340//339
f 341//340 343//340 342//340
f 344//341 343//341 341//341
f 345//342 346//342 344//342
f 344//343 346//343 343//343
f 347//344 348//344 345//344
f 345//345 348//345 346//345
f 349//346 350//346 347//346
f 347//347 350//347 348//347
f 351//348 352//348 349//348
f 349//349 352//349 350//349
f 353//350 354//350 351//350
f 351//351 354//351 352//351
f 355//352 356//352 353//352
f 353//353 356//353 354//353
f 355//354 357//354 356//354
f 358//355 357//355 355//355
f 358//356 359//356 357//356
f 360//357 359//357 358//357
f 361//358 362//358 360//358
f 360//359 362//359 359//359
f 363//360 364//360 361//360
f 361//361 364//361 362//361
f 363//362 365//362 364//362
f 366//363 365//363 363//363
f 367//364 368//364 366//364
f 366//365 368//365 365//365
f 367//366 369//366 368//366
f 370//367 369//367 367//367
f 370//368 371//368 369//368
f 372//369 371//369 370//369
f 372//370 373//370 371//370
f 374//371 373//371 372//371
f 374//372 375//372 373//372
f 376//373 375//373 374//373
f 376//374 377//374 375//374
f 378//375 377//375 376//375
f 379//376 380//376 378//376
f 378//377 380//377 377//377
f 379//378 381//378 380//378
f 382//379 381//379 379//379
f 383//380 384//380 382//380
f 382//381 384//381 381//381
f 383//382 385//382 384//382
f 386//383 385//383 383//383
f 387//384 388//384 386//384
f 386//385 388//385 385//385
f 389//386 390//386 387//386
f 387//387 390//387 388//387
f 391//388 392//388 389//388
f 389//389 392//389 390//389
f 393//390 394//390 391//390
f 391//391 394//391 392//391
f 395//392 396//392 393//392
f 393//393 396//393 394//393
f 397//394 398//394 395//394
f 395//395 398//395 396//395
f 399//396 400//396 397//396
f 397//397 400//397 398//397
f 399//398 401//398 400//398
f 402//399 14//399 243//399
f 403//400 14//400 402//400
f 404//401 14//401 403//401
f 405//402 14//402 404//402
f 406//403 14//403 405//403
f 407//404 14//404 406//404
f 408//405 14//405 407//405
f 409//406 14//406 408//406
f 410//407 14//407 409//407
f 411//408 14//408 410//408
f 412//409 14//409 411//409
f 413//410 14//410 412//410
f 414//411 14//411 413//411
f 415//412 14//412 414//412
f 416//413 14//413 415//413
f 417//414 14//414 416//414
f 418//415 14//415 417//415
f 419//416 14//416 418//416
f 420//417 14//417 419//417
f 421//418 14//418 420//418
f 422//419 14//419 421//419
f 423//420 14//420 422//420
f 424//421 14//421 423//421
f 424//422 425//422 14//422
f 425//423 426//423 14//423
f 426//424 427//424 14//424
f 427//425 428//425 14//425
f 428//426 429//426 14//426
f 429//427 7//427 14//427
f 430//428 7//428 429//428
f 431//429 7//429 430//429
f 432//430 7//430 431//430
f 433//431 7//431 432//431
f 434//432 7//432 433//432
f 435//433 7//433 434//433
f 436//434 7//434 435//434
f 437//435 7//435 436//435
f 438//436 7//436 437//436
f 439//437 7//437 438//437
f 440//438 7//438 439//438
f 441//439 7//439 440//439
f 442//440 7//440 441//440
f 443//441 7//441 442//441
f 444//442 7//442 443//442
f 445//443 7//443 444//443
f 446//444 7//444 445//444
f 447//445 7//445 446//445
f 448//446 7//446 447//446
f 449//447 7//447 448//447
f 450//448 7//448 449//448
f 451//449 7//449 450//449
f 452//450 7//450 451//450
f 453//451 7//451 452//451
f 454//452 7//452 453//452
f 455//453 7//453 454//453
f 456//454 7//454 455//454
f 457//455 7//455 456//455
f 458//456 7//456 457//456
f 459//457 7//457 458//457
f 460//458 7//458 459//458
f 275//459 7//459 460//459
f 275//460 460//460 461//460
f 275//461 461//461 462//461
f 275//462 462//462 463//462
f 275//463 463//463 401//463
f 275//464 401//464 305//464
f 305//465 401//465 464//465
f 464//466 401//466 465//466
f 465//467 401//467 466//467
f 466//468 401//468 399//468
f 1//469 467//469 6//469
f 6//470 467//470 244//470
f 468//471 8//471 275//471
f 275//472 8//472 7//472
f 469//473 470//473 471//473
f 471//474 472//474 469//474
f 470//475 473//475 471//475
f 471//476 474//476 472//476
f 473//477 475//477 471//477
f 471//478 476//478 474//478
f 475//479 477//479 471//479
f 471//480 478//480 476//480
f 477//481 479//481 471//481
f 471//482 480//482 478//482
f 479//483 481//483 471//483
f 471//484 482//484 480//484
f 471//485 483//485 482//485
f 471//486 484//486 483//486
f 471//487 485//487 484//487
f 471//488 486//488 485//488
f 471//489 487//489 486//489
f 471//490 488//490 487//490
f 471//491 489//491 488//491
f 471//492 490//492 489//492
f 471//493 491//493 490//493
f 471//494 492//494 491//494
f 471//495 493//495 492//495
f 471//496 494//496 493//496
f 471//497 495//497 494//497
f 471//498 496//498 495//498
f 496//499 467//499 497//499
f 497//500 467//500 498//500
f 498//501 467//501 499//501
f 499//502 467//502 500//502
f 500//503 467//503 501//503
f 501//504 467//504 502//504
f 502//505 467//505 503//505
f 503//506 467//506 504//506
f 504//507 467//507 505//507
f 505//508 467//508 506//508
f 506//509 467//509 507//509
f 507//510 467//510 508//510
f 508//511 467//511 509//511
f 471//512 467//512 496//512
f 467//513 510//513 509//513
f 467//514 511//514 510//514
f 467//515 512//515 511//515
f 467//516 513//516 512//516
f 467//517 514//517 513//517
f 467//518 515//518 514//518
f 467//519 516//519 515//519
f 467//520 517//520 516//520
f 467//521 518//521 517//521
f 467//522 519//522 518//522
f 467//523 520//523 519//523
f 467//524 521//524 520//524
f 467//525 522//525 521//525
f 467//526 523//526 522//526
f 467//527 524//527 523//527
f 467//528 525//528 524//528
f 467//529 526//529 525//529
f 467//530 527//530 526//530
f 528//531 529//531 530//531
f 530//532 531//532 532//532
f 529//533 531//533 530//533
f 533//534 534//534 528//534
f 528//535 534//535 529//535
f 532//536 535//536 536//536
f 531//537 535//537 532//537
f 533//538 537//538 534//538
f 538//539 537//539 533//539
f 536//540 539//540 540//540
f 535//541 539//541 536//541
f 541//542 542//542 538//542
f 538//543 542//543 537//543
f 540//544 543//544 544//544
f 544//545 543//545 545//545
f 539//546 543//546 540//546
f 541//547 546//547 542//547
f 547//548 546//548 541//548
f 547//549 548//549 546//549
f 549//550 548//550 547//550
f 549//551 550//551 548//551
f 551//552 550//552 549//552
f 551//553 552//553 550//553
f 553//554 552//554 551//554
f 553//555 554//555 552//555
f 555//556 554//556 553//556
f 555//557 556//557 554//557
f 557//558 556//558 555//558
f 557//559 558//559 556//559
f 559//560 558//560 557//560
f 559//561 560//561 558//561
f 561//562 560//562 559//562
f 561//563 562//563 560//563
f 563//564 562//564 561//564
f 563//565 564//565 562//565
f 565//566 564//566 563//566
f 565//567 566//567 564//567
f 567//568 566//568 565//568
f 567//569 568//569 566//569
f 569//570 568//570 567//570
f 569//571 570//571 568//571
f 571//572 570//572 569//572
f 571//573 572//573 570//573
f 573//574 572//574 571//574
f 573//575 574//575 572//575
f 575//576 574//576 573//576
f 575//577 576//577 574//577
f 577//578 576//578 575//578
f 577//579 578//579 576//579
f 579//580 578//580 577//580
f 579//581 580//581 578//581
f 581//582 580//582 579//582
f 582//583 583//583 581//583
f 581//584 583//584 580//584
f 584//585 585//585 582//585
f 582//586 585//586 583//586
f 586//587 587//587 584//587
f 584//588 587//588 585//588
f 588//589 589//589 586//589
f 586//590 589//590 587//590
f 590//591 591//591 588//591
f 588//592 591//592 589//592
f 592//593 593//593 590//593
f 590//594 593//594 591//594
f 594//595 595//595 592//595
f 592//596 595//596 593//596
f 594//597 596//597 595//597
f 597//598 596//598 594//598
f 597//599 598//599 596//599
f 599//600 598//600 597//600
f 599//601 600//601 598//601
f 601//602 600//602 599//602
f 601//603 602//603 600//603
f 603//604 602//604 601//604
f 603//605 604//605 602//605
f 605//606 604//606 603//606
f 605//607 606//607 604//607
f 607//608 606//608 605//608
f 607//609 608//609 606//609
f 609//610 608//610 607//610
f 609//611 610//611 608//611
f 611//612 610//612 609//612
f 611//613 612//613 610//613
f 613//614 612//614 611//614
f 613//615 614//615 612//615
f 615//616 614//616 613//616
f 615//617 616//617 614//617
f 617//618 616//618 615//618
f 618//619 4//619 619//619
f 619//620 4//620 620//620
f 620//621 4//621 621//621
f 621//622 4//622 622//622
f 622//623 4//623 623//623
f 623//624 4//624 624//624
f 624//625 4//625 625//625
f 625//626 4//626 626//626
f 626//627 4//627 627//627
f 627//628 4//628 628//628
f 628//629 4//629 629//629
f 630//630 4//630 631//630
f 631//631 4//631 632//631
f 632//632 4//632 633//632
f 633//633 4//633 634//633
f 634//634 4//634 635//634
f 635//635 4//635 636//635
f 636//636 4//636 637//636
f 637//637 4//637 638//637
f 638//638 4//638 618//638
f 630//639 639//639 4//639
f 639//640 640//640 4//640
f 640//641 641//641 4//641
f 641//642 642//642 4//642
f 643//643 1//643 644//643
f 644//644 1//644 645//644
f 645//645 1//645 646//645
f 646//646 1//646 647//646
f 647//647 1//647 648//647
f 648//648 1//648 649//648
f 649//649 1//649 650//649
f 650//650 1//650 651//650
f 651//651 1//651 652//651
f 652//652 1//652 653//652
f 653//653 1//653 654//653
f 654//654 1//654 655//654
f 655//655 1//655 656//655
f 656//656 1//656 657//656
f 657//657 1//657 658//657
f 658//658 1//658 659//658
f 659//659 1//659 660//659
f 660//660 1//660 661//660
f 661//661 1//661 662//661
f 662//662 1//662 663//662
f 663//663 1//663 664//663
f 664//664 1//664 665//664
f 665//665 1//665 666//665
f 666//666 1//666 667//666
f 667//667 1//667 668//667
f 642//668 1//668 4//668
f 668//669 1//669 669//669
f 669//670 1//670 670//670
f 670//671 1//671 671//671
f 671//672 1//672 672//672
f 672//673 1//673 673//673
f 673//674 1//674 642//674
f 467//675 1//675 527//675
f 527//676 1//676 674//676
f 674//677 1//677 675//677
f 675//678 1//678 676//678
f 676//679 1//679 617//679
f 617//680 1//680 643//680
f 617//681 643//681 677//681
f 617//682 677//682 678//682
f 617//683 678//683 679//683
f 617//684 679//684 616//684
f 680//685 8//685 681//685
f 9//686 8//686 680//686
f 682//687 629//687 3//687
f 3//688 629//688 4//688
f 9//689 683//689 2//689
f 2//690 683//690 684//690
f 685//691 686//691 3//691
f 3//692 687//692 685//692
f 686//693 688//693 3//693
f 3//694 689//694 687//694
f 688//695 690//695 3//695
f 3//696 691//696 689//696
f 690//697 682//697 3//697
f 3//698 692//698 691//698
f 3//699 693//699 692//699
f 3//700 694//700 693//700
f 3//701 695//701 694//701
f 3//702 696//702 695//702
f 3//703 697//703 696//703
f 3//704 698//704 697//704
f 3//705 699//705 698//705
f 3//706 700//706 699//706
f 3//707 701//707 700//707
f 3//708 702//708 701//708
f 3//709 703//709 702//709
f 3//710 704//710 703//710
f 3//711 705//711 704//711
f 3//712 706//712 705//712
f 3//713 707//713 706//713
f 3//714 708//714 707//714
f 709//715 2//715 710//715
f 711//716 2//716 709//716
f 712//717 2//717 711//717
f 713//718 2//718 712//718
f 714//719 2//719 713//719
f 715//720 2//720 714//720
f 716//721 2//721 715//721
f 717//722 2//722 716//722
f 718//723 2//723 717//723
f 719//724 2//724 718//724
f 720//725 2//725 719//725
f 708//726 2//726 720//726
f 3//727 2//727 708//727
f 2//728 721//728 710//728
f 2//729 722//729 721//729
f 2//730 723//730 722//730
f 2//731 724//731 723//731
f 2//732 725//732 724//732
f 2//733 726//733 725//733
f 2//734 727//734 726//734
f 2//735 728//735 727//735
f 2//736 729//736 728//736
f 2//737 730//737 729//737
f 2//738 731//738 730//738
f 2//739 732//739 731//739
f 2//740 733//740 732//740
f 2//741 734//741 733//741
f 2//742 735//742 734//742
f 2//743 736//743 735//743
f 2//744 737//744 736//744
f 2//745 738//745 737//745
f 2//746 739//746 738//746
f 740//747 741//747 742//747
f 742//748 743//748 744//748
f 741//749 743//749 742//749
f 745//750 746//750 740//750
f 740//751 746//751 741//751
f 743//752 747//752 744//752
f 744//753 747//753 748//753
f 745//754 749//754 746//754
f 750//755 749//755 745//755
f 747//756 751//756 748//756
f 748//757 751//757 752//757
f 753//758 754//758 750//758
f 750//759 754//759 749//759
f 751//760 755//760 752//760
f 752//761 755//761 756//761
f 753//762 757//762 754//762
f 758//763 757//763 753//763
f 755//764 759//764 756//764
f 760//765 761//765 758//765
f 758//766 761//766 757//766
f 759//767 762//767 756//767
f 760//768 763//768 761//768
f 764//769 763//769 760//769
f 764//770 765//770 763//770
f 766//771 765//771 764//771
f 766//772 767//772 765//772
f 768//773 767//773 766//773
f 768//774 769//774 767//774
f 770//775 769//775 768//775
f 770//776 771//776 769//776
f 772//777 771//777 770//777
f 772//778 773//778 771//778
f 774//779 773//779 772//779
f 774//780 775//780 773//780
f 776//781 775//781 774//781
f 776//782 777//782 775//782
f 778//783 777//783 776//783
f 778//784 779//784 777//784
f 780//785 779//785 778//785
f 780//786 781//786 779//786
f 782//787 781//787 780//787
f 782//788 783//788 781//788
f 784//789 783//789 782//789
f 784//790 785//790 783//790
f 786//791 785//791 784//791
f 787//792 788//792 786//792
f 786//793 788//793 785//793
f 787//794 789//794 788//794
f 790//795 789//795 787//795
f 790//796 791//796 789//796
f 792//797 791//797 790//797
f 792//798 793//798 791//798
f 794//799 793//799 792//799
f 794//800 795//800 793//800
f 796//801 795//801 794//801
f 796//802 797//802 795//802
f 798//803 797//803 796//803
f 798//804 799//804 797//804
f 800//805 799//805 798//805
f 800//806 801//806 799//806
f 802//807 801//807 800//807
f 802//808 803//808 801//808
f 804//809 803//809 802//809
f 804//810 805//810 803//810
f 806//811 805//811 804//811
f 806//812 807//812 805//812
f 808//813 807//813 806//813
f 808//814 809//814 807//814
f 810//815 809//815 808//815
f 810//816 811//816 809//816
f 812//817 811//817 810//817
f 812//818 813//818 811//818
f 814//819 813//819 812//819
f 815//820 816//820 814//820
f 814//821 816//821 813//821
f 817//822 818//822 815//822
f 815//823 818//823 816//823
f 817//824 819//824 818//824
f 820//825 819//825 817//825
f 820//826 821//826 819//826
f 822//827 821//827 820//827
f 822//828 823//828 821//828
f 824//829 823//829 822//829
f 824//830 825//830 823//830
f 826//831 825//831 824//831
f 826//832 827//832 825//832
f 828//833 827//833 826//833
f 828//834 829//834 827//834
f 830//835 831//835 832//835
f 833//836 831//836 830//836
f 834//837 831//837 833//837
f 835//838 831//838 834//838
f 836//839 831//839 835//839
f 837//840 831//840 836//840
f 838//841 831//841 837//841
f 839//842 831//842 838//842
f 840//843 831//843 839//843
f 841//844 831//844 840//844
f 842//845 831//845 841//845
f 843//846 831//846 842//846
f 844//847 831//847 843//847
f 845//848 831//848 844//848
f 846//849 831//849 845//849
f 847//850 831//850 846//850
f 848//851 831//851 847//851
f 849//852 831//852 848//852
f 849//853 850//853 831//853
f 850//854 851//854 831//854
f 851//855 852//855 831//855
f 852//856 853//856 831//856
f 853//857 854//857 831//857
f 854//858 855//858 831//858
f 855//859 856//859 831//859
f 856//860 857//860 831//860
f 858//861 684//861 859//861
f 860//862 684//862 858//862
f 861//863 684//863 860//863
f 862//864 684//864 861//864
f 863//865 684//865 862//865
f 864//866 684//866 863//866
f 865//867 684//867 866//867
f 867//868 684//868 864//868
f 868//869 684//869 865//869
f 869//870 684//870 867//870
f 870//871 684//871 868//871
f 871//872 684//872 869//872
f 872//873 684//873 870//873
f 873//874 684//874 871//874
f 866//875 684//875 873//875
f 874//876 684//876 857//876
f 875//877 684//877 874//877
f 876//878 684//878 875//878
f 857//879 684//879 831//879
f 877//880 684//880 876//880
f 878//881 684//881 877//881
f 879//882 684//882 878//882
f 880//883 684//883 879//883
f 881//884 684//884 880//884
f 882//885 684//885 881//885
f 883//886 684//886 882//886
f 884//887 684//887 883//887
f 885//888 684//888 884//888
f 886//889 684//889 885//889
f 887//890 684//890 886//890
f 888//891 684//891 887//891
f 859//892 684//892 888//892
f 2//893 684//893 872//893
f 2//894 872//894 889//894
f 2//895 889//895 890//895
f 2//896 890//896 891//896
f 2//897 891//897 829//897
f 2//898 829//898 739//898
f 739//899 829//899 892//899
f 892//900 829//900 893//900
f 893//901 829//901 894//901
f 894//902 829//902 828//902
f 11//903 895//903 16//903
f 17//904 895//904 11//904
f 242//905 244//905 467//905
f 684//906 467//906 471//906
f 684//907 471//907 831//907
f 684//908 242//908 467//908
f 16//909 241//909 242//909
f 15//910 16//910 242//910
f 275//911 684//911 683//911
f 275//912 242//912 684//912
f 275//913 15//913 242//913
f 247//914 176//914 15//914
f 247//915 15//915 275//915
f 468//916 275//916 683//916
f 896//917 897//917 898//917
f 899//918 898//918 897//918
f 900//919 897//919 896//919
f 901//920 899//920 897//920
f 902//921 897//921 900//921
f 903//922 901//922 897//922
f 904//923 897//923 902//923
f 905//924 903//924 897//924
f 906//925 897//925 904//925
f 907//926 905//926 897//926
f 908//927 897//927 906//927
f 909//928 907//928 897//928
f 910//929 897//929 908//929
f 911//930 909//930 897//930
f 912//931 897//931 910//931
f 913//932 911//932 897//932
f 914//933 897//933 912//933
f 915//934 913//934 897//934
f 916//935 897//935 914//935
f 917//936 915//936 897//936
f 918//937 897//937 916//937
f 919//938 917//938 897//938
f 920//939 897//939 918//939
f 921//940 897//940 920//940
f 922//941 897//941 921//941
f 923//942 897//942 922//942
f 924//943 18//943 897//943
f 924//944 897//944 923//944
f 925//945 18//945 924//945
f 926//946 18//946 925//946
f 927//947 18//947 926//947
f 928//948 18//948 927//948
f 929//949 18//949 928//949
f 930//950 18//950 929//950
f 931//951 18//951 930//951
f 932//952 18//952 931//952
f 933//953 18//953 932//953
f 934//954 18//954 933//954
f 935//955 18//955 934//955
f 895//956 936//956 937//956
f 895//957 938//957 936//957
f 895//958 939//958 938//958
f 895//959 940//959 939//959
f 895//960 941//960 940//960
f 895//961 942//961 941//961
f 895//962 943//962 942//962
f 895//963 944//963 943//963
f 895//964 945//964 944//964
f 895//965 946//965 945//965
f 895//966 919//966 897//966
f 895//967 947//967 919//967
f 895//968 948//968 947//968
f 895//969 949//969 948//969
f 895//970 950//970 949//970
f 895//971 951//971 950//971
f 895//972 937//972 951//972
f 952//973 18//973 935//973
f 953//974 946//974 895//974
f 954//975 18//975 952//975
f 955//976 953//976 895//976
f 956//977 18//977 954//977
f 957//978 955//978 895//978
f 958//979 18//979 956//979
f 959//980 957//980 895//980
f 960//981 18//981 958//981
f 961//982 959//982 895//982
f 962//983 18//983 960//983
f 963//984 961//984 895//984
f 964//985 18//985 962//985
f 965//986 963//986 895//986
f 966//987 18//987 964//987
f 967//988 965//988 895//988
f 968//989 18//989 966//989
f 969//990 967//990 895//990
f 970//991 18//991 968//991
f 971//992 969//992 895//992
f 972//993 18//993 970//993
f 973//994 971//994 895//994
f 974//995 973//995 895//995
f 975//996 974//996 895//996
f 976//997 975//997 895//997
f 977//998 976//998 895//998
f 978//999 977//999 895//999
f 979//1000 978//1000 895//1000
f 980//1001 979//1001 895//1001
f 981//1002 980//1002 895//1002
f 982//1003 981//1003 895//1003
f 17//1004 983//1004 982//1004
f 17//1005 984//1005 983//1005
f 17//1006 985//1006 984//1006
f 17//1007 986//1007 985//1007
f 17//1008 987//1008 986//1008
f 17//1009 988//1009 987//1009
f 17//1010 989//1010 988//1010
f 17//1011 990//1011 989//1011
f 17//1012 991//1012 990//1012
f 17//1013 992//1013 991//1013
f 17//1014 993//1014 992//1014
f 17//1015 994//1015 993//1015
f 17//1016 995//1016 994//1016
f 17//1017 996//1017 995//1017
f 17//1018 997//1018 996//1018
f 17//1019 998//1019 997//1019
f 17//1020 999//1020 998//1020
f 17//1021 1000//1021 999//1021
f 17//1022 1001//1022 1000//1022
f 17//1023 982//1023 895//1023
f 17//1024 1002//1024 1001//1024
f 17//1025 1003//1025 1002//1025
f 17//1026 1004//1026 1003//1026
f 17//1027 1005//1027 1004//1027
f 17//1028 1006//1028 1005//1028
f 17//1029 1007//1029 1006//1029
f 17//1030 1008//1030 1007//1030
f 17//1031 1009//1031 1008//1031
f 17//1032 1010//1032 1009//1032
f 17//1033 1011//1033 1010//1033
f 17//1034 1012//1034 1011//1034
f 17//1035 1013//1035 1012//1035
f 17//1036 1014//1036 1013//1036
f 17//1037 1015//1037 1014//1037
f 17//1038 1016//1038 1015//1038
f 17//1039 18//1039 1016//1039
f 1016//1040 18//1040 1017//1040
f 1017//1041 18//1041 1018//1041
f 1018//1042 18//1042 1019//1042
f 1019//1043 18//1043 1020//1043
f 1020//1044 18//1044 1021//1044
f 1021//1045 18//1045 1022//1045
f 1022//1046 18//1046 972//1046
f 12//1047 241//1047 897//1047
f 12//1048 897//1048 18//1048
f 176//1049 247//1049 259//1049
f 176//1050 259//1050 197//1050
f 106//1051 102//1051 332//1051
f 332//1052 102//1052 328//1052
f 328//1053 98//1053 324//1053
f 102//1054 98//1054 328//1054
f 324//1055 94//1055 320//1055
f 98//1056 94//1056 324//1056
f 320//1057 90//1057 316//1057
f 94//1058 90//1058 320//1058
f 316//1059 86//1059 312//1059
f 90//1060 86//1060 316//1060
f 312//1061 82//1061 308//1061
f 86//1062 82//1062 312//1062
f 308//1063 80//1063 306//1063
f 82//1064 80//1064 308//1064
f 306//1065 85//1065 310//1065
f 80//1066 85//1066 306//1066
f 310//1067 89//1067 313//1067
f 85//1068 89//1068 310//1068
f 313//1069 93//1069 317//1069
f 89//1070 93//1070 313//1070
f 317//1071 97//1071 321//1071
f 93//1072 97//1072 317//1072
f 321//1073 101//1073 326//1073
f 97//1074 101//1074 321//1074
f 326//1075 104//1075 329//1075
f 101//1076 104//1076 326//1076
f 329//1077 109//1077 333//1077
f 104//1078 109//1078 329//1078
f 333//1079 111//1079 336//1079
f 109//1080 111//1080 333//1080
f 336//1081 113//1081 339//1081
f 111//1082 113//1082 336//1082
f 339//1083 115//1083 341//1083
f 113//1084 115//1084 339//1084
f 341//1085 117//1085 344//1085
f 115//1086 117//1086 341//1086
f 344//1087 119//1087 345//1087
f 117//1088 119//1088 344//1088
f 119//1089 121//1089 345//1089
f 345//1090 121//1090 347//1090
f 121//1091 124//1091 347//1091
f 347//1092 124//1092 349//1092
f 124//1093 126//1093 349//1093
f 349//1094 126//1094 351//1094
f 126//1095 128//1095 351//1095
f 351//1096 128//1096 353//1096
f 128//1097 130//1097 353//1097
f 353//1098 130//1098 355//1098
f 130//1099 131//1099 355//1099
f 355//1100 131//1100 358//1100
f 131//1101 133//1101 358//1101
f 358//1102 133//1102 360//1102
f 133//1103 135//1103 360//1103
f 360//1104 135//1104 361//1104
f 135//1105 137//1105 361//1105
f 361//1106 137//1106 363//1106
f 137//1107 139//1107 363//1107
f 363//1108 139//1108 366//1108
f 366//1109 141//1109 367//1109
f 139//1110 141//1110 366//1110
f 367//1111 143//1111 370//1111
f 141//1112 143//1112 367//1112
f 370//1113 145//1113 372//1113
f 143//1114 145//1114 370//1114
f 372//1115 147//1115 374//1115
f 145//1116 147//1116 372//1116
f 374//1117 149//1117 376//1117
f 147//1118 149//1118 374//1118
f 376//1119 151//1119 378//1119
f 149//1120 151//1120 376//1120
f 378//1121 153//1121 379//1121
f 151//1122 153//1122 378//1122
f 379//1123 155//1123 382//1123
f 153//1124 155//1124 379//1124
f 382//1125 157//1125 383//1125
f 155//1126 157//1126 382//1126
f 383//1127 159//1127 386//1127
f 157//1128 159//1128 383//1128
f 386//1129 161//1129 387//1129
f 387//1130 161//1130 389//1130
f 159//1131 161//1131 386//1131
f 161//1132 163//1132 389//1132
f 389//1133 165//1133 391//1133
f 163//1134 165//1134 389//1134
f 391//1135 167//1135 393//1135
f 165//1136 167//1136 391//1136
f 393//1137 169//1137 395//1137
f 167//1138 169//1138 393//1138
f 395//1139 172//1139 397//1139
f 169//1140 172//1140 395//1140
f 172//1141 173//1141 397//1141
f 397//1142 173//1142 399//1142
f 173//1143 240//1143 399//1143
f 399//1144 240//1144 466//1144
f 466//1145 240//1145 465//1145
f 240//1146 239//1146 465//1146
f 239//1147 238//1147 465//1147
f 465//1148 238//1148 464//1148
f 238//1149 204//1149 464//1149
f 464//1150 204//1150 305//1150
f 305//1151 204//1151 304//1151
f 204//1152 205//1152 304//1152
f 205//1153 206//1153 304//1153
f 304//1154 206//1154 303//1154
f 303//1155 206//1155 302//1155
f 206//1156 207//1156 302//1156
f 207//1157 208//1157 302//1157
f 302//1158 208//1158 301//1158
f 301//1159 208//1159 300//1159
f 208//1160 209//1160 300//1160
f 209//1161 210//1161 300//1161
f 300//1162 210//1162 299//1162
f 299//1163 210//1163 298//1163
f 210//1164 211//1164 298//1164
f 211//1165 212//1165 298//1165
f 298//1166 212//1166 297//1166
f 297//1167 212//1167 296//1167
f 212//1168 213//1168 296//1168
f 296//1169 213//1169 295//1169
f 213//1170 214//1170 295//1170
f 295//1171 214//1171 294//1171
f 214//1172 215//1172 294//1172
f 294//1173 215//1173 293//1173
f 215//1174 216//1174 293//1174
f 216//1175 217//1175 293//1175
f 293//1176 217//1176 292//1176
f 292//1177 217//1177 291//1177
f 291//1178 218//1178 290//1178
f 217//1179 218//1179 291//1179
f 290//1180 219//1180 289//1180
f 218//1181 219//1181 290//1181
f 219//1182 220//1182 289//1182
f 289//1183 221//1183 288//1183
f 288//1184 221//1184 287//1184
f 220//1185 221//1185 289//1185
f 287//1186 222//1186 276//1186
f 221//1187 222//1187 287//1187
f 276//1188 223//1188 274//1188
f 222//1189 223//1189 276//1189
f 223//1190 224//1190 274//1190
f 224//1191 225//1191 274//1191
f 274//1192 225//1192 277//1192
f 277//1193 225//1193 278//1193
f 225//1194 226//1194 278//1194
f 278//1195 226//1195 279//1195
f 226//1196 227//1196 279//1196
f 279//1197 227//1197 280//1197
f 227//1198 228//1198 280//1198
f 228//1199 229//1199 280//1199
f 280//1200 229//1200 281//1200
f 229//1201 230//1201 281//1201
f 281//1202 230//1202 282//1202
f 230//1203 231//1203 282//1203
f 282//1204 231//1204 283//1204
f 283//1205 231//1205 284//1205
f 231//1206 232//1206 284//1206
f 284//1207 232//1207 285//1207
f 232//1208 233//1208 285//1208
f 285//1209 233//1209 286//1209
f 233//1210 234//1210 286//1210
f 286//1211 234//1211 273//1211
f 234//1212 203//1212 273//1212
f 203//1213 202//1213 273//1213
f 273//1214 202//1214 272//1214
f 272//1215 202//1215 271//1215
f 202//1216 201//1216 271//1216
f 271//1217 201//1217 270//1217
f 201//1218 200//1218 270//1218
f 270//1219 200//1219 269//1219
f 200//1220 199//1220 269//1220
f 199//1221 198//1221 269//1221
f 269//1222 198//1222 268//1222
f 268//1223 198//1223 267//1223
f 198//1224 175//1224 267//1224
f 267//1225 175//1225 266//1225
f 175//1226 177//1226 266//1226
f 177//1227 178//1227 266//1227
f 266//1228 178//1228 265//1228
f 265//1229 178//1229 264//1229
f 178//1230 179//1230 264//1230
f 264//1231 179//1231 263//1231
f 179//1232 180//1232 263//1232
f 263//1233 180//1233 262//1233
f 262//1234 181//1234 261//1234
f 180//1235 181//1235 262//1235
f 261//1236 182//1236 260//1236
f 181//1237 182//1237 261//1237
f 182//1238 183//1238 260//1238
f 260//1239 184//1239 258//1239
f 258//1240 184//1240 256//1240
f 183//1241 184//1241 260//1241
f 256//1242 185//1242 254//1242
f 184//1243 185//1243 256//1243
f 185//1244 186//1244 254//1244
f 254//1245 187//1245 252//1245
f 252//1246 187//1246 250//1246
f 186//1247 187//1247 254//1247
f 187//1248 188//1248 250//1248
f 250//1249 189//1249 248//1249
f 188//1250 189//1250 250//1250
f 248//1251 190//1251 245//1251
f 245//1252 190//1252 246//1252
f 189//1253 190//1253 248//1253
f 246//1254 191//1254 249//1254
f 190//1255 191//1255 246//1255
f 249//1256 192//1256 251//1256
f 191//1257 192//1257 249//1257
f 251//1258 193//1258 253//1258
f 192//1259 193//1259 251//1259
f 193//1260 194//1260 253//1260
f 253//1261 195//1261 255//1261
f 194//1262 195//1262 253//1262
f 255//1263 196//1263 257//1263
f 195//1264 196//1264 255//1264
f 257//1265 197//1265 259//1265
f 196//1266 197//1266 257//1266
f 332//1267 338//1267 108//1267
f 106//1268 332//1268 108//1268
f 35//1269 33//1269 243//1269
f 243//1270 33//1270 402//1270
f 402//1271 31//1271 403//1271
f 33//1272 31//1272 402//1272
f 403//1273 29//1273 404//1273
f 31//1274 29//1274 403//1274
f 404//1275 27//1275 405//1275
f 29//1276 27//1276 404//1276
f 405//1277 25//1277 406//1277
f 27//1278 25//1278 405//1278
f 406//1279 23//1279 407//1279
f 25//1280 23//1280 406//1280
f 407//1281 21//1281 408//1281
f 23//1282 21//1282 407//1282
f 408//1283 20//1283 409//1283
f 21//1284 20//1284 408//1284
f 409//1285 19//1285 410//1285
f 20//1286 19//1286 409//1286
f 410//1287 22//1287 411//1287
f 19//1288 22//1288 410//1288
f 411//1289 24//1289 412//1289
f 22//1290 24//1290 411//1290
f 412//1291 26//1291 413//1291
f 24//1292 26//1292 412//1292
f 413//1293 28//1293 414//1293
f 26//1294 28//1294 413//1294
f 414//1295 30//1295 415//1295
f 28//1296 30//1296 414//1296
f 415//1297 32//1297 416//1297
f 30//1298 32//1298 415//1298
f 416//1299 34//1299 417//1299
f 32//1300 34//1300 416//1300
f 417//1301 36//1301 418//1301
f 34//1302 36//1302 417//1302
f 418//1303 37//1303 419//1303
f 36//1304 37//1304 418//1304
f 37//1305 38//1305 419//1305
f 419//1306 38//1306 420//1306
f 38//1307 39//1307 420//1307
f 420//1308 39//1308 421//1308
f 39//1309 40//1309 421//1309
f 421//1310 40//1310 422//1310
f 40//1311 41//1311 422//1311
f 422//1312 41//1312 423//1312
f 41//1313 42//1313 423//1313
f 423//1314 42//1314 424//1314
f 42//1315 43//1315 424//1315
f 424//1316 43//1316 425//1316
f 43//1317 44//1317 425//1317
f 425//1318 44//1318 426//1318
f 44//1319 45//1319 426//1319
f 426//1320 45//1320 427//1320
f 45//1321 46//1321 427//1321
f 427//1322 46//1322 428//1322
f 46//1323 47//1323 428//1323
f 428//1324 47//1324 429//1324
f 429//1325 48//1325 430//1325
f 47//1326 48//1326 429//1326
f 430//1327 49//1327 431//1327
f 48//1328 49//1328 430//1328
f 431//1329 50//1329 432//1329
f 49//1330 50//1330 431//1330
f 432//1331 51//1331 433//1331
f 50//1332 51//1332 432//1332
f 433//1333 52//1333 434//1333
f 51//1334 52//1334 433//1334
f 434//1335 53//1335 435//1335
f 52//1336 53//1336 434//1336
f 435//1337 54//1337 436//1337
f 53//1338 54//1338 435//1338
f 436//1339 55//1339 437//1339
f 54//1340 55//1340 436//1340
f 437//1341 56//1341 438//1341
f 55//1342 56//1342 437//1342
f 438//1343 57//1343 439//1343
f 56//1344 57//1344 438//1344
f 439//1345 58//1345 440//1345
f 57//1346 58//1346 439//1346
f 440//1347 59//1347 441//1347
f 58//1348 59//1348 440//1348
f 441//1349 60//1349 442//1349
f 59//1350 60//1350 441//1350
f 442//1351 61//1351 443//1351
f 60//1352 61//1352 442//1352
f 443//1353 62//1353 444//1353
f 61//1354 62//1354 443//1354
f 62//1355 63//1355 444//1355
f 444//1356 63//1356 445//1356
f 63//1357 64//1357 445//1357
f 445//1358 64//1358 446//1358
f 64//1359 65//1359 446//1359
f 446//1360 65//1360 447//1360
f 65//1361 66//1361 447//1361
f 447//1362 66//1362 448//1362
f 66//1363 67//1363 448//1363
f 448//1364 67//1364 449//1364
f 67//1365 68//1365 449//1365
f 449//1366 68//1366 450//1366
f 68//1367 69//1367 450//1367
f 450//1368 69//1368 451//1368
f 69//1369 70//1369 451//1369
f 451//1370 70//1370 452//1370
f 70//1371 71//1371 452//1371
f 452//1372 71//1372 453//1372
f 71//1373 72//1373 453//1373
f 453//1374 72//1374 454//1374
f 72//1375 73//1375 454//1375
f 454//1376 73//1376 455//1376
f 73//1377 74//1377 455//1377
f 455//1378 74//1378 456//1378
f 74//1379 75//1379 456//1379
f 456//1380 75//1380 457//1380
f 457//1381 75//1381 458//1381
f 75//1382 76//1382 458//1382
f 458//1383 76//1383 459//1383
f 76//1384 77//1384 459//1384
f 77//1385 78//1385 459//1385
f 459//1386 78//1386 460//1386
f 78//1387 235//1387 460//1387
f 460//1388 235//1388 461//1388
f 461//1389 235//1389 462//1389
f 235//1390 236//1390 462//1390
f 462//1391 236//1391 463//1391
f 463//1392 237//1392 401//1392
f 236//1393 237//1393 463//1393
f 401//1394 174//1394 400//1394
f 237//1395 174//1395 401//1395
f 174//1396 171//1396 400//1396
f 400//1397 170//1397 398//1397
f 398//1398 170//1398 396//1398
f 171//1399 170//1399 400//1399
f 396//1400 168//1400 394//1400
f 170//1401 168//1401 396//1401
f 394//1402 166//1402 392//1402
f 168//1403 166//1403 394//1403
f 166//1404 164//1404 392//1404
f 164//1405 162//1405 392//1405
f 392//1406 162//1406 390//1406
f 390//1407 162//1407 388//1407
f 162//1408 160//1408 388//1408
f 388//1409 160//1409 385//1409
f 160//1410 158//1410 385//1410
f 385//1411 158//1411 384//1411
f 158//1412 156//1412 384//1412
f 384//1413 156//1413 381//1413
f 156//1414 154//1414 381//1414
f 381//1415 154//1415 380//1415
f 154//1416 152//1416 380//1416
f 380//1417 152//1417 377//1417
f 152//1418 150//1418 377//1418
f 377//1419 150//1419 375//1419
f 150//1420 148//1420 375//1420
f 375//1421 148//1421 373//1421
f 148//1422 146//1422 373//1422
f 373//1423 146//1423 371//1423
f 146//1424 144//1424 371//1424
f 371//1425 144//1425 369//1425
f 144//1426 142//1426 369//1426
f 369//1427 142//1427 368//1427
f 142//1428 140//1428 368//1428
f 368//1429 140//1429 365//1429
f 140//1430 138//1430 365//1430
f 365//1431 138//1431 364//1431
f 138//1432 136//1432 364//1432
f 364//1433 136//1433 362//1433
f 136//1434 134//1434 362//1434
f 362//1435 134//1435 359//1435
f 134//1436 132//1436 359//1436
f 359//1437 132//1437 357//1437
f 132//1438 129//1438 357//1438
f 357//1439 129//1439 356//1439
f 129//1440 127//1440 356//1440
f 356//1441 127//1441 354//1441
f 127//1442 125//1442 354//1442
f 354//1443 125//1443 352//1443
f 125//1444 123//1444 352//1444
f 352//1445 123//1445 350//1445
f 350//1446 122//1446 348//1446
f 123//1447 122//1447 350//1447
f 348//1448 120//1448 346//1448
f 122//1449 120//1449 348//1449
f 346//1450 118//1450 343//1450
f 120//1451 118//1451 346//1451
f 343//1452 116//1452 342//1452
f 118//1453 116//1453 343//1453
f 342//1454 114//1454 340//1454
f 116//1455 114//1455 342//1455
f 340//1456 112//1456 337//1456
f 114//1457 112//1457 340//1457
f 337//1458 110//1458 334//1458
f 112//1459 110//1459 337//1459
f 110//1460 105//1460 334//1460
f 334//1461 105//1461 330//1461
f 330//1462 100//1462 325//1462
f 105//1463 100//1463 330//1463
f 325//1464 96//1464 322//1464
f 100//1465 96//1465 325//1465
f 322//1466 92//1466 318//1466
f 96//1467 92//1467 322//1467
f 318//1468 88//1468 314//1468
f 92//1469 88//1469 318//1469
f 314//1470 84//1470 309//1470
f 88//1471 84//1471 314//1471
f 309//1472 79//1472 307//1472
f 84//1473 79//1473 309//1473
f 307//1474 81//1474 311//1474
f 79//1475 81//1475 307//1475
f 311//1476 83//1476 315//1476
f 81//1477 83//1477 311//1477
f 315//1478 87//1478 319//1478
f 83//1479 87//1479 315//1479
f 319//1480 91//1480 323//1480
f 87//1481 91//1481 319//1481
f 323//1482 95//1482 327//1482
f 91//1483 95//1483 323//1483
f 327//1484 99//1484 331//1484
f 95//1485 99//1485 327//1485
f 331//1486 103//1486 335//1486
f 99//1487 103//1487 331//1487
f 335//1488 107//1488 338//1488
f 103//1489 107//1489 335//1489
f 107//1490 108//1490 338//1490
f 1023//1491 681//1491 468//1491
f 468//1492 681//1492 8//1492
f 543//1493 539//1493 756//1493
f 756//1494 539//1494 752//1494
f 752//1495 535//1495 748//1495
f 539//1496 535//1496 752//1496
f 748//1497 531//1497 744//1497
f 535//1498 531//1498 748//1498
f 744//1499 529//1499 742//1499
f 531//1500 529//1500 744//1500
f 742//1501 534//1501 740//1501
f 529//1502 534//1502 742//1502
f 740//1503 537//1503 745//1503
f 534//1504 537//1504 740//1504
f 745//1505 542//1505 750//1505
f 537//1506 542//1506 745//1506
f 750//1507 546//1507 753//1507
f 542//1508 546//1508 750//1508
f 753//1509 548//1509 758//1509
f 546//1510 548//1510 753//1510
f 758//1511 550//1511 760//1511
f 548//1512 550//1512 758//1512
f 760//1513 552//1513 764//1513
f 550//1514 552//1514 760//1514
f 764//1515 554//1515 766//1515
f 552//1516 554//1516 764//1516
f 766//1517 556//1517 768//1517
f 554//1518 556//1518 766//1518
f 768//1519 558//1519 770//1519
f 556//1520 558//1520 768//1520
f 770//1521 560//1521 772//1521
f 558//1522 560//1522 770//1522
f 772//1523 562//1523 774//1523
f 560//1524 562//1524 772//1524
f 774//1525 564//1525 776//1525
f 562//1526 564//1526 774//1526
f 776//1527 566//1527 778//1527
f 564//1528 566//1528 776//1528
f 778//1529 568//1529 780//1529
f 566//1530 568//1530 778//1530
f 780//1531 570//1531 782//1531
f 568//1532 570//1532 780//1532
f 782//1533 572//1533 784//1533
f 570//1534 572//1534 782//1534
f 784//1535 574//1535 786//1535
f 572//1536 574//1536 784//1536
f 574//1537 576//1537 786//1537
f 786//1538 576//1538 787//1538
f 576//1539 578//1539 787//1539
f 787//1540 578//1540 790//1540
f 578//1541 580//1541 790//1541
f 790//1542 580//1542 792//1542
f 580//1543 583//1543 792//1543
f 792//1544 583//1544 794//1544
f 583//1545 585//1545 794//1545
f 794//1546 585//1546 796//1546
f 585//1547 587//1547 796//1547
f 796//1548 587//1548 798//1548
f 587//1549 589//1549 798//1549
f 798//1550 589//1550 800//1550
f 589//1551 591//1551 800//1551
f 800//1552 591//1552 802//1552
f 802//1553 593//1553 804//1553
f 591//1554 593//1554 802//1554
f 804//1555 595//1555 806//1555
f 593//1556 595//1556 804//1556
f 806//1557 596//1557 808//1557
f 595//1558 596//1558 806//1558
f 808//1559 598//1559 810//1559
f 810//1560 598//1560 812//1560
f 596//1561 598//1561 808//1561
f 598//1562 600//1562 812//1562
f 812//1563 600//1563 814//1563
f 814//1564 602//1564 815//1564
f 600//1565 602//1565 814//1565
f 815//1566 604//1566 817//1566
f 602//1567 604//1567 815//1567
f 817//1568 606//1568 820//1568
f 604//1569 606//1569 817//1569
f 820//1570 608//1570 822//1570
f 606//1571 608//1571 820//1571
f 608//1572 610//1572 822//1572
f 822//1573 612//1573 824//1573
f 824//1574 612//1574 826//1574
f 610//1575 612//1575 822//1575
f 826//1576 614//1576 828//1576
f 612//1577 614//1577 826//1577
f 828//1578 616//1578 894//1578
f 614//1579 616//1579 828//1579
f 894//1580 679//1580 893//1580
f 616//1581 679//1581 894//1581
f 893//1582 678//1582 892//1582
f 679//1583 678//1583 893//1583
f 678//1584 677//1584 892//1584
f 892//1585 643//1585 739//1585
f 739//1586 643//1586 738//1586
f 677//1587 643//1587 892//1587
f 738//1588 644//1588 737//1588
f 643//1589 644//1589 738//1589
f 644//1590 645//1590 737//1590
f 737//1591 645//1591 736//1591
f 645//1592 646//1592 736//1592
f 646//1593 647//1593 736//1593
f 736//1594 647//1594 735//1594
f 647//1595 648//1595 735//1595
f 735//1596 648//1596 734//1596
f 734//1597 648//1597 733//1597
f 648//1598 649//1598 733//1598
f 649//1599 650//1599 733//1599
f 733//1600 650//1600 732//1600
f 732//1601 650//1601 731//1601
f 650//1602 651//1602 731//1602
f 651//1603 652//1603 731//1603
f 731//1604 652//1604 730//1604
f 730//1605 652//1605 729//1605
f 652//1606 653//1606 729//1606
f 729//1607 653//1607 728//1607
f 653//1608 654//1608 728//1608
f 654//1609 655//1609 728//1609
f 728//1610 655//1610 727//1610
f 655//1611 656//1611 727//1611
f 727//1612 656//1612 726//1612
f 656//1613 657//1613 726//1613
f 726//1614 657//1614 725//1614
f 725//1615 657//1615 724//1615
f 657//1616 658//1616 724//1616
f 658//1617 659//1617 724//1617
f 724//1618 659//1618 723//1618
f 659//1619 660//1619 723//1619
f 723//1620 660//1620 722//1620
f 722//1621 660//1621 721//1621
f 721//1622 661//1622 710//1622
f 660//1623 661//1623 721//1623
f 661//1624 662//1624 710//1624
f 710//1625 663//1625 709//1625
f 709//1626 663//1626 711//1626
f 662//1627 663//1627 710//1627
f 663//1628 664//1628 711//1628
f 711//1629 665//1629 712//1629
f 712//1630 665//1630 713//1630
f 664//1631 665//1631 711//1631
f 665//1632 666//1632 713//1632
f 713//1633 667//1633 714//1633
f 666//1634 667//1634 713//1634
f 714//1635 668//1635 715//1635
f 667//1636 668//1636 714//1636
f 715//1637 669//1637 716//1637
f 716//1638 669//1638 717//1638
f 668//1639 669//1639 715//1639
f 669//1640 670//1640 717//1640
f 670//1641 671//1641 717//1641
f 717//1642 671//1642 718//1642
f 718//1643 671//1643 719//1643
f 671//1644 672//1644 719//1644
f 719//1645 672//1645 720//1645
f 672//1646 673//1646 720//1646
f 720//1647 673//1647 708//1647
f 673//1648 642//1648 708//1648
f 642//1649 641//1649 708//1649
f 708//1650 641//1650 707//1650
f 707//1651 641//1651 706//1651
f 641//1652 640//1652 706//1652
f 640//1653 639//1653 706//1653
f 706//1654 639//1654 705//1654
f 705//1655 639//1655 704//1655
f 639//1656 630//1656 704//1656
f 630//1657 631//1657 704//1657
f 704//1658 631//1658 703//1658
f 631//1659 632//1659 703//1659
f 703//1660 632//1660 702//1660
f 702//1661 632//1661 701//1661
f 632//1662 633//1662 701//1662
f 701//1663 633//1663 700//1663
f 633//1664 634//1664 700//1664
f 700//1665 634//1665 699//1665
f 634//1666 635//1666 699//1666
f 635//1667 636//1667 699//1667
f 699//1668 636//1668 698//1668
f 636//1669 637//1669 698//1669
f 698//1670 637//1670 697//1670
f 697//1671 637//1671 696//1671
f 637//1672 638//1672 696//1672
f 696//1673 638//1673 695//1673
f 638//1674 618//1674 695//1674
f 618//1675 619//1675 695//1675
f 695//1676 619//1676 694//1676
f 619//1677 620//1677 694//1677
f 694//1678 620//1678 693//1678
f 620//1679 621//1679 693//1679
f 693//1680 621//1680 692//1680
f 692//1681 621//1681 691//1681
f 621//1682 622//1682 691//1682
f 691//1683 622//1683 689//1683
f 622//1684 623//1684 689//1684
f 687//1685 624//1685 685//1685
f 623//1686 624//1686 689//1686
f 689//1687 624//1687 687//1687
f 624//1688 625//1688 685//1688
f 685//1689 626//1689 686//1689
f 686//1690 626//1690 688//1690
f 625//1691 626//1691 685//1691
f 688//1692 627//1692 690//1692
f 626//1693 627//1693 688//1693
f 627//1694 628//1694 690//1694
f 690//1695 629//1695 682//1695
f 628//1696 629//1696 690//1696
f 762//1697 545//1697 756//1697
f 756//1698 545//1698 543//1698
f 481//1699 479//1699 832//1699
f 832//1700 479//1700 830//1700
f 830//1701 477//1701 833//1701
f 479//1702 477//1702 830//1702
f 833//1703 475//1703 834//1703
f 477//1704 475//1704 833//1704
f 834//1705 473//1705 835//1705
f 475//1706 473//1706 834//1706
f 835//1707 470//1707 836//1707
f 473//1708 470//1708 835//1708
f 836//1709 469//1709 837//1709
f 470//1710 469//1710 836//1710
f 837//1711 472//1711 838//1711
f 469//1712 472//1712 837//1712
f 838//1713 474//1713 839//1713
f 472//1714 474//1714 838//1714
f 839//1715 476//1715 840//1715
f 474//1716 476//1716 839//1716
f 840//1717 478//1717 841//1717
f 476//1718 478//1718 840//1718
f 841//1719 480//1719 842//1719
f 478//1720 480//1720 841//1720
f 842//1721 482//1721 843//1721
f 480//1722 482//1722 842//1722
f 843//1723 483//1723 844//1723
f 482//1724 483//1724 843//1724
f 844//1725 484//1725 845//1725
f 483//1726 484//1726 844//1726
f 845//1727 485//1727 846//1727
f 484//1728 485//1728 845//1728
f 846//1729 486//1729 847//1729
f 485//1730 486//1730 846//1730
f 847//1731 487//1731 848//1731
f 486//1732 487//1732 847//1732
f 848//1733 488//1733 849//1733
f 487//1734 488//1734 848//1734
f 849//1735 489//1735 850//1735
f 488//1736 489//1736 849//1736
f 850//1737 490//1737 851//1737
f 489//1738 490//1738 850//1738
f 490//1739 491//1739 851//1739
f 851//1740 491//1740 852//1740
f 491//1741 492//1741 852//1741
f 852//1742 492//1742 853//1742
f 492//1743 493//1743 853//1743
f 853//1744 493//1744 854//1744
f 493//1745 494//1745 854//1745
f 854//1746 494//1746 855//1746
f 494//1747 495//1747 855//1747
f 855//1748 495//1748 856//1748
f 495//1749 496//1749 856//1749
f 856//1750 496//1750 857//1750
f 496//1751 497//1751 857//1751
f 857//1752 497//1752 874//1752
f 497//1753 498//1753 874//1753
f 874//1754 498//1754 875//1754
f 498//1755 499//1755 875//1755
f 875//1756 499//1756 876//1756
f 499//1757 500//1757 876//1757
f 876//1758 500//1758 877//1758
f 877//1759 501//1759 878//1759
f 500//1760 501//1760 877//1760
f 878//1761 502//1761 879//1761
f 501//1762 502//1762 878//1762
f 879//1763 503//1763 880//1763
f 502//1764 503//1764 879//1764
f 880//1765 504//1765 881//1765
f 503//1766 504//1766 880//1766
f 881//1767 505//1767 882//1767
f 504//1768 505//1768 881//1768
f 882//1769 506//1769 883//1769
f 505//1770 506//1770 882//1770
f 883//1771 507//1771 884//1771
f 506//1772 507//1772 883//1772
f 884//1773 508//1773 885//1773
f 507//1774 508//1774 884//1774
f 885//1775 509//1775 886//1775
f 508//1776 509//1776 885//1776
f 886//1777 510//1777 887//1777
f 509//1778 510//1778 886//1778
f 887//1779 511//1779 888//1779
f 510//1780 511//1780 887//1780
f 888//1781 512//1781 859//1781
f 511//1782 512//1782 888//1782
f 859//1783 513//1783 858//1783
f 512//1784 513//1784 859//1784
f 858//1785 514//1785 860//1785
f 513//1786 514//1786 858//1786
f 860//1787 515//1787 861//1787
f 514//1788 515//1788 860//1788
f 861//1789 516//1789 862//1789
f 515//1790 516//1790 861//1790
f 516//1791 517//1791 862//1791
f 862//1792 517//1792 863//1792
f 517//1793 518//1793 863//1793
f 863//1794 518//1794 864//1794
f 518//1795 519//1795 864//1795
f 864//1796 519//1796 867//1796
f 519//1797 520//1797 867//1797
f 867//1798 520//1798 869//1798
f 520//1799 521//1799 869//1799
f 869//1800 521//1800 871//1800
f 521//1801 522//1801 871//1801
f 871//1802 522//1802 873//1802
f 522//1803 523//1803 873//1803
f 873//1804 523//1804 866//1804
f 523//1805 524//1805 866//1805
f 866//1806 524//1806 865//1806
f 524//1807 525//1807 865//1807
f 865//1808 525//1808 868//1808
f 525//1809 526//1809 868//1809
f 868//1810 526//1810 870//1810
f 526//1811 527//1811 870//1811
f 870//1812 527//1812 872//1812
f 872//1813 527//1813 889//1813
f 527//1814 674//1814 889//1814
f 889//1815 674//1815 890//1815
f 674//1816 675//1816 890//1816
f 890//1817 675//1817 891//1817
f 675//1818 676//1818 891//1818
f 891//1819 676//1819 829//1819
f 676//1820 617//1820 829//1820
f 617//1821 615//1821 829//1821
f 829//1822 615//1822 827//1822
f 615//1823 613//1823 827//1823
f 827//1824 613//1824 825//1824
f 825//1825 613//1825 823//1825
f 613//1826 611//1826 823//1826
f 823//1827 609//1827 821//1827
f 821//1828 609//1828 819//1828
f 611//1829 609//1829 823//1829
f 819//1830 607//1830 818//1830
f 609//1831 607//1831 819//1831
f 607//1832 605//1832 818//1832
f 818//1833 603//1833 816//1833
f 816//1834 603//1834 813//1834
f 605//1835 603//1835 818//1835
f 813//1836 601//1836 811//1836
f 603//1837 601//1837 813//1837
f 811//1838 599//1838 809//1838
f 601//1839 599//1839 811//1839
f 809//1840 597//1840 807//1840
f 599//1841 597//1841 809//1841
f 597//1842 594//1842 807//1842
f 807//1843 594//1843 805//1843
f 594//1844 592//1844 805//1844
f 592//1845 590//1845 805//1845
f 805//1846 590//1846 803//1846
f 803//1847 590//1847 801//1847
f 590//1848 588//1848 801//1848
f 588//1849 586//1849 801//1849
f 801//1850 586//1850 799//1850
f 799//1851 586//1851 797//1851
f 586//1852 584//1852 797//1852
f 584//1853 582//1853 797//1853
f 797//1854 582//1854 795//1854
f 795//1855 582//1855 793//1855
f 582//1856 581//1856 793//1856
f 581//1857 579//1857 793//1857
f 793//1858 579//1858 791//1858
f 579//1859 577//1859 791//1859
f 791//1860 577//1860 789//1860
f 789//1861 577//1861 788//1861
f 577//1862 575//1862 788//1862
f 788//1863 575//1863 785//1863
f 575//1864 573//1864 785//1864
f 573//1865 571//1865 785//1865
f 785//1866 571//1866 783//1866
f 783//1867 571//1867 781//1867
f 571//1868 569//1868 781//1868
f 781//1869 569//1869 779//1869
f 569//1870 567//1870 779//1870
f 779//1871 567//1871 777//1871
f 567//1872 565//1872 777//1872
f 777//1873 565//1873 775//1873
f 565//1874 563//1874 775//1874
f 775//1875 563//1875 773//1875
f 563//1876 561//1876 773//1876
f 561//1877 559//1877 773//1877
f 773//1878 559//1878 771//1878
f 771//1879 559//1879 769//1879
f 559//1880 557//1880 769//1880
f 557//1881 555//1881 769//1881
f 769//1882 555//1882 767//1882
f 767//1883 555//1883 765//1883
f 555//1884 553//1884 765//1884
f 765//1885 551//1885 763//1885
f 553//1886 551//1886 765//1886
f 763//1887 549//1887 761//1887
f 761//1888 549//1888 757//1888
f 551//1889 549//1889 763//1889
f 757//1890 547//1890 754//1890
f 549//1891 547//1891 757//1891
f 547//1892 541//1892 754//1892
f 754//1893 538//1893 749//1893
f 749//1894 538//1894 746//1894
f 541//1895 538//1895 754//1895
f 746//1896 533//1896 741//1896
f 538//1897 533//1897 746//1897
f 533//1898 528//1898 741//1898
f 741//1899 530//1899 743//1899
f 528//1900 530//1900 741//1900
f 743//1901 532//1901 747//1901
f 530//1902 532//1902 743//1902
f 747//1903 536//1903 751//1903
f 751//1904 536//1904 755//1904
f 532//1905 536//1905 747//1905
f 755//1906 540//1906 759//1906
f 536//1907 540//1907 755//1907
f 759//1908 544//1908 762//1908
f 540//1909 544//1909 759//1909
f 544//1910 545//1910 762//1910
f 831//1911 471//1911 832//1911
f 832//1912 471//1912 481//1912
f 1024//1913 681//1913 1023//1913
f 680//1914 681//1914 1024//1914
f 1024//1915 9//1915 680//1915
f 683//1916 9//1916 1024//1916
f 895//1917 897//1917 241//1917
f 895//1918 241//1918 16//1918
f 1023//1919 683//1919 1024//1919
f 468//1920 683//1920 1023//1920
f 982//1921 983//1921 1025//1921
f 1025//1922 983//1922 1026//1922
f 1026//1923 984//1923 1027//1923
f 983//1924 984//1924 1026//1924
f 1027//1925 985//1925 1028//1925
f 984//1926 985//1926 1027//1926
f 1028//1927 986//1927 1029//1927
f 985//1928 986//1928 1028//1928
f 1029//1929 987//1929 1030//1929
f 986//1930 987//1930 1029//1930
f 1030//1931 988//1931 1031//1931
f 987//1932 988//1932 1030//1932
f 1031//1933 989//1933 1032//1933
f 988//1934 989//1934 1031//1934
f 1032//1935 990//1935 1033//1935
f 989//1936 990//1936 1032//1936
f 1033//1937 991//1937 1034//1937
f 990//1938 991//1938 1033//1938
f 1034//1939 992//1939 1035//1939
f 991//1940 992//1940 1034//1940
f 992//1941 993//1941 1035//1941
f 1035//1942 993//1942 1036//1942
f 993//1943 994//1943 1036//1943
f 1036//1944 994//1944 1037//1944
f 994//1945 995//1945 1037//1945
f 1037//1946 995//1946 1038//1946
f 995//1947 996//1947 1038//1947
f 1038//1948 996//1948 1039//1948
f 1039//1949 997//1949 1040//1949
f 996//1950 997//1950 1039//1950
f 1040//1951 998//1951 1041//1951
f 997//1952 998//1952 1040//1952
f 1041//1953 999//1953 1042//1953
f 998//1954 999//1954 1041//1954
f 1042//1955 1000//1955 1043//1955
f 999//1956 1000//1956 1042//1956
f 1043//1957 1001//1957 1044//1957
f 1044//1958 1001//1958 1045//1958
f 1000//1959 1001//1959 1043//1959
f 1045//1960 1002//1960 1046//1960
f 1001//1961 1002//1961 1045//1961
f 1002//1962 1003//1962 1046//1962
f 1046//1963 1004//1963 1047//1963
f 1003//1964 1004//1964 1046//1964
f 1047//1965 1005//1965 1048//1965
f 1004//1966 1005//1966 1047//1966
f 1048//1967 1006//1967 1049//1967
f 1005//1968 1006//1968 1048//1968
f 1049//1969 1007//1969 1050//1969
f 1006//1970 1007//1970 1049//1970
f 1050//1971 1008//1971 1051//1971
f 1007//1972 1008//1972 1050//1972
f 1051//1973 1009//1973 1052//1973
f 1008//1974 1009//1974 1051//1974
f 1052//1975 1010//1975 1053//1975
f 1009//1976 1010//1976 1052//1976
f 1053//1977 1011//1977 1054//1977
f 1010//1978 1011//1978 1053//1978
f 1054//1979 1012//1979 1055//1979
f 1011//1980 1012//1980 1054//1980
f 1055//1981 1013//1981 1056//1981
f 1012//1982 1013//1982 1055//1982
f 1056//1983 1014//1983 1057//1983
f 1057//1984 1014//1984 1058//1984
f 1013//1985 1014//1985 1056//1985
f 1014//1986 1015//1986 1058//1986
f 1058//1987 1016//1987 1059//1987
f 1015//1988 1016//1988 1058//1988
f 1059//1989 1017//1989 1060//1989
f 1016//1990 1017//1990 1059//1990
f 1060//1991 1018//1991 1061//1991
f 1017//1992 1018//1992 1060//1992
f 1061//1993 1019//1993 1062//1993
f 1018//1994 1019//1994 1061//1994
f 1019//1995 1020//1995 1062//1995
f 1062//1996 1020//1996 1063//1996
f 1020//1997 1021//1997 1063//1997
f 1063//1998 1021//1998 1064//1998
f 1021//1999 1022//1999 1064//1999
f 1064//2000 1022//2000 1065//2000
f 1022//2001 972//2001 1065//2001
f 1065//2002 972//2002 1066//2002
f 1066//2003 972//2003 1067//2003
f 972//2004 970//2004 1067//2004
f 970//2005 968//2005 1067//2005
f 1067//2006 968//2006 1068//2006
f 968//2007 966//2007 1068//2007
f 1068//2008 966//2008 1069//2008
f 966//2009 964//2009 1069//2009
f 1069//2010 964//2010 1070//2010
f 1070//2011 964//2011 1071//2011
f 964//2012 962//2012 1071//2012
f 962//2013 960//2013 1071//2013
f 1071//2014 960//2014 1072//2014
f 1072//2015 958//2015 1073//2015
f 960//2016 958//2016 1072//2016
f 1073//2017 958//2017 1074//2017
f 958//2018 956//2018 1074//2018
f 956//2019 954//2019 1074//2019
f 1074//2020 954//2020 1075//2020
f 1075//2021 952//2021 1076//2021
f 954//2022 952//2022 1075//2022
f 1076//2023 935//2023 1077//2023
f 952//2024 935//2024 1076//2024
f 1077//2025 934//2025 1078//2025
f 1078//2026 934//2026 1079//2026
f 935//2027 934//2027 1077//2027
f 934//2028 933//2028 1079//2028
f 1079//2029 932//2029 1080//2029
f 933//2030 932//2030 1079//2030
f 1080//2031 931//2031 1081//2031
f 932//2032 931//2032 1080//2032
f 1081//2033 930//2033 1082//2033
f 931//2034 930//2034 1081//2034
f 1082//2035 929//2035 1083//2035
f 930//2036 929//2036 1082//2036
f 1083//2037 928//2037 1084//2037
f 929//2038 928//2038 1083//2038
f 1084//2039 927//2039 1085//2039
f 928//2040 927//2040 1084//2040
f 1085//2041 926//2041 1086//2041
f 1086//2042 926//2042 1087//2042
f 927//2043 926//2043 1085//2043
f 926//2044 925//2044 1087//2044
f 1087//2045 925//2045 1088//2045
f 925//2046 924//2046 1088//2046
f 924//2047 923//2047 1088//2047
f 1088//2048 923//2048 1089//2048
f 923//2049 922//2049 1089//2049
f 1089//2050 922//2050 1090//2050
f 1090//2051 922//2051 1091//2051
f 922//2052 921//2052 1091//2052
f 921//2053 920//2053 1091//2053
f 1091//2054 920//2054 1092//2054
f 920//2055 918//2055 1092//2055
f 1092//2056 918//2056 1093//2056
f 918//2057 916//2057 1093//2057
f 1093//2058 916//2058 1094//2058
f 916//2059 914//2059 1094//2059
f 1094//2060 914//2060 1095//2060
f 914//2061 912//2061 1095//2061
f 1095//2062 912//2062 1096//2062
f 1096//2063 912//2063 1097//2063
f 912//2064 910//2064 1097//2064
f 910//2065 908//2065 1097//2065
f 1097//2066 908//2066 1098//2066
f 1098//2067 908//2067 1099//2067
f 908//2068 906//2068 1099//2068
f 906//2069 904//2069 1099//2069
f 1099//2070 904//2070 1100//2070
f 904//2071 902//2071 1100//2071
f 1100//2072 902//2072 1101//2072
f 1101//2073 902//2073 1102//2073
f 902//2074 900//2074 1102//2074
f 1102//2075 900//2075 1103//2075
f 900//2076 896//2076 1103//2076
f 896//2077 898//2077 1103//2077
f 1103//2078 898//2078 1104//2078
f 898//2079 899//2079 1104//2079
f 1104//2080 899//2080 1105//2080
f 899//2081 901//2081 1105//2081
f 1105//2082 901//2082 1106//2082
f 901//2083 903//2083 1106//2083
f 1106//2084 903//2084 1107//2084
f 1107//2085 905//2085 1108//2085
f 903//2086 905//2086 1107//2086
f 1108//2087 907//2087 1109//2087
f 1109//2088 907//2088 1110//2088
f 905//2089 907//2089 1108//2089
f 907//2090 909//2090 1110//2090
f 1110//2091 911//2091 1111//2091
f 1111//2092 911//2092 1112//2092
f 909//2093 911//2093 1110//2093
f 911//2094 913//2094 1112//2094
f 913//2095 915//2095 1112//2095
f 1112//2096 915//2096 1113//2096
f 915//2097 917//2097 1113//2097
f 1113//2098 917//2098 1114//2098
f 917//2099 919//2099 1114//2099
f 1114//2100 919//2100 1115//2100
f 919//2101 947//2101 1115//2101
f 1115//2102 947//2102 1116//2102
f 947//2103 948//2103 1116//2103
f 1116//2104 948//2104 1117//2104
f 948//2105 949//2105 1117//2105
f 1117//2106 949//2106 1118//2106
f 949//2107 950//2107 1118//2107
f 1118//2108 950//2108 1119//2108
f 950//2109 951//2109 1119//2109
f 1119//2110 951//2110 1120//2110
f 951//2111 937//2111 1120//2111
f 1120//2112 937//2112 1121//2112
f 937//2113 936//2113 1121//2113
f 1121//2114 936//2114 1122//2114
f 936//2115 938//2115 1122//2115
f 1122//2116 938//2116 1123//2116
f 1123//2117 938//2117 1124//2117
f 938//2118 939//2118 1124//2118
f 1124//2119 940//2119 1125//2119
f 939//2120 940//2120 1124//2120
f 1125//2121 941//2121 1126//2121
f 1126//2122 941//2122 1127//2122
f 940//2123 941//2123 1125//2123
f 941//2124 942//2124 1127//2124
f 1127//2125 943//2125 1128//2125
f 1128//2126 943//2126 1129//2126
f 942//2127 943//2127 1127//2127
f 943//2128 944//2128 1129//2128
f 1129//2129 945//2129 1130//2129
f 1130//2130 945//2130 1131//2130
f 944//2131 945//2131 1129//2131
f 945//2132 946//2132 1131//2132
f 1131//2133 953//2133 1132//2133
f 946//2134 953//2134 1131//2134
f 1132//2135 955//2135 1133//2135
f 953//2136 955//2136 1132//2136
f 1133//2137 957//2137 1134//2137
f 955//2138 957//2138 1133//2138
f 1134//2139 959//2139 1135//2139
f 957//2140 959//2140 1134//2140
f 1135//2141 961//2141 1136//2141
f 959//2142 961//2142 1135//2142
f 961//2143 963//2143 1136//2143
f 1136//2144 963//2144 1137//2144
f 963//2145 965//2145 1137//2145
f 1137//2146 965//2146 1138//2146
f 965//2147 967//2147 1138//2147
f 1138//2148 967//2148 1139//2148
f 1139//2149 967//2149 1140//2149
f 967//2150 969//2150 1140//2150
f 969//2151 971//2151 1140//2151
f 1140//2152 971//2152 1141//2152
f 1141//2153 973//2153 1142//2153
f 1142//2154 973//2154 1143//2154
f 971//2155 973//2155 1141//2155
f 973//2156 974//2156 1143//2156
f 1143//2157 975//2157 1144//2157
f 974//2158 975//2158 1143//2158
f 1144//2159 976//2159 1145//2159
f 1145//2160 976//2160 1146//2160
f 975//2161 976//2161 1144//2161
f 976//2162 977//2162 1146//2162
f 1146//2163 978//2163 1147//2163
f 977//2164 978//2164 1146//2164
f 1147//2165 979//2165 1148//2165
f 978//2166 979//2166 1147//2166
f 1148//2167 980//2167 1149//2167
f 979//2168 980//2168 1148//2168
f 1149//2169 981//2169 1150//2169
f 980//2170 981//2170 1149//2170
f 1150//2171 982//2171 1025//2171
f 981//2172 982//2172 1150//2172
f 1151//2173 1103//2173 1104//2173
f 1152//2174 1103//2174 1151//2174
f 1152//2175 1102//2175 1103//2175
f 1153//2176 1151//2176 1104//2176
f 1153//2177 1104//2177 1105//2177
f 1154//2178 1102//2178 1152//2178
f 1154//2179 1101//2179 1102//2179
f 1155//2180 1153//2180 1105//2180
f 1155//2181 1105//2181 1106//2181
f 1156//2182 1101//2182 1154//2182
f 1156//2183 1100//2183 1101//2183
f 1157//2184 1155//2184 1106//2184
f 1157//2185 1106//2185 1107//2185
f 1158//2186 1100//2186 1156//2186
f 1158//2187 1099//2187 1100//2187
f 1159//2188 1157//2188 1107//2188
f 1159//2189 1107//2189 1108//2189
f 1160//2190 1099//2190 1158//2190
f 1160//2191 1098//2191 1099//2191
f 1161//2192 1159//2192 1108//2192
f 1161//2193 1108//2193 1109//2193
f 1162//2194 1097//2194 1098//2194
f 1162//2195 1098//2195 1160//2195
f 1163//2196 1161//2196 1109//2196
f 1163//2197 1109//2197 1110//2197
f 1163//2198 1110//2198 1111//2198
f 1164//2199 1096//2199 1097//2199
f 1164//2200 1097//2200 1162//2200
f 1165//2201 1111//2201 1112//2201
f 1165//2202 1163//2202 1111//2202
f 1166//2203 1095//2203 1096//2203
f 1166//2204 1096//2204 1164//2204
f 1167//2205 1165//2205 1112//2205
f 1167//2206 1112//2206 1113//2206
f 1168//2207 1094//2207 1095//2207
f 1168//2208 1095//2208 1166//2208
f 1169//2209 1167//2209 1113//2209
f 1169//2210 1113//2210 1114//2210
f 1170//2211 1094//2211 1168//2211
f 1170//2212 1093//2212 1094//2212
f 1171//2213 1114//2213 1115//2213
f 1171//2214 1169//2214 1114//2214
f 1172//2215 1093//2215 1170//2215
f 1172//2216 1092//2216 1093//2216
f 1173//2217 1115//2217 1116//2217
f 1173//2218 1171//2218 1115//2218
f 1174//2219 1091//2219 1092//2219
f 1174//2220 1092//2220 1172//2220
f 1175//2221 1173//2221 1116//2221
f 1175//2222 1116//2222 1117//2222
f 1176//2223 1091//2223 1174//2223
f 1176//2224 1090//2224 1091//2224
f 1177//2225 1175//2225 1117//2225
f 1177//2226 1117//2226 1118//2226
f 1178//2227 1090//2227 1176//2227
f 1178//2228 1089//2228 1090//2228
f 1179//2229 1177//2229 1118//2229
f 1179//2230 1118//2230 1119//2230
f 1180//2231 1089//2231 1178//2231
f 1180//2232 1088//2232 1089//2232
f 1181//2233 1179//2233 1119//2233
f 1181//2234 1119//2234 1120//2234
f 1182//2235 1088//2235 1180//2235
f 1182//2236 1087//2236 1088//2236
f 1183//2237 1181//2237 1120//2237
f 1183//2238 1120//2238 1121//2238
f 1184//2239 1087//2239 1182//2239
f 1184//2240 1085//2240 1086//2240
f 1184//2241 1086//2241 1087//2241
f 1185//2242 1183//2242 1121//2242
f 1185//2243 1121//2243 1122//2243
f 1186//2244 1085//2244 1184//2244
f 1186//2245 1084//2245 1085//2245
f 1187//2246 1185//2246 1122//2246
f 1187//2247 1122//2247 1123//2247
f 1188//2248 1084//2248 1186//2248
f 1188//2249 1083//2249 1084//2249
f 1189//2250 1187//2250 1123//2250
f 1189//2251 1123//2251 1124//2251
f 1190//2252 1083//2252 1188//2252
f 1190//2253 1082//2253 1083//2253
f 1191//2254 1189//2254 1124//2254
f 1191//2255 1124//2255 1125//2255
f 1192//2256 1082//2256 1190//2256
f 1192//2257 1081//2257 1082//2257
f 1193//2258 1125//2258 1126//2258
f 1193//2259 1191//2259 1125//2259
f 1194//2260 1081//2260 1192//2260
f 1194//2261 1080//2261 1081//2261
f 1195//2262 1126//2262 1127//2262
f 1195//2263 1193//2263 1126//2263
f 1196//2264 1079//2264 1080//2264
f 1196//2265 1080//2265 1194//2265
f 1197//2266 1127//2266 1128//2266
f 1197//2267 1195//2267 1127//2267
f 1198//2268 1079//2268 1196//2268
f 1198//2269 1078//2269 1079//2269
f 1199//2270 1128//2270 1129//2270
f 1199//2271 1197//2271 1128//2271
f 1200//2272 1078//2272 1198//2272
f 1200//2273 1077//2273 1078//2273
f 1201//2274 1129//2274 1130//2274
f 1201//2275 1199//2275 1129//2275
f 1202//2276 1076//2276 1077//2276
f 1202//2277 1077//2277 1200//2277
f 1203//2278 1130//2278 1131//2278
f 1203//2279 1201//2279 1130//2279
f 1204//2280 1075//2280 1076//2280
f 1204//2281 1076//2281 1202//2281
f 1205//2282 1131//2282 1132//2282
f 1205//2283 1203//2283 1131//2283
f 1206//2284 1074//2284 1075//2284
f 1206//2285 1075//2285 1204//2285
f 1207//2286 1132//2286 1133//2286
f 1207//2287 1205//2287 1132//2287
f 1208//2288 1073//2288 1074//2288
f 1208//2289 1074//2289 1206//2289
f 1209//2290 1133//2290 1134//2290
f 1209//2291 1134//2291 1135//2291
f 1209//2292 1207//2292 1133//2292
f 1210//2293 1073//2293 1208//2293
f 1072//2294 1073//2294 1210//2294
f 1211//2295 1209//2295 1135//2295
f 1212//2296 1072//2296 1210//2296
f 1136//2297 1211//2297 1135//2297
f 1136//2298 1213//2298 1211//2298
f 1071//2299 1212//2299 1214//2299
f 1071//2300 1072//2300 1212//2300
f 1137//2301 1213//2301 1136//2301
f 1137//2302 1215//2302 1213//2302
f 1070//2303 1071//2303 1214//2303
f 1070//2304 1216//2304 1217//2304
f 1070//2305 1214//2305 1216//2305
f 1138//2306 1215//2306 1137//2306
f 1138//2307 1218//2307 1215//2307
f 1069//2308 1070//2308 1217//2308
f 1069//2309 1217//2309 1219//2309
f 1139//2310 1218//2310 1138//2310
f 1139//2311 1220//2311 1218//2311
f 1068//2312 1069//2312 1219//2312
f 1068//2313 1219//2313 1221//2313
f 1140//2314 1222//2314 1220//2314
f 1140//2315 1220//2315 1139//2315
f 1067//2316 1068//2316 1221//2316
f 1067//2317 1221//2317 1223//2317
f 1141//2318 1224//2318 1222//2318
f 1141//2319 1222//2319 1140//2319
f 1066//2320 1223//2320 1225//2320
f 1066//2321 1067//2321 1223//2321
f 1142//2322 1226//2322 1224//2322
f 1142//2323 1224//2323 1141//2323
f 1065//2324 1066//2324 1225//2324
f 1065//2325 1225//2325 1227//2325
f 1143//2326 1228//2326 1226//2326
f 1143//2327 1226//2327 1142//2327
f 1064//2328 1065//2328 1227//2328
f 1064//2329 1227//2329 1229//2329
f 1144//2330 1228//2330 1143//2330
f 1144//2331 1230//2331 1228//2331
f 1063//2332 1064//2332 1229//2332
f 1063//2333 1229//2333 1231//2333
f 1145//2334 1232//2334 1230//2334
f 1145//2335 1230//2335 1144//2335
f 1062//2336 1231//2336 1233//2336
f 1062//2337 1063//2337 1231//2337
f 1146//2338 1232//2338 1145//2338
f 1146//2339 1234//2339 1232//2339
f 1061//2340 1233//2340 1235//2340
f 1061//2341 1062//2341 1233//2341
f 1147//2342 1234//2342 1146//2342
f 1147//2343 1236//2343 1234//2343
f 1060//2344 1235//2344 1237//2344
f 1060//2345 1061//2345 1235//2345
f 1148//2346 1236//2346 1147//2346
f 1148//2347 1238//2347 1236//2347
f 1059//2348 1237//2348 1239//2348
f 1059//2349 1060//2349 1237//2349
f 1149//2350 1240//2350 1238//2350
f 1149//2351 1238//2351 1148//2351
f 1058//2352 1059//2352 1239//2352
f 1058//2353 1239//2353 1241//2353
f 1150//2354 1240//2354 1149//2354
f 1150//2355 1242//2355 1240//2355
f 1150//2356 1243//2356 1242//2356
f 1057//2357 1241//2357 1244//2357
f 1057//2358 1058//2358 1241//2358
f 1025//2359 1245//2359 1243//2359
f 1025//2360 1243//2360 1150//2360
f 1056//2361 1057//2361 1244//2361
f 1056//2362 1244//2362 1246//2362
f 1026//2363 1245//2363 1025//2363
f 1026//2364 1247//2364 1245//2364
f 1055//2365 1246//2365 1248//2365
f 1055//2366 1056//2366 1246//2366
f 1027//2367 1249//2367 1247//2367
f 1027//2368 1247//2368 1026//2368
f 1054//2369 1248//2369 1250//2369
f 1054//2370 1055//2370 1248//2370
f 1028//2371 1251//2371 1249//2371
f 1028//2372 1249//2372 1027//2372
f 1053//2373 1250//2373 1252//2373
f 1053//2374 1054//2374 1250//2374
f 1029//2375 1253//2375 1251//2375
f 1029//2376 1251//2376 1028//2376
f 1052//2377 1053//2377 1252//2377
f 1052//2378 1252//2378 1254//2378
f 1030//2379 1253//2379 1029//2379
f 1030//2380 1255//2380 1253//2380
f 1051//2381 1052//2381 1254//2381
f 1051//2382 1254//2382 1256//2382
f 1031//2383 1255//2383 1030//2383
f 1031//2384 1257//2384 1255//2384
f 1050//2385 1051//2385 1256//2385
f 1050//2386 1256//2386 1258//2386
f 1032//2387 1259//2387 1257//2387
f 1032//2388 1257//2388 1031//2388
f 1049//2389 1050//2389 1258//2389
f 1049//2390 1258//2390 1260//2390
f 1033//2391 1259//2391 1032//2391
f 1033//2392 1261//2392 1259//2392
f 1048//2393 1049//2393 1260//2393
f 1048//2394 1260//2394 1262//2394
f 1034//2395 1263//2395 1261//2395
f 1034//2396 1261//2396 1033//2396
f 1047//2397 1048//2397 1262//2397
f 1047//2398 1264//2398 1265//2398
f 1047//2399 1262//2399 1264//2399
f 1035//2400 1263//2400 1034//2400
f 1035//2401 1266//2401 1263//2401
f 1046//2402 1047//2402 1265//2402
f 1046//2403 1265//2403 1267//2403
f 1036//2404 1266//2404 1035//2404
f 1036//2405 1268//2405 1266//2405
f 1045//2406 1046//2406 1267//2406
f 1045//2407 1267//2407 1269//2407
f 1037//2408 1268//2408 1036//2408
f 1037//2409 1270//2409 1268//2409
f 1044//2410 1045//2410 1269//2410
f 1044//2411 1269//2411 1271//2411
f 1038//2412 1270//2412 1037//2412
f 1038//2413 1272//2413 1270//2413
f 1043//2414 1044//2414 1271//2414
f 1043//2415 1271//2415 1273//2415
f 1039//2416 1272//2416 1038//2416
f 1039//2417 1274//2417 1272//2417
f 1042//2418 1273//2418 1275//2418
f 1042//2419 1043//2419 1273//2419
f 1040//2420 1276//2420 1274//2420
f 1040//2421 1274//2421 1039//2421
f 1041//2422 1275//2422 1276//2422
f 1041//2423 1042//2423 1275//2423
f 1041//2424 1276//2424 1040//2424
f 1245//2425 1247//2425 1277//2425
f 1277//2426 1247//2426 1278//2426
f 1278//2427 1249//2427 1279//2427
f 1279//2428 1249//2428 1280//2428
f 1247//2429 1249//2429 1278//2429
f 1249//2430 1251//2430 1280//2430
f 1280//2431 1253//2431 1281//2431
f 1281//2432 1253//2432 1282//2432
f 1251//2433 1253//2433 1280//2433
f 1282//2434 1255//2434 1283//2434
f 1253//2435 1255//2435 1282//2435
f 1255//2436 1257//2436 1283//2436
f 1283//2437 1259//2437 1284//2437
f 1257//2438 1259//2438 1283//2438
f 1284//2439 1261//2439 1285//2439
f 1285//2440 1261//2440 1286//2440
f 1259//2441 1261//2441 1284//2441
f 1261//2442 1263//2442 1286//2442
f 1286//2443 1266//2443 1287//2443
f 1263//2444 1266//2444 1286//2444
f 1266//2445 1268//2445 1287//2445
f 1287//2446 1268//2446 1288//2446
f 1268//2447 1270//2447 1288//2447
f 1288//2448 1270//2448 1289//2448
f 1270//2449 1272//2449 1289//2449
f 1289//2450 1272//2450 1290//2450
f 1272//2451 1274//2451 1290//2451
f 1290//2452 1274//2452 1291//2452
f 1291//2453 1276//2453 1292//2453
f 1274//2454 1276//2454 1291//2454
f 1292//2455 1275//2455 1293//2455
f 1276//2456 1275//2456 1292//2456
f 1293//2457 1273//2457 1294//2457
f 1275//2458 1273//2458 1293//2458
f 1294//2459 1271//2459 1295//2459
f 1273//2460 1271//2460 1294//2460
f 1295//2461 1269//2461 1296//2461
f 1271//2462 1269//2462 1295//2462
f 1296//2463 1267//2463 1297//2463
f 1269//2464 1267//2464 1296//2464
f 1297//2465 1265//2465 1298//2465
f 1267//2466 1265//2466 1297//2466
f 1298//2467 1264//2467 1299//2467
f 1299//2468 1264//2468 1300//2468
f 1265//2469 1264//2469 1298//2469
f 1264//2470 1262//2470 1300//2470
f 1300//2471 1260//2471 1301//2471
f 1301//2472 1260//2472 1302//2472
f 1262//2473 1260//2473 1300//2473
f 1260//2474 1258//2474 1302//2474
f 1302//2475 1256//2475 1303//2475
f 1258//2476 1256//2476 1302//2476
f 1303//2477 1254//2477 1304//2477
f 1304//2478 1254//2478 1305//2478
f 1256//2479 1254//2479 1303//2479
f 1254//2480 1252//2480 1305//2480
f 1305//2481 1250//2481 1306//2481
f 1252//2482 1250//2482 1305//2482
f 1306//2483 1248//2483 1307//2483
f 1307//2484 1248//2484 1308//2484
f 1250//2485 1248//2485 1306//2485
f 1248//2486 1246//2486 1308//2486
f 1308//2487 1244//2487 1309//2487
f 1309//2488 1244//2488 1310//2488
f 1246//2489 1244//2489 1308//2489
f 1244//2490 1241//2490 1310//2490
f 1310//2491 1239//2491 1311//2491
f 1311//2492 1239//2492 1312//2492
f 1241//2493 1239//2493 1310//2493
f 1239//2494 1237//2494 1312//2494
f 1237//2495 1235//2495 1312//2495
f 1312//2496 1235//2496 1313//2496
f 1313//2497 1233//2497 1314//2497
f 1235//2498 1233//2498 1313//2498
f 1233//2499 1231//2499 1314//2499
f 1314//2500 1231//2500 1315//2500
f 1231//2501 1229//2501 1315//2501
f 1315//2502 1229//2502 1316//2502
f 1229//2503 1227//2503 1316//2503
f 1316//2504 1227//2504 1317//2504
f 1227//2505 1225//2505 1317//2505
f 1317//2506 1225//2506 1318//2506
f 1225//2507 1223//2507 1318//2507
f 1318//2508 1223//2508 1319//2508
f 1319//2509 1223//2509 1320//2509
f 1223//2510 1221//2510 1320//2510
f 1221//2511 1219//2511 1320//2511
f 1320//2512 1219//2512 1321//2512
f 1321//2513 1219//2513 1322//2513
f 1219//2514 1217//2514 1322//2514
f 1322//2515 1217//2515 1323//2515
f 1217//2516 1216//2516 1323//2516
f 1323//2517 1216//2517 1324//2517
f 1216//2518 1214//2518 1324//2518
f 1214//2519 1212//2519 1324//2519
f 1324//2520 1212//2520 1325//2520
f 1212//2521 1210//2521 1325//2521
f 1325//2522 1210//2522 1326//2522
f 1326//2523 1208//2523 1327//2523
f 1210//2524 1208//2524 1326//2524
f 1327//2525 1206//2525 1328//2525
f 1208//2526 1206//2526 1327//2526
f 1328//2527 1204//2527 1329//2527
f 1206//2528 1204//2528 1328//2528
f 1329//2529 1202//2529 1330//2529
f 1204//2530 1202//2530 1329//2530
f 1330//2531 1200//2531 1331//2531
f 1202//2532 1200//2532 1330//2532
f 1331//2533 1198//2533 1332//2533
f 1200//2534 1198//2534 1331//2534
f 1332//2535 1196//2535 1333//2535
f 1333//2536 1196//2536 1334//2536
f 1198//2537 1196//2537 1332//2537
f 1196//2538 1194//2538 1334//2538
f 1334//2539 1194//2539 1335//2539
f 1194//2540 1192//2540 1335//2540
f 1335//2541 1190//2541 1336//2541
f 1336//2542 1190//2542 1337//2542
f 1192//2543 1190//2543 1335//2543
f 1337//2544 1188//2544 1338//2544
f 1190//2545 1188//2545 1337//2545
f 1188//2546 1186//2546 1338//2546
f 1186//2547 1184//2547 1338//2547
f 1338//2548 1184//2548 1339//2548
f 1184//2549 1182//2549 1339//2549
f 1339//2550 1182//2550 1340//2550
f 1182//2551 1180//2551 1340//2551
f 1340//2552 1180//2552 1341//2552
f 1180//2553 1178//2553 1341//2553
f 1341//2554 1178//2554 1342//2554
f 1178//2555 1176//2555 1342//2555
f 1342//2556 1176//2556 1343//2556
f 1176//2557 1174//2557 1343//2557
f 1343//2558 1174//2558 1344//2558
f 1174//2559 1172//2559 1344//2559
f 1344//2560 1172//2560 1345//2560
f 1172//2561 1170//2561 1345//2561
f 1345//2562 1170//2562 1346//2562
f 1170//2563 1168//2563 1346//2563
f 1346//2564 1168//2564 1347//2564
f 1168//2565 1166//2565 1347//2565
f 1347//2566 1166//2566 1348//2566
f 1166//2567 1164//2567 1348//2567
f 1348//2568 1164//2568 1349//2568
f 1164//2569 1162//2569 1349//2569
f 1349//2570 1162//2570 1350//2570
f 1162//2571 1160//2571 1350//2571
f 1350//2572 1160//2572 1351//2572
f 1160//2573 1158//2573 1351//2573
f 1351//2574 1158//2574 1352//2574
f 1158//2575 1156//2575 1352//2575
f 1352//2576 1156//2576 1353//2576
f 1156//2577 1154//2577 1353//2577
f 1353//2578 1154//2578 1354//2578
f 1154//2579 1152//2579 1354//2579
f 1354//2580 1152//2580 1355//2580
f 1152//2581 1151//2581 1355//2581
f 1355//2582 1151//2582 1356//2582
f 1151//2583 1153//2583 1356//2583
f 1356//2584 1153//2584 1357//2584
f 1153//2585 1155//2585 1357//2585
f 1357//2586 1155//2586 1358//2586
f 1358//2587 1155//2587 1359//2587
f 1155//2588 1157//2588 1359//2588
f 1359//2589 1159//2589 1360//2589
f 1157//2590 1159//2590 1359//2590
f 1360//2591 1161//2591 1361//2591
f 1361//2592 1161//2592 1362//2592
f 1159//2593 1161//2593 1360//2593
f 1362//2594 1163//2594 1363//2594
f 1161//2595 1163//2595 1362//2595
f 1163//2596 1165//2596 1363//2596
f 1363//2597 1167//2597 1364//2597
f 1165//2598 1167//2598 1363//2598
f 1167//2599 1169//2599 1364//2599
f 1364//2600 1169//2600 1365//2600
f 1169//2601 1171//2601 1365//2601
f 1365//2602 1171//2602 1366//2602
f 1171//2603 1173//2603 1366//2603
f 1366//2604 1173//2604 1367//2604
f 1173//2605 1175//2605 1367//2605
f 1367//2606 1175//2606 1368//2606
f 1175//2607 1177//2607 1368//2607
f 1368//2608 1177//2608 1369//2608
f 1369//2609 1177//2609 1370//2609
f 1177//2610 1179//2610 1370//2610
f 1370//2611 1179//2611 1371//2611
f 1179//2612 1181//2612 1371//2612
f 1181//2613 1183//2613 1371//2613
f 1371//2614 1183//2614 1372//2614
f 1183//2615 1185//2615 1372//2615
f 1372//2616 1185//2616 1373//2616
f 1185//2617 1187//2617 1373//2617
f 1373//2618 1187//2618 1374//2618
f 1187//2619 1189//2619 1374//2619
f 1374//2620 1189//2620 1375//2620
f 1375//2621 1189//2621 1376//2621
f 1189//2622 1191//2622 1376//2622
f 1376//2623 1193//2623 1377//2623
f 1191//2624 1193//2624 1376//2624
f 1377//2625 1195//2625 1378//2625
f 1193//2626 1195//2626 1377//2626
f 1378//2627 1197//2627 1379//2627
f 1195//2628 1197//2628 1378//2628
f 1379//2629 1199//2629 1380//2629
f 1197//2630 1199//2630 1379//2630
f 1380//2631 1201//2631 1381//2631
f 1199//2632 1201//2632 1380//2632
f 1381//2633 1203//2633 1382//2633
f 1201//2634 1203//2634 1381//2634
f 1382//2635 1205//2635 1383//2635
f 1203//2636 1205//2636 1382//2636
f 1383//2637 1207//2637 1384//2637
f 1384//2638 1207//2638 1385//2638
f 1205//2639 1207//2639 1383//2639
f 1207//2640 1209//2640 1385//2640
f 1385//2641 1211//2641 1386//2641
f 1386//2642 1211//2642 1387//2642
f 1209//2643 1211//2643 1385//2643
f 1211//2644 1213//2644 1387//2644
f 1387//2645 1215//2645 1388//2645
f 1213//2646 1215//2646 1387//2646
f 1215//2647 1218//2647 1388//2647
f 1388//2648 1218//2648 1389//2648
f 1218//2649 1220//2649 1389//2649
f 1389//2650 1220//2650 1390//2650
f 1220//2651 1222//2651 1390//2651
f 1390//2652 1222//2652 1391//2652
f 1222//2653 1224//2653 1391//2653
f 1391//2654 1224//2654 1392//2654
f 1392//2655 1226//2655 1393//2655
f 1224//2656 1226//2656 1392//2656
f 1393//2657 1228//2657 1394//2657
f 1226//2658 1228//2658 1393//2658
f 1394//2659 1230//2659 1395//2659
f 1228//2660 1230//2660 1394//2660
f 1395//2661 1232//2661 1396//2661
f 1230//2662 1232//2662 1395//2662
f 1396//2663 1234//2663 1397//2663
f 1232//2664 1234//2664 1396//2664
f 1397//2665 1236//2665 1398//2665
f 1234//2666 1236//2666 1397//2666
f 1398//2667 1238//2667 1399//2667
f 1236//2668 1238//2668 1398//2668
f 1399//2669 1240//2669 1400//2669
f 1238//2670 1240//2670 1399//2670
f 1400//2671 1242//2671 1401//2671
f 1240//2672 1242//2672 1400//2672
f 1401//2673 1243//2673 1402//2673
f 1242//2674 1243//2674 1401//2674
f 1402//2675 1245//2675 1277//2675
f 1243//2676 1245//2676 1402//2676
f 1360//2677 1358//2677 1359//2677
f 1361//2678 1358//2678 1360//2678
f 1361//2679 1356//2679 1357//2679
f 1361//2680 1357//2680 1358//2680
f 1364//2681 1362//2681 1363//2681
f 1365//2682 1362//2682 1364//2682
f 1365//2683 1361//2683 1362//2683
f 1346//2684 1347//2684 1348//2684
f 1369//2685 1365//2685 1366//2685
f 1369//2686 1366//2686 1367//2686
f 1369//2687 1367//2687 1368//2687
f 1340//2688 1346//2688 1348//2688
f 1340//2689 1341//2689 1342//2689
f 1340//2690 1342//2690 1343//2690
f 1340//2691 1343//2691 1344//2691
f 1340//2692 1344//2692 1345//2692
f 1340//2693 1345//2693 1346//2693
f 1340//2694 1348//2694 1349//2694
f 1340//2695 1349//2695 1350//2695
f 1340//2696 1350//2696 1351//2696
f 1340//2697 1351//2697 1352//2697
f 1340//2698 1352//2698 1353//2698
f 1338//2699 1339//2699 1340//2699
f 1374//2700 1372//2700 1373//2700
f 1334//2701 1335//2701 1336//2701
f 1334//2702 1336//2702 1337//2702
f 1334//2703 1337//2703 1338//2703
f 1334//2704 1353//2704 1354//2704
f 1334//2705 1354//2705 1355//2705
f 1334//2706 1340//2706 1353//2706
f 1334//2707 1355//2707 1356//2707
f 1334//2708 1338//2708 1340//2708
f 1379//2709 1377//2709 1378//2709
f 1380//2710 1375//2710 1376//2710
f 1380//2711 1377//2711 1379//2711
f 1380//2712 1376//2712 1377//2712
f 1331//2713 1332//2713 1333//2713
f 1381//2714 1372//2714 1374//2714
f 1381//2715 1375//2715 1380//2715
f 1381//2716 1371//2716 1372//2716
f 1381//2717 1374//2717 1375//2717
f 1329//2718 1330//2718 1331//2718
f 1329//2719 1333//2719 1334//2719
f 1329//2720 1331//2720 1333//2720
f 1383//2721 1381//2721 1382//2721
f 1327//2722 1328//2722 1329//2722
f 1385//2723 1383//2723 1384//2723
f 1326//2724 1327//2724 1329//2724
f 1386//2725 1383//2725 1385//2725
f 1386//2726 1381//2726 1383//2726
f 1387//2727 1381//2727 1386//2727
f 1324//2728 1325//2728 1326//2728
f 1389//2729 1387//2729 1388//2729
f 1389//2730 1381//2730 1387//2730
f 1321//2731 1322//2731 1323//2731
f 1321//2732 1324//2732 1326//2732
f 1321//2733 1323//2733 1324//2733
f 1319//2734 1320//2734 1321//2734
f 1318//2735 1319//2735 1321//2735
f 1394//2736 1389//2736 1390//2736
f 1394//2737 1390//2737 1391//2737
f 1394//2738 1391//2738 1392//2738
f 1394//2739 1392//2739 1393//2739
f 1315//2740 1316//2740 1317//2740
f 1397//2741 1394//2741 1395//2741
f 1397//2742 1395//2742 1396//2742
f 1397//2743 1381//2743 1389//2743
f 1397//2744 1389//2744 1394//2744
f 1314//2745 1334//2745 1356//2745
f 1314//2746 1329//2746 1334//2746
f 1314//2747 1326//2747 1329//2747
f 1314//2748 1317//2748 1318//2748
f 1314//2749 1356//2749 1361//2749
f 1314//2750 1321//2750 1326//2750
f 1314//2751 1318//2751 1321//2751
f 1314//2752 1315//2752 1317//2752
f 1314//2753 1361//2753 1365//2753
f 1314//2754 1365//2754 1369//2754
f 1314//2755 1369//2755 1370//2755
f 1314//2756 1370//2756 1371//2756
f 1399//2757 1397//2757 1398//2757
f 1310//2758 1311//2758 1312//2758
f 1277//2759 1400//2759 1401//2759
f 1277//2760 1401//2760 1402//2760
f 1308//2761 1310//2761 1312//2761
f 1308//2762 1309//2762 1310//2762
f 1278//2763 1400//2763 1277//2763
f 1306//2764 1308//2764 1312//2764
f 1306//2765 1307//2765 1308//2765
f 1282//2766 1278//2766 1279//2766
f 1282//2767 1279//2767 1280//2767
f 1282//2768 1280//2768 1281//2768
f 1303//2769 1306//2769 1312//2769
f 1303//2770 1304//2770 1305//2770
f 1303//2771 1305//2771 1306//2771
f 1303//2772 1312//2772 1313//2772
f 1283//2773 1278//2773 1282//2773
f 1302//2774 1303//2774 1313//2774
f 1284//2775 1278//2775 1283//2775
f 1299//2776 1300//2776 1301//2776
f 1288//2777 1284//2777 1285//2777
f 1288//2778 1400//2778 1278//2778
f 1288//2779 1285//2779 1286//2779
f 1288//2780 1286//2780 1287//2780
f 1288//2781 1399//2781 1400//2781
f 1288//2782 1278//2782 1284//2782
f 1288//2783 1397//2783 1399//2783
f 1297//2784 1298//2784 1299//2784
f 1297//2785 1299//2785 1301//2785
f 1295//2786 1296//2786 1297//2786
f 1295//2787 1297//2787 1301//2787
f 1291//2788 1288//2788 1289//2788
f 1291//2789 1289//2789 1290//2789
f 1294//2790 1301//2790 1302//2790
f 1294//2791 1295//2791 1301//2791
f 1292//2792 1288//2792 1291//2792
f 1293//2793 1371//2793 1381//2793
f 1293//2794 1313//2794 1314//2794
f 1293//2795 1302//2795 1313//2795
f 1293//2796 1288//2796 1292//2796
f 1293//2797 1294//2797 1302//2797
f 1293//2798 1397//2798 1288//2798
f 1293//2799 1381//2799 1397//2799
f 1293//2800 1314//2800 1371//2800
