# Created by FreeCAD <https://www.freecad.org>
v -31.561817 -11.389872 71.275482
v -31.561817 -11.389872 74.275482
v -38.551506 -11.769681 74.275482
v -38.551506 -11.769681 71.275482
v -26.069918 -11.091451 67.599998
v -31.561817 -11.389872 67.599998
v 8.878524 -9.192406 74.286774
v 8.878524 -9.192406 103.000000
v -31.561817 -11.389872 103.000000
v 8.878524 -9.192406 71.286774
v 8.878524 -9.192406 65.500000
v -26.069918 -11.091451 65.500000
v 15.868213 -8.812596 71.286774
v 15.868213 -8.812596 74.286774
v 7.793355 10.778133 71.286774
v 7.793355 10.778133 65.500000
v 8.352132 -8.720271 65.000000
v -25.597784 -10.565058 65.000000
v 15.081025 -5.919606 71.286774
v 15.165583 -5.828244 71.286774
v 15.245485 -5.732786 71.286774
v 14.992027 -6.006646 71.286774
v 15.320537 -5.633469 71.286774
v 14.898805 -6.089148 71.286774
v 15.390552 -5.530538 71.286774
v 14.801593 -6.166905 71.286774
v 15.455357 -5.424250 71.286774
v 14.700629 -6.239728 71.286774
v 15.514791 -5.314869 71.286774
v 14.596166 -6.307436 71.286774
v 15.568707 -5.202664 71.286774
v 14.488462 -6.369859 71.286774
v 15.616968 -5.087914 71.286774
v 14.377787 -6.426844 71.286774
v 15.659461 -4.970905 71.286774
v 14.264407 -6.478247 71.286774
v 14.148613 -6.523944 71.286774
v 14.030684 -6.563820 71.286774
v 13.910921 -6.597777 71.286774
v 13.789613 -6.625730 71.286774
v 13.667065 -6.647609 71.286774
v 13.543580 -6.663360 71.286774
v 13.419463 -6.672945 71.286774
v 13.295025 -6.676341 71.286774
v 13.170570 -6.673537 71.286774
v 13.046411 -6.664540 71.286774
v 12.922851 -6.649375 71.286774
v 12.800200 -6.628079 71.286774
v 12.678761 -6.600704 71.286774
v 12.558834 -6.567317 71.286774
v 12.440721 -6.528000 71.286774
v 12.324708 -6.482856 71.286774
v 12.211090 -6.431990 71.286774
v 12.100143 -6.375532 71.286774
v 11.992145 -6.313620 71.286774
v 11.887361 -6.246410 71.286774
v 11.786050 -6.174069 71.286774
v 11.688469 -6.096772 71.286774
v 11.594859 -6.014713 71.286774
v 11.505445 -5.928098 71.286774
v 11.420459 -5.837139 71.286774
v 11.340100 -5.742061 71.286774
v 11.264579 -5.643102 71.286774
v 11.194074 -5.540506 71.286774
v 11.128767 -5.434526 71.286774
v 11.068811 -5.325428 71.286774
v 11.014363 -5.213481 71.286774
v 10.965559 -5.098962 71.286774
v 10.922510 -4.982155 71.286774
v 10.885332 -4.863350 71.286774
v 10.854115 -4.742842 71.286774
v 10.828936 -4.620929 71.286774
v 10.809855 -4.497914 71.286774
v 10.796919 -4.374103 71.286774
v 10.790164 -4.249800 71.286774
v 10.789608 -4.125315 71.286774
v 10.795247 -4.000957 71.286774
v 10.807069 -3.877034 71.286774
v 14.881580 -2.249183 71.286774
v 14.626521 4.751024 71.286774
v 14.975539 -2.330846 71.286774
v 14.708265 4.845503 71.286774
v 15.065315 -2.417083 71.286774
v 14.783674 -2.172300 71.286774
v 14.540155 4.660746 71.286774
v 14.785191 4.943949 71.286774
v 15.150686 -2.507683 71.286774
v 14.682062 -2.100386 71.286774
v 14.449385 4.574895 71.286774
v 14.857103 5.046115 71.286774
v 15.231442 -2.602421 71.286774
v 14.576997 -2.033618 71.286774
v 14.354443 4.493687 71.286774
v 14.923820 5.151747 71.286774
v 15.307383 -2.701060 71.286774
v 14.468736 -1.972164 71.286774
v 14.255562 4.417323 71.286774
v 14.985175 5.260579 71.286774
v 15.378319 -2.803358 71.286774
v 14.357552 -1.916174 71.286774
v 14.152988 4.345994 71.286774
v 15.041018 5.372340 71.286774
v 15.444077 -2.909060 71.286774
v 14.046979 4.279880 71.286774
v 14.243718 -1.865789 71.286774
v 15.091208 5.486752 71.286774
v 15.504487 -3.017905 71.286774
v 15.559408 -3.129622 71.286774
v 13.937801 4.219143 71.286774
v 14.127519 -1.821134 71.286774
v 13.825722 4.163937 71.286774
v 14.009237 -1.782317 71.286774
v 13.711026 4.114399 71.286774
v 13.889174 -1.749436 71.286774
v 13.593999 4.070653 71.286774
v 13.767618 -1.722573 71.286774
v 13.474933 4.032809 71.286774
v 13.644880 -1.701795 71.286774
v 13.354126 4.000959 71.286774
v 13.521257 -1.687152 71.286774
v 13.231878 3.975186 71.286774
v 13.397060 -1.678680 71.286774
v 13.272596 -1.676401 71.286774
v 13.108494 3.955552 71.286774
v 13.148171 -1.680321 71.286774
v 12.984281 3.942106 71.286774
v 13.024098 -1.690431 71.286774
v 12.859554 3.934882 71.286774
v 12.900681 -1.706703 71.286774
v 12.734622 3.933899 71.286774
v 12.609797 3.939159 71.286774
v 12.778226 -1.729100 71.286774
v 12.485391 3.950648 71.286774
v 12.657037 -1.757564 71.286774
v 12.361712 3.968338 71.286774
v 12.537416 -1.792025 71.286774
v 12.239072 3.992185 71.286774
v 12.419659 -1.832399 71.286774
v 12.117777 4.022129 71.286774
v 12.304055 -1.878584 71.286774
v 11.998130 4.058095 71.286774
v 12.190897 -1.930466 71.286774
v 11.880429 4.099994 71.286774
v 12.080460 -1.987917 71.286774
v 11.764969 4.147720 71.286774
v 11.973022 -2.050794 71.286774
v 11.652036 4.201156 71.286774
v 11.868847 -2.118941 71.286774
v 11.541914 4.260166 71.286774
v 11.768192 -2.192190 71.286774
v 11.434877 4.324605 71.286774
v 11.671309 -2.270359 71.286774
v 11.331196 4.394310 71.286774
v 11.578432 -2.353253 71.286774
v 11.231123 4.469109 71.286774
v 11.489802 -2.440668 71.286774
v 11.134913 4.548812 71.286774
v 11.405635 -2.532387 71.286774
v 11.042807 4.633224 71.286774
v 11.326132 -2.628181 71.286774
v 10.955032 4.722131 71.286774
v 11.251503 -2.727813 71.286774
v 10.871809 4.815313 71.286774
v 11.181920 -2.831038 71.286774
v 10.793344 4.912536 71.286774
v 11.117565 -2.937598 71.286774
v 10.719833 5.013558 71.286774
v 11.058593 -3.047230 71.286774
v 10.651464 5.118126 71.286774
v 11.005155 -3.159662 71.286774
v 10.957374 -3.274614 71.286774
v 10.588402 5.225979 71.286774
v 10.530807 5.336848 71.286774
v 10.915377 -3.391802 71.286774
v 12.838037 8.932798 71.286774
v 14.783044 11.157942 71.286774
v 12.962823 8.926649 71.286774
v 13.087144 8.914273 71.286774
v 13.210690 8.895702 71.286774
v 13.333157 8.870982 71.286774
v 13.454235 8.840174 71.286774
v 13.573623 8.803356 71.286774
v 13.691025 8.760619 71.286774
v 13.806141 8.712071 71.286774
v 13.918690 8.657832 71.286774
v 14.028388 8.598039 71.286774
v 14.134961 8.532839 71.286774
v 14.238144 8.462396 71.286774
v 14.337683 8.386887 71.286774
v 14.433322 8.306499 71.286774
v 14.524822 8.221433 71.286774
v 14.611962 8.131902 71.286774
v 14.694522 8.038129 71.286774
v 14.772292 7.940349 71.286774
v 14.845078 7.838806 71.286774
v 14.912703 7.733754 71.286774
v 14.974994 7.625454 71.286774
v 12.713099 8.932705 71.286774
v 12.588324 8.926371 71.286774
v 12.464021 8.913811 71.286774
v 12.340501 8.895057 71.286774
v 12.218072 8.870155 71.286774
v 12.097039 8.839168 71.286774
v 10.357762 5.804846 71.286774
v 10.329375 5.926514 71.286774
v 10.307101 6.049449 71.286774
v 10.290998 6.173343 71.286774
v 10.281105 6.297887 71.286774
v 10.277444 6.422770 71.286774
v 10.280027 6.547679 71.286774
v 10.288851 6.672303 71.286774
v 10.303886 6.796332 71.286774
v 10.325100 6.919454 71.286774
v 10.352439 7.041362 71.286774
v 10.385835 7.161753 71.286774
v 10.425201 7.280324 71.286774
v 10.470444 7.396781 71.286774
v 10.521448 7.510832 71.286774
v 10.578084 7.622193 71.286774
v 10.640215 7.730585 71.286774
v 10.707684 7.835738 71.286774
v 10.780320 7.937389 71.286774
v 10.857944 8.035284 71.286774
v 10.940361 8.129179 71.286774
v 11.027369 8.218839 71.286774
v 11.118747 8.304040 71.286774
v 11.214265 8.384570 71.286774
v 11.313688 8.460227 71.286774
v 11.416768 8.530823 71.286774
v 11.523246 8.596180 71.286774
v 11.632855 8.656137 71.286774
v 11.745323 8.710543 71.286774
v 11.860369 8.759262 71.286774
v 11.977704 8.802173 71.286774
v 10.825044 -3.753853 71.286774
v 10.849130 -3.631719 71.286774
v 10.879269 -3.510935 71.286774
v 10.392192 5.684747 71.286774
v 10.432579 5.566519 71.286774
v 10.478824 5.450456 71.286774
v -27.155087 8.879088 65.500000
v -27.155087 8.879088 67.599998
v 15.659461 -4.970905 74.286774
v -32.646984 8.580667 67.599998
v 14.433322 8.306499 74.286774
v 14.524822 8.221433 74.286774
v 14.783044 11.157942 74.286774
v 14.337683 8.386887 74.286774
v 14.611962 8.131902 74.286774
v 14.238144 8.462396 74.286774
v 14.694522 8.038129 74.286774
v 14.134961 8.532839 74.286774
v 14.772292 7.940349 74.286774
v 14.028388 8.598039 74.286774
v 14.845078 7.838806 74.286774
v 13.918690 8.657832 74.286774
v 14.912703 7.733754 74.286774
v 13.806141 8.712071 74.286774
v 14.974994 7.625454 74.286774
v 13.691025 8.760619 74.286774
v 13.573623 8.803356 74.286774
v 13.454235 8.840174 74.286774
v 13.333157 8.870982 74.286774
v 13.210690 8.895702 74.286774
v 13.087144 8.914273 74.286774
v 12.962823 8.926649 74.286774
v 12.838037 8.932798 74.286774
v 12.713099 8.932705 74.286774
v 12.588324 8.926371 74.286774
v 12.464021 8.913811 74.286774
v 12.340501 8.895057 74.286774
v 12.218072 8.870155 74.286774
v 12.097039 8.839168 74.286774
v 10.940361 8.129179 74.286774
v 7.793355 10.778133 74.286774
v 10.857944 8.035284 74.286774
v 11.027369 8.218839 74.286774
v 11.118747 8.304040 74.286774
v 11.214265 8.384570 74.286774
v 11.313688 8.460227 74.286774
v 11.416768 8.530823 74.286774
v 11.523246 8.596180 74.286774
v 11.632855 8.656137 74.286774
v 11.745323 8.710543 74.286774
v 11.860369 8.759262 74.286774
v 11.977704 8.802173 74.286774
v 10.780320 7.937389 74.286774
v 10.707684 7.835738 74.286774
v 10.640215 7.730585 74.286774
v 10.578084 7.622193 74.286774
v 10.521448 7.510832 74.286774
v 10.470444 7.396781 74.286774
v 10.425201 7.280324 74.286774
v 10.385835 7.161753 74.286774
v 10.352439 7.041362 74.286774
v 10.325100 6.919454 74.286774
v 10.303886 6.796332 74.286774
v 10.288851 6.672303 74.286774
v 10.280027 6.547679 74.286774
v 10.277444 6.422770 74.286774
v 10.281105 6.297887 74.286774
v 10.290998 6.173343 74.286774
v 10.307101 6.049449 74.286774
v 10.329375 5.926514 74.286774
v 10.357762 5.804846 74.286774
v 14.626521 4.751024 74.286774
v 14.975539 -2.330846 74.286774
v 14.708265 4.845503 74.286774
v 14.881580 -2.249183 74.286774
v 14.540155 4.660746 74.286774
v 15.065315 -2.417083 74.286774
v 14.785191 4.943949 74.286774
v 14.449385 4.574895 74.286774
v 14.783674 -2.172300 74.286774
v 15.150686 -2.507683 74.286774
v 14.857103 5.046115 74.286774
v 14.354443 4.493687 74.286774
v 14.682062 -2.100386 74.286774
v 15.231442 -2.602421 74.286774
v 14.923820 5.151747 74.286774
v 14.255562 4.417323 74.286774
v 14.576997 -2.033618 74.286774
v 15.307383 -2.701060 74.286774
v 14.985175 5.260579 74.286774
v 14.468736 -1.972164 74.286774
v 14.152988 4.345994 74.286774
v 15.378319 -2.803358 74.286774
v 15.041018 5.372340 74.286774
v 14.046979 4.279880 74.286774
v 14.357552 -1.916174 74.286774
v 15.444077 -2.909060 74.286774
v 15.091208 5.486752 74.286774
v 13.937801 4.219143 74.286774
v 14.243718 -1.865789 74.286774
v 15.504487 -3.017905 74.286774
v 13.825722 4.163937 74.286774
v 14.127519 -1.821134 74.286774
v 15.559408 -3.129622 74.286774
v 13.711026 4.114399 74.286774
v 14.009237 -1.782317 74.286774
v 13.593999 4.070653 74.286774
v 13.889174 -1.749436 74.286774
v 13.767618 -1.722573 74.286774
v 13.474933 4.032809 74.286774
v 13.354126 4.000959 74.286774
v 13.644880 -1.701795 74.286774
v 13.231878 3.975186 74.286774
v 13.521257 -1.687152 74.286774
v 13.108494 3.955552 74.286774
v 13.397060 -1.678680 74.286774
v 12.984281 3.942106 74.286774
v 13.272596 -1.676401 74.286774
v 12.859554 3.934882 74.286774
v 13.148171 -1.680321 74.286774
v 12.734622 3.933899 74.286774
v 13.024098 -1.690431 74.286774
v 12.900681 -1.706703 74.286774
v 12.609797 3.939159 74.286774
v 12.778226 -1.729100 74.286774
v 12.485391 3.950648 74.286774
v 12.361712 3.968338 74.286774
v 12.657037 -1.757564 74.286774
v 12.239072 3.992185 74.286774
v 12.537416 -1.792025 74.286774
v 12.419659 -1.832399 74.286774
v 12.117777 4.022129 74.286774
v 11.998130 4.058095 74.286774
v 12.304055 -1.878584 74.286774
v 12.190897 -1.930466 74.286774
v 11.880429 4.099994 74.286774
v 12.080460 -1.987917 74.286774
v 11.764969 4.147720 74.286774
v 11.973022 -2.050794 74.286774
v 11.652036 4.201156 74.286774
v 11.868847 -2.118941 74.286774
v 11.541914 4.260166 74.286774
v 11.768192 -2.192190 74.286774
v 11.434877 4.324605 74.286774
v 11.331196 4.394310 74.286774
v 11.671309 -2.270359 74.286774
v 11.578432 -2.353253 74.286774
v 11.231123 4.469109 74.286774
v 11.134913 4.548812 74.286774
v 11.489802 -2.440668 74.286774
v 11.405635 -2.532387 74.286774
v 11.042807 4.633224 74.286774
v 10.955032 4.722131 74.286774
v 11.326132 -2.628181 74.286774
v 10.871809 4.815313 74.286774
v 11.251503 -2.727813 74.286774
v 10.793344 4.912536 74.286774
v 11.181920 -2.831038 74.286774
v 10.719833 5.013558 74.286774
v 11.117565 -2.937598 74.286774
v 10.651464 5.118126 74.286774
v 11.058593 -3.047230 74.286774
v 10.588402 5.225979 74.286774
v 11.005155 -3.159662 74.286774
v 10.530807 5.336848 74.286774
v 10.957374 -3.274614 74.286774
v 10.915377 -3.391802 74.286774
v 15.616968 -5.087914 74.286774
v 15.568707 -5.202664 74.286774
v 15.514791 -5.314869 74.286774
v 15.455357 -5.424250 74.286774
v 15.390552 -5.530538 74.286774
v 15.320537 -5.633469 74.286774
v 15.245485 -5.732786 74.286774
v 15.165583 -5.828244 74.286774
v 15.081025 -5.919606 74.286774
v 14.992027 -6.006646 74.286774
v 14.898805 -6.089148 74.286774
v 14.801593 -6.166905 74.286774
v 14.700629 -6.239728 74.286774
v 14.596166 -6.307436 74.286774
v 14.488462 -6.369859 74.286774
v 14.377787 -6.426844 74.286774
v 14.264407 -6.478247 74.286774
v 14.148613 -6.523944 74.286774
v 14.030684 -6.563820 74.286774
v 13.910921 -6.597777 74.286774
v 13.789613 -6.625730 74.286774
v 13.667065 -6.647609 74.286774
v 13.543580 -6.663360 74.286774
v 13.419463 -6.672945 74.286774
v 13.295025 -6.676341 74.286774
v 13.170570 -6.673537 74.286774
v 13.046411 -6.664540 74.286774
v 12.922851 -6.649375 74.286774
v 12.800200 -6.628079 74.286774
v 12.678761 -6.600704 74.286774
v 12.558834 -6.567317 74.286774
v 12.440721 -6.528000 74.286774
v 12.324708 -6.482856 74.286774
v 12.211090 -6.431990 74.286774
v 12.100143 -6.375532 74.286774
v 11.992145 -6.313620 74.286774
v 11.887361 -6.246410 74.286774
v 11.786050 -6.174069 74.286774
v 11.688469 -6.096772 74.286774
v 11.594859 -6.014713 74.286774
v 11.505445 -5.928098 74.286774
v 11.420459 -5.837139 74.286774
v 11.340100 -5.742061 74.286774
v 11.264579 -5.643102 74.286774
v 11.194074 -5.540506 74.286774
v 11.128767 -5.434526 74.286774
v 11.068811 -5.325428 74.286774
v 11.014363 -5.213481 74.286774
v 10.965559 -5.098962 74.286774
v 10.922510 -4.982155 74.286774
v 10.885332 -4.863350 74.286774
v 10.854115 -4.742842 74.286774
v 10.828936 -4.620929 74.286774
v 10.809855 -4.497914 74.286774
v 10.796919 -4.374103 74.286774
v 10.790164 -4.249800 74.286774
v 10.789608 -4.125315 74.286774
v 10.795247 -4.000957 74.286774
v 10.807069 -3.877034 74.286774
v 10.825044 -3.753853 74.286774
v 10.849130 -3.631719 74.286774
v 10.879269 -3.510935 74.286774
v 10.392192 5.684747 74.286774
v 10.432579 5.566519 74.286774
v 10.478824 5.450456 74.286774
v -32.646984 8.580667 71.275482
v 7.793355 10.778133 103.000000
v -39.050213 5.653630 71.275482
v -39.131931 5.559093 71.275482
v -39.636673 8.200858 71.275482
v -38.963871 5.743967 71.275482
v -39.208824 5.460589 71.275482
v -38.873123 5.829876 71.275482
v -39.280697 5.358367 71.275482
v -38.778198 5.911143 71.275482
v -39.347374 5.252681 71.275482
v -38.679329 5.987565 71.275482
v -39.408688 5.143795 71.275482
v -38.576767 6.058952 71.275482
v -39.464481 5.031982 71.275482
v -38.470764 6.125124 71.275482
v -38.361588 6.185917 71.275482
v -38.249508 6.241179 71.275482
v -38.134811 6.290771 71.275482
v -38.017776 6.334569 71.275482
v -37.898701 6.372466 71.275482
v -37.777878 6.404364 71.275482
v -37.655613 6.430185 71.275482
v -37.532211 6.449865 71.275482
v -37.407982 6.463354 71.275482
v -37.283230 6.470618 71.275482
v -37.158272 6.471640 71.275482
v -37.033421 6.466416 71.275482
v -36.908985 6.454960 71.275482
v -36.785278 6.437301 71.275482
v -36.662609 6.413482 71.275482
v -36.541283 6.383563 71.275482
v -36.421600 6.347619 71.275482
v -36.303867 6.305739 71.275482
v -36.188374 6.258029 71.275482
v -36.075405 6.204607 71.275482
v -35.965252 6.145607 71.275482
v -35.858181 6.081177 71.275482
v -35.754463 6.011477 71.275482
v -35.654358 5.936681 71.275482
v -35.558117 5.856977 71.275482
v -35.465977 5.772563 71.275482
v -35.378170 5.683650 71.275482
v -35.294918 5.590461 71.275482
v -35.216427 5.493228 71.275482
v -35.142887 5.392195 71.275482
v -35.074493 5.287613 71.275482
v -35.011410 5.179745 71.275482
v -34.953793 5.068858 71.275482
v -34.901791 4.955232 71.275482
v -34.855530 4.839148 71.275482
v -34.815128 4.720899 71.275482
v -34.780685 4.600778 71.275482
v -34.752289 4.479085 71.275482
v -34.730007 4.356127 71.275482
v -34.713902 4.232208 71.275482
v -34.704002 4.107639 71.275482
v -34.700344 3.982732 71.275482
v -34.702930 3.857797 71.275482
v -34.711758 3.733148 71.275482
v -34.726799 3.609096 71.275482
v -38.857101 2.099808 71.275482
v -38.583366 -5.312964 71.275482
v -38.948586 2.184935 71.275482
v -38.665092 -5.407484 71.275482
v -39.035698 2.274526 71.275482
v -38.761482 2.019360 71.275482
v -38.497017 -5.222646 71.275482
v -38.741997 -5.505970 71.275482
v -39.118225 2.368358 71.275482
v -38.406265 -5.136755 71.275482
v -38.661961 1.943790 71.275482
v -38.813881 -5.608174 71.275482
v -39.195961 2.466197 71.275482
v -38.558788 1.873287 71.275482
v -38.311333 -5.055506 71.275482
v -38.880569 -5.713844 71.275482
v -39.268711 2.567798 71.275482
v -39.336292 2.672908 71.275482
v -38.212460 -4.979101 71.275482
v -38.452221 1.808027 71.275482
v -38.109894 -4.907733 71.275482
v -38.342525 1.748175 71.275482
v -38.003887 -4.841578 71.275482
v -38.229977 1.693878 71.275482
v -37.894711 -4.780803 71.275482
v -38.114857 1.645273 71.275482
v -37.782635 -4.725558 71.275482
v -37.997448 1.602481 71.275482
v -37.667934 -4.675983 71.275482
v -37.878052 1.565610 71.275482
v -37.550903 -4.632201 71.275482
v -37.756962 1.534751 71.275482
v -37.431831 -4.594321 71.275482
v -37.634480 1.509980 71.275482
v -37.311012 -4.562438 71.275482
v -37.510914 1.491361 71.275482
v -37.188751 -4.536630 71.275482
v -37.386570 1.478940 71.275482
v -37.065357 -4.516965 71.275482
v -37.261765 1.472748 71.275482
v -36.941132 -4.503490 71.275482
v -37.136803 1.472800 71.275482
v -36.816387 -4.496238 71.275482
v -37.011997 1.479096 71.275482
v -36.691441 -4.495228 71.275482
v -36.887669 1.491621 71.275482
v -36.566597 -4.500463 71.275482
v -36.764114 1.510342 71.275482
v -36.442169 -4.511929 71.275482
v -36.641655 1.535214 71.275482
v -36.318470 -4.529598 71.275482
v -36.520588 1.566174 71.275482
v -36.195812 -4.553426 71.275482
v -36.401222 1.603145 71.275482
v -36.283852 1.646034 71.275482
v -36.074493 -4.583352 71.275482
v -36.168770 1.694735 71.275482
v -35.954823 -4.619303 71.275482
v -36.056267 1.749125 71.275482
v -35.837101 -4.661188 71.275482
v -35.946625 1.809069 71.275482
v -35.721615 -4.708904 71.275482
v -35.840111 1.874417 71.275482
v -35.608658 -4.762330 71.275482
v -35.736996 1.945005 71.275482
v -35.498512 -4.821333 71.275482
v -35.637539 2.020658 71.275482
v -35.391453 -4.885766 71.275482
v -35.287746 -4.955468 71.275482
v -35.541985 2.101187 71.275482
v -35.187653 -5.030264 71.275482
v -35.450573 2.186389 71.275482
v -35.091419 -5.109969 71.275482
v -35.363533 2.276052 71.275482
v -34.999290 -5.194381 71.275482
v -35.281086 2.369953 71.275482
v -34.911495 -5.283292 71.275482
v -35.203430 2.467857 71.275482
v -34.828251 -5.376480 71.275482
v -35.130764 2.569518 71.275482
v -34.749767 -5.473710 71.275482
v -35.063271 2.674684 71.275482
v -34.676239 -5.574739 71.275482
v -35.001114 2.783090 71.275482
v -34.607849 -5.679316 71.275482
v -34.944454 2.894467 71.275482
v -34.544773 -5.787180 71.275482
v -34.893429 3.008537 71.275482
v -34.487164 -5.898061 71.275482
v -34.848167 3.125013 71.275482
v -37.647964 -9.321704 71.275482
v -37.763084 -9.273117 71.275482
v -37.875633 -9.218838 71.275482
v -37.985329 -9.159002 71.275482
v -38.091900 -9.093762 71.275482
v -38.195076 -9.023277 71.275482
v -38.294601 -8.947727 71.275482
v -38.390228 -8.867296 71.275482
v -38.481716 -8.782188 71.275482
v -38.568836 -8.692616 71.275482
v -38.651375 -8.598802 71.275482
v -38.729122 -8.500981 71.275482
v -36.545158 -9.487750 71.275482
v -36.669952 -9.494057 71.275482
v -36.794907 -9.494122 71.275482
v -36.919704 -9.487943 71.275482
v -37.044041 -9.475535 71.275482
v -37.167603 -9.456932 71.275482
v -37.290081 -9.432177 71.275482
v -37.411167 -9.401335 71.275482
v -37.530560 -9.364479 71.275482
v -36.420834 -9.475214 71.275482
v -36.297295 -9.456482 71.275482
v -36.174843 -9.431602 71.275482
v -36.053787 -9.400633 71.275482
v -34.314075 -6.366116 71.275482
v -34.285683 -6.487802 71.275482
v -34.263405 -6.610753 71.275482
v -34.247299 -6.734663 71.275482
v -34.237400 -6.859225 71.275482
v -34.233742 -6.984125 71.275482
v -34.236328 -7.109051 71.275482
v -34.245152 -7.233693 71.275482
v -34.260193 -7.357738 71.275482
v -34.281414 -7.480876 71.275482
v -34.308762 -7.602802 71.275482
v -34.342167 -7.723206 71.275482
v -34.381546 -7.841793 71.275482
v -34.426800 -7.958263 71.275482
v -34.477818 -8.072328 71.275482
v -34.534473 -8.183699 71.275482
v -34.596619 -8.292100 71.275482
v -34.664104 -8.397263 71.275482
v -34.736763 -8.498920 71.275482
v -34.814407 -8.596822 71.275482
v -34.896847 -8.690720 71.275482
v -34.983875 -8.780382 71.275482
v -35.075275 -8.865585 71.275482
v -35.170822 -8.946114 71.275482
v -35.270267 -9.021768 71.275482
v -35.373371 -9.092358 71.275482
v -35.479874 -9.157709 71.275482
v -35.589508 -9.217658 71.275482
v -35.702000 -9.272052 71.275482
v -35.817070 -9.320760 71.275482
v -35.934429 -9.363655 71.275482
v -34.748024 3.485950 71.275482
v -34.775375 3.364018 71.275482
v -34.808784 3.243606 71.275482
v -34.348515 -6.246003 71.275482
v -34.388912 -6.127759 71.275482
v -34.435165 -6.011682 71.275482
v -30.617548 -10.337087 104.000000
v 7.825739 -8.248137 104.000000
v -38.729122 -8.500981 74.275482
v -32.646984 8.580667 103.000000
v -32.646984 8.580667 74.275482
v -38.390228 -8.867296 74.275482
v -38.481716 -8.782188 74.275482
v -38.294601 -8.947727 74.275482
v -38.568836 -8.692616 74.275482
v -38.195076 -9.023277 74.275482
v -38.651375 -8.598802 74.275482
v -38.091900 -9.093762 74.275482
v -37.985329 -9.159002 74.275482
v -37.875633 -9.218838 74.275482
v -37.763084 -9.273117 74.275482
v -37.647964 -9.321704 74.275482
v -37.530560 -9.364479 74.275482
v -37.411167 -9.401335 74.275482
v -37.290081 -9.432177 74.275482
v -37.167603 -9.456932 74.275482
v -37.044041 -9.475535 74.275482
v -36.919704 -9.487943 74.275482
v -36.794907 -9.494122 74.275482
v -36.669952 -9.494057 74.275482
v -36.545158 -9.487750 74.275482
v -36.420834 -9.475214 74.275482
v -36.297295 -9.456482 74.275482
v -36.174843 -9.431602 74.275482
v -36.053787 -9.400633 74.275482
v -34.896847 -8.690720 74.275482
v -34.814407 -8.596822 74.275482
v -34.983875 -8.780382 74.275482
v -35.075275 -8.865585 74.275482
v -35.170822 -8.946114 74.275482
v -35.270267 -9.021768 74.275482
v -35.373371 -9.092358 74.275482
v -35.479874 -9.157709 74.275482
v -35.589508 -9.217658 74.275482
v -35.702000 -9.272052 74.275482
v -35.817070 -9.320760 74.275482
v -35.934429 -9.363655 74.275482
v -34.736763 -8.498920 74.275482
v -34.664104 -8.397263 74.275482
v -34.596619 -8.292100 74.275482
v -34.534473 -8.183699 74.275482
v -34.477818 -8.072328 74.275482
v -34.426800 -7.958263 74.275482
v -34.381546 -7.841793 74.275482
v -34.342167 -7.723206 74.275482
v -34.308762 -7.602802 74.275482
v -34.281414 -7.480876 74.275482
v -34.260193 -7.357738 74.275482
v -34.245152 -7.233693 74.275482
v -34.236328 -7.109051 74.275482
v -34.233742 -6.984125 74.275482
v -34.237400 -6.859225 74.275482
v -34.247299 -6.734663 74.275482
v -34.263405 -6.610753 74.275482
v -34.285683 -6.487802 74.275482
v -34.314075 -6.366116 74.275482
v -38.497017 -5.222646 74.275482
v -38.857101 2.099808 74.275482
v -38.583366 -5.312964 74.275482
v -38.948586 2.184935 74.275482
v -38.665092 -5.407484 74.275482
v -38.406265 -5.136755 74.275482
v -38.761482 2.019360 74.275482
v -39.035698 2.274526 74.275482
v -38.741997 -5.505970 74.275482
v -38.661961 1.943790 74.275482
v -38.311333 -5.055506 74.275482
v -39.118225 2.368358 74.275482
v -38.813881 -5.608174 74.275482
v -38.212460 -4.979101 74.275482
v -38.558788 1.873287 74.275482
v -39.195961 2.466197 74.275482
v -38.880569 -5.713844 74.275482
v -38.452221 1.808027 74.275482
v -38.109894 -4.907733 74.275482
v -39.268711 2.567798 74.275482
v -38.003887 -4.841578 74.275482
v -38.342525 1.748175 74.275482
v -39.336292 2.672908 74.275482
v -38.229977 1.693878 74.275482
v -37.894711 -4.780803 74.275482
v -38.114857 1.645273 74.275482
v -37.782635 -4.725558 74.275482
v -37.997448 1.602481 74.275482
v -37.667934 -4.675983 74.275482
v -37.878052 1.565610 74.275482
v -37.550903 -4.632201 74.275482
v -37.756962 1.534751 74.275482
v -37.431831 -4.594321 74.275482
v -37.634480 1.509980 74.275482
v -37.311012 -4.562438 74.275482
v -37.510914 1.491361 74.275482
v -37.188751 -4.536630 74.275482
v -37.386570 1.478940 74.275482
v -37.065357 -4.516965 74.275482
v -37.261765 1.472748 74.275482
v -36.941132 -4.503490 74.275482
v -37.136803 1.472800 74.275482
v -36.816387 -4.496238 74.275482
v -37.011997 1.479096 74.275482
v -36.691441 -4.495228 74.275482
v -36.887669 1.491621 74.275482
v -36.566597 -4.500463 74.275482
v -36.442169 -4.511929 74.275482
v -36.764114 1.510342 74.275482
v -36.641655 1.535214 74.275482
v -36.318470 -4.529598 74.275482
v -36.520588 1.566174 74.275482
v -36.195812 -4.553426 74.275482
v -36.401222 1.603145 74.275482
v -36.074493 -4.583352 74.275482
v -36.283852 1.646034 74.275482
v -35.954823 -4.619303 74.275482
v -36.168770 1.694735 74.275482
v -35.837101 -4.661188 74.275482
v -36.056267 1.749125 74.275482
v -35.721615 -4.708904 74.275482
v -35.946625 1.809069 74.275482
v -35.608658 -4.762330 74.275482
v -35.840111 1.874417 74.275482
v -35.498512 -4.821333 74.275482
v -35.736996 1.945005 74.275482
v -35.391453 -4.885766 74.275482
v -35.637539 2.020658 74.275482
v -35.287746 -4.955468 74.275482
v -35.541985 2.101187 74.275482
v -35.187653 -5.030264 74.275482
v -35.450573 2.186389 74.275482
v -35.091419 -5.109969 74.275482
v -35.363533 2.276052 74.275482
v -34.999290 -5.194381 74.275482
v -34.911495 -5.283292 74.275482
v -35.281086 2.369953 74.275482
v -34.828251 -5.376480 74.275482
v -35.203430 2.467857 74.275482
v -35.130764 2.569518 74.275482
v -34.749767 -5.473710 74.275482
v -35.063271 2.674684 74.275482
v -34.676239 -5.574739 74.275482
v -35.001114 2.783090 74.275482
v -34.607849 -5.679316 74.275482
v -34.944454 2.894467 74.275482
v -34.544773 -5.787180 74.275482
v -34.893429 3.008537 74.275482
v -34.487164 -5.898061 74.275482
v -34.848167 3.125013 74.275482
v -39.408688 5.143795 74.275482
v -39.636673 8.200858 74.275482
v -39.464481 5.031982 74.275482
v -39.347374 5.252681 74.275482
v -39.280697 5.358367 74.275482
v -39.208824 5.460589 74.275482
v -39.131931 5.559093 74.275482
v -39.050213 5.653630 74.275482
v -38.963871 5.743967 74.275482
v -38.873123 5.829876 74.275482
v -38.778198 5.911143 74.275482
v -38.679329 5.987565 74.275482
v -38.576767 6.058952 74.275482
v -38.470764 6.125124 74.275482
v -38.361588 6.185917 74.275482
v -38.249508 6.241179 74.275482
v -38.134811 6.290771 74.275482
v -38.017776 6.334569 74.275482
v -37.898701 6.372466 74.275482
v -37.777878 6.404364 74.275482
v -37.655613 6.430185 74.275482
v -37.532211 6.449865 74.275482
v -37.407982 6.463354 74.275482
v -37.283230 6.470618 74.275482
v -37.158272 6.471640 74.275482
v -37.033421 6.466416 74.275482
v -36.908985 6.454960 74.275482
v -36.785278 6.437301 74.275482
v -35.074493 5.287613 74.275482
v -35.142887 5.392195 74.275482
v -35.011410 5.179745 74.275482
v -34.953793 5.068858 74.275482
v -34.901791 4.955232 74.275482
v -34.855530 4.839148 74.275482
v -34.815128 4.720899 74.275482
v -34.700344 3.982732 74.275482
v -34.704002 4.107639 74.275482
v -34.780685 4.600778 74.275482
v -34.702930 3.857797 74.275482
v -34.752289 4.479085 74.275482
v -34.711758 3.733148 74.275482
v -34.730007 4.356127 74.275482
v -34.726799 3.609096 74.275482
v -34.713902 4.232208 74.275482
v -36.662609 6.413482 74.275482
v -36.541283 6.383563 74.275482
v -36.421600 6.347619 74.275482
v -36.303867 6.305739 74.275482
v -36.188374 6.258029 74.275482
v -36.075405 6.204607 74.275482
v -35.965252 6.145607 74.275482
v -35.858181 6.081177 74.275482
v -35.754463 6.011477 74.275482
v -35.654358 5.936681 74.275482
v -35.558117 5.856977 74.275482
v -35.465977 5.772563 74.275482
v -35.378170 5.683650 74.275482
v -35.294918 5.590461 74.275482
v -35.216427 5.493228 74.275482
v -34.748024 3.485950 74.275482
v -34.775375 3.364018 74.275482
v -34.808784 3.243606 74.275482
v -34.348515 -6.246003 74.275482
v -34.388912 -6.127759 74.275482
v -34.435165 -6.011682 74.275482
v 7.321221 10.251740 65.000000
v -4.722149 4.022808 65.000000
v -26.628695 8.406954 65.000000
v -4.525186 4.247991 65.000000
v -4.317245 4.463077 65.000000
v -4.907641 3.788087 65.000000
v -4.098839 4.667530 65.000000
v -5.081204 3.544411 65.000000
v -3.870516 4.860842 65.000000
v -5.242404 3.292387 65.000000
v -3.632839 5.042533 65.000000
v -5.390843 3.032642 65.000000
v -3.386402 5.212152 65.000000
v -5.526149 2.765820 65.000000
v -3.131816 5.369275 65.000000
v -5.647987 2.492585 65.000000
v -2.869714 5.513513 65.000000
v -5.756053 2.213617 65.000000
v -2.600749 5.644506 65.000000
v -5.850080 1.929610 65.000000
v -2.325588 5.761931 65.000000
v -5.929834 1.641267 65.000000
v -2.044917 5.865494 65.000000
v -5.995117 1.349308 65.000000
v -1.759432 5.954937 65.000000
v -6.045764 1.054459 65.000000
v -6.081652 0.757451 65.000000
v -6.102690 0.459023 65.000000
v -6.108828 0.159917 65.000000
v -6.100048 -0.139122 65.000000
v -6.076373 -0.437352 65.000000
v -6.037861 -0.734031 65.000000
v -5.984611 -1.028422 65.000000
v -5.916751 -1.319793 65.000000
v -5.834453 -1.607418 65.000000
v -5.737919 -1.890584 65.000000
v -5.627390 -2.168587 65.000000
v -5.503142 -2.440734 65.000000
v -5.365485 -2.706350 65.000000
v -5.214757 -2.964774 65.000000
v -5.051336 -3.215364 65.000000
v 0.313054 6.171574 65.000000
v 0.014193 6.185166 65.000000
v 0.610864 6.143102 65.000000
v 0.906884 6.099821 65.000000
v 1.200379 6.041838 65.000000
v 1.490620 5.969298 65.000000
v 1.776886 5.882380 65.000000
v 2.058462 5.781302 65.000000
v 2.334646 5.666314 65.000000
v 2.604760 5.537702 65.000000
v 2.868128 5.395786 65.000000
v -1.469845 6.030040 65.000000
v -1.176872 6.090614 65.000000
v -0.881247 6.136509 65.000000
v -0.583699 6.167612 65.000000
v -0.284970 6.183845 65.000000
v -4.875626 -3.457495 65.000000
v 3.124089 5.240918 65.000000
v -4.688066 -3.690568 65.000000
v 3.372018 5.073485 65.000000
v -4.489121 -3.914002 65.000000
v 3.611290 4.893901 65.000000
v -4.279288 -4.127242 65.000000
v 3.841315 4.702614 65.000000
v -4.059084 -4.329757 65.000000
v 4.061516 4.500099 65.000000
v -3.829062 -4.521044 65.000000
v 4.271351 4.286860 65.000000
v -3.589787 -4.700628 65.000000
v 4.470295 4.063425 65.000000
v -3.341862 -4.868061 65.000000
v 4.657854 3.830352 65.000000
v -3.085897 -5.022928 65.000000
v 4.833566 3.588221 65.000000
v -2.822531 -5.164845 65.000000
v 4.996985 3.337631 65.000000
v -2.552420 -5.293457 65.000000
v 5.147715 3.079207 65.000000
v 5.285373 2.813592 65.000000
v 5.409621 2.541445 65.000000
v 5.520147 2.263442 65.000000
v 5.616682 1.980276 65.000000
v 5.698979 1.692650 65.000000
v 5.766837 1.401280 65.000000
v 5.820090 1.106889 65.000000
v 5.858602 0.810209 65.000000
v 5.882276 0.511979 65.000000
v 5.891057 0.212940 65.000000
v 5.884918 -0.086166 65.000000
v 5.863879 -0.384593 65.000000
v 5.827992 -0.681601 65.000000
v 5.777346 -0.976451 65.000000
v 5.712063 -1.268410 65.000000
v 5.632310 -1.556752 65.000000
v 5.538283 -1.840760 65.000000
v 5.430217 -2.119728 65.000000
v 5.308377 -2.392963 65.000000
v 5.173073 -2.659785 65.000000
v 5.024632 -2.919530 65.000000
v 4.863432 -3.171554 65.000000
v 4.689871 -3.415229 65.000000
v 4.504377 -3.649951 65.000000
v 4.307416 -3.875134 65.000000
v 4.099473 -4.090220 65.000000
v 3.881069 -4.294673 65.000000
v 3.652742 -4.487985 65.000000
v 3.415069 -4.669676 65.000000
v 3.168630 -4.839294 65.000000
v 2.914043 -4.996417 65.000000
v 2.651944 -5.140655 65.000000
v 2.382979 -5.271649 65.000000
v 2.107817 -5.389073 65.000000
v 1.827145 -5.492636 65.000000
v 1.541661 -5.582080 65.000000
v 1.252073 -5.657182 65.000000
v 0.959103 -5.717757 65.000000
v 0.663473 -5.763652 65.000000
v 0.365929 -5.794754 65.000000
v 0.067200 -5.810987 65.000000
v -0.231966 -5.812309 65.000000
v -0.530824 -5.798717 65.000000
v -0.828636 -5.770244 65.000000
v -1.124656 -5.726964 65.000000
v -1.418151 -5.668981 65.000000
v -1.708392 -5.596440 65.000000
v -1.994655 -5.509523 65.000000
v -2.276231 -5.408445 65.000000
v 6.849087 9.725348 104.000000
v -31.594200 7.636398 104.000000
v 5.882276 0.511979 64.000000
v 5.891057 0.212940 64.000000
v 5.884918 -0.086166 64.000000
v 5.863879 -0.384593 64.000000
v 5.827992 -0.681601 64.000000
v 5.777346 -0.976451 64.000000
v 5.712063 -1.268410 64.000000
v 5.632310 -1.556752 64.000000
v 5.538283 -1.840760 64.000000
v 5.430217 -2.119728 64.000000
v 5.308377 -2.392963 64.000000
v 5.173073 -2.659785 64.000000
v 5.024632 -2.919530 64.000000
v 4.863432 -3.171554 64.000000
v 4.689871 -3.415229 64.000000
v 4.504377 -3.649951 64.000000
v 4.307416 -3.875134 64.000000
v 4.099473 -4.090220 64.000000
v 3.881069 -4.294673 64.000000
v 3.652742 -4.487985 64.000000
v 3.415069 -4.669676 64.000000
v 3.168630 -4.839294 64.000000
v 2.914043 -4.996417 64.000000
v 2.651944 -5.140655 64.000000
v 2.382979 -5.271649 64.000000
v 2.107817 -5.389073 64.000000
v 1.827145 -5.492636 64.000000
v 1.541661 -5.582080 64.000000
v 1.252073 -5.657182 64.000000
v 0.959103 -5.717757 64.000000
v 0.663473 -5.763652 64.000000
v 0.365929 -5.794754 64.000000
v 0.067200 -5.810987 64.000000
v -0.231966 -5.812309 64.000000
v -0.530824 -5.798717 64.000000
v -0.828636 -5.770244 64.000000
v -1.124656 -5.726964 64.000000
v -1.418151 -5.668981 64.000000
v -1.708392 -5.596440 64.000000
v -1.994655 -5.509523 64.000000
v -2.276231 -5.408445 64.000000
v -2.552420 -5.293457 64.000000
v -2.822531 -5.164845 64.000000
v -3.085897 -5.022928 64.000000
v -3.341862 -4.868061 64.000000
v -3.589787 -4.700628 64.000000
v -3.829062 -4.521044 64.000000
v -4.059084 -4.329757 64.000000
v -4.279288 -4.127242 64.000000
v -4.489121 -3.914002 64.000000
v -4.688066 -3.690568 64.000000
v -4.875626 -3.457495 64.000000
v -5.051336 -3.215364 64.000000
v -5.214757 -2.964774 64.000000
v -5.365485 -2.706350 64.000000
v -5.503142 -2.440734 64.000000
v -5.627390 -2.168587 64.000000
v -5.737919 -1.890584 64.000000
v -5.834453 -1.607418 64.000000
v -5.916751 -1.319793 64.000000
v -5.984611 -1.028422 64.000000
v -6.037861 -0.734031 64.000000
v -6.076373 -0.437352 64.000000
v -6.100048 -0.139122 64.000000
v -6.108828 0.159917 64.000000
v -6.102690 0.459023 64.000000
v -6.081652 0.757451 64.000000
v -6.045764 1.054459 64.000000
v -5.995117 1.349308 64.000000
v -5.929834 1.641267 64.000000
v -5.850080 1.929610 64.000000
v -5.756053 2.213617 64.000000
v -5.647987 2.492585 64.000000
v -5.526149 2.765820 64.000000
v -5.390843 3.032642 64.000000
v -5.242404 3.292387 64.000000
v -5.081204 3.544411 64.000000
v -4.907641 3.788087 64.000000
v -4.722149 4.022808 64.000000
v -4.525186 4.247991 64.000000
v -4.317245 4.463077 64.000000
v -4.098839 4.667530 64.000000
v -3.870516 4.860842 64.000000
v -3.632839 5.042533 64.000000
v -3.386402 5.212152 64.000000
v -3.131816 5.369275 64.000000
v -2.869714 5.513513 64.000000
v -2.600749 5.644506 64.000000
v -2.325588 5.761931 64.000000
v -2.044917 5.865494 64.000000
v -1.759432 5.954937 64.000000
v -1.469845 6.030040 64.000000
v -1.176872 6.090614 64.000000
v -0.881247 6.136509 64.000000
v -0.583699 6.167612 64.000000
v -0.284970 6.183845 64.000000
v 0.014193 6.185166 64.000000
v 0.313054 6.171574 64.000000
v 0.610864 6.143102 64.000000
v 0.906884 6.099821 64.000000
v 1.200379 6.041838 64.000000
v 1.490620 5.969298 64.000000
v 1.776886 5.882380 64.000000
v 2.058462 5.781302 64.000000
v 2.334646 5.666314 64.000000
v 2.604760 5.537702 64.000000
v 2.868128 5.395786 64.000000
v 3.124089 5.240918 64.000000
v 3.372018 5.073485 64.000000
v 3.611290 4.893901 64.000000
v 3.841315 4.702614 64.000000
v 4.061516 4.500099 64.000000
v 4.271351 4.286860 64.000000
v 4.470295 4.063425 64.000000
v 4.657854 3.830352 64.000000
v 4.833566 3.588221 64.000000
v 4.996985 3.337631 64.000000
v 5.147715 3.079207 64.000000
v 5.285373 2.813592 64.000000
v 5.409621 2.541445 64.000000
v 5.520147 2.263442 64.000000
v 5.616682 1.980276 64.000000
v 5.698979 1.692650 64.000000
v 5.766837 1.401280 64.000000
v 5.820090 1.106889 64.000000
v 5.858602 0.810209 64.000000
v -1.472100 1.353854 64.000000
v -1.537755 1.278793 64.000000
v -1.402786 1.425549 64.000000
v -1.599586 1.200553 64.000000
v -1.329984 1.493701 64.000000
v -1.657440 1.119328 64.000000
v -1.253877 1.558138 64.000000
v -1.711173 1.035320 64.000000
v -1.174651 1.618701 64.000000
v -1.760652 0.948738 64.000000
v -1.092505 1.675241 64.000000
v -1.805754 0.859798 64.000000
v -1.007643 1.727616 64.000000
v -1.846367 0.768719 64.000000
v -0.920277 1.775695 64.000000
v -1.882390 0.675729 64.000000
v -0.830622 1.819359 64.000000
v -1.913732 0.581060 64.000000
v -0.738900 1.858501 64.000000
v -1.940317 0.484946 64.000000
v -0.645344 1.893022 64.000000
v -1.962077 0.387627 64.000000
v -0.550182 1.922836 64.000000
v -1.978959 0.289343 64.000000
v -0.453653 1.947871 64.000000
v -1.990922 0.190341 64.000000
v -0.355996 1.968062 64.000000
v -1.997934 0.090865 64.000000
v -0.257453 1.983360 64.000000
v -1.999980 -0.008837 64.000000
v -0.158272 1.993727 64.000000
v -1.997054 -0.108517 64.000000
v -0.058695 1.999138 64.000000
v -1.989161 -0.207927 64.000000
v 0.041026 1.999579 64.000000
v -1.976325 -0.306820 64.000000
v 0.140647 1.995049 64.000000
v -1.958574 -0.404950 64.000000
v 0.239918 1.985558 64.000000
v -1.935955 -0.502073 64.000000
v 0.338590 1.971130 64.000000
v -1.908522 -0.597950 64.000000
v 0.436420 1.951803 64.000000
v -1.876345 -0.692338 64.000000
v 0.533170 1.927623 64.000000
v -1.839502 -0.785005 64.000000
v 0.628590 1.898651 64.000000
v -1.798086 -0.875721 64.000000
v 0.722449 1.864958 64.000000
v -1.752199 -0.964260 64.000000
v 0.814512 1.826629 64.000000
v -1.701957 -1.050401 64.000000
v 0.904548 1.783758 64.000000
v -1.647483 -1.133931 64.000000
v 0.992339 1.736452 64.000000
v -1.588913 -1.214642 64.000000
v 1.077659 1.684830 64.000000
v -1.526394 -1.292332 64.000000
v 1.160300 1.629019 64.000000
v -1.460079 -1.366810 64.000000
v 1.240058 1.569157 64.000000
v -1.390135 -1.437890 64.000000
v 1.316732 1.505395 64.000000
v -1.316732 -1.505395 64.000000
v 1.390133 1.437890 64.000000
v -1.240059 -1.569158 64.000000
v -1.160300 -1.629019 64.000000
v 1.460079 1.366811 64.000000
v -1.077659 -1.684830 64.000000
v 1.526393 1.292332 64.000000
v -0.992337 -1.736453 64.000000
v 1.588913 1.214641 64.000000
v -0.904549 -1.783758 64.000000
v 1.647483 1.133930 64.000000
v -0.814510 -1.826628 64.000000
v 1.701957 1.050401 64.000000
v -0.722449 -1.864958 64.000000
v 1.752199 0.964259 64.000000
v -0.628591 -1.898650 64.000000
v 1.798086 0.875721 64.000000
v -0.533168 -1.927623 64.000000
v 1.839503 0.785005 64.000000
v -0.436423 -1.951803 64.000000
v 1.876343 0.692338 64.000000
v -0.338590 -1.971131 64.000000
v 1.908524 0.597949 64.000000
v -0.239916 -1.985558 64.000000
v 1.935956 0.502074 64.000000
v -0.140647 -1.995048 64.000000
v 1.958574 0.404951 64.000000
v -0.041026 -1.999579 64.000000
v 1.976326 0.306820 64.000000
v 1.989161 0.207927 64.000000
v 0.058695 -1.999139 64.000000
v 1.997054 0.108517 64.000000
v 0.158271 -1.993728 64.000000
v 1.999979 0.008837 64.000000
v 0.257453 -1.983361 64.000000
v 1.997936 -0.090865 64.000000
v 0.355996 -1.968062 64.000000
v 1.990921 -0.190341 64.000000
v 0.453654 -1.947870 64.000000
v 1.978961 -0.289343 64.000000
v 0.550182 -1.922837 64.000000
v 1.962078 -0.387627 64.000000
v 0.645342 -1.893022 64.000000
v 1.940315 -0.484946 64.000000
v 0.738902 -1.858500 64.000000
v 1.913733 -0.581060 64.000000
v 0.830621 -1.819359 64.000000
v 1.882390 -0.675730 64.000000
v 0.920277 -1.775695 64.000000
v 1.846366 -0.768719 64.000000
v 1.007644 -1.727615 64.000000
v 1.092505 -1.675241 64.000000
v 1.805754 -0.859797 64.000000
v 1.174653 -1.618702 64.000000
v 1.760652 -0.948738 64.000000
v 1.253877 -1.558138 64.000000
v 1.711173 -1.035320 64.000000
v 1.329984 -1.493700 64.000000
v 1.657439 -1.119327 64.000000
v 1.402786 -1.425550 64.000000
v 1.599586 -1.200553 64.000000
v 1.472099 -1.353854 64.000000
v 1.537753 -1.278793 64.000000
v 1.997054 0.108517 61.000000
v 1.999979 0.008837 61.000000
v 1.997936 -0.090865 61.000000
v 1.990921 -0.190341 61.000000
v 1.978961 -0.289343 61.000000
v 1.962078 -0.387627 61.000000
v 1.940315 -0.484946 61.000000
v 1.913733 -0.581060 61.000000
v 1.882390 -0.675730 61.000000
v 1.846366 -0.768719 61.000000
v 1.805754 -0.859797 61.000000
v 1.760652 -0.948738 61.000000
v 1.711173 -1.035320 61.000000
v 1.657439 -1.119327 61.000000
v 1.599586 -1.200553 61.000000
v 1.537753 -1.278793 61.000000
v 1.472099 -1.353854 61.000000
v 1.402786 -1.425550 61.000000
v 1.329984 -1.493700 61.000000
v 1.253877 -1.558138 61.000000
v 1.174653 -1.618702 61.000000
v 1.092505 -1.675241 61.000000
v 1.007644 -1.727615 61.000000
v 0.920277 -1.775695 61.000000
v 0.830621 -1.819359 61.000000
v 0.738902 -1.858500 61.000000
v 0.645342 -1.893022 61.000000
v 0.550182 -1.922837 61.000000
v 0.453654 -1.947870 61.000000
v 0.355996 -1.968062 61.000000
v 0.257453 -1.983361 61.000000
v 0.158271 -1.993728 61.000000
v 0.058695 -1.999139 61.000000
v -0.041026 -1.999579 61.000000
v -0.140647 -1.995048 61.000000
v -0.239916 -1.985558 61.000000
v -0.338590 -1.971131 61.000000
v -0.436423 -1.951803 61.000000
v -0.533168 -1.927623 61.000000
v -0.628591 -1.898650 61.000000
v -0.722449 -1.864958 61.000000
v -0.814510 -1.826628 61.000000
v -0.904549 -1.783758 61.000000
v -0.992337 -1.736453 61.000000
v -1.077659 -1.684830 61.000000
v -1.160300 -1.629019 61.000000
v -1.240059 -1.569158 61.000000
v -1.316732 -1.505395 61.000000
v -1.390135 -1.437890 61.000000
v -1.460079 -1.366810 61.000000
v -1.526394 -1.292332 61.000000
v -1.588913 -1.214642 61.000000
v -1.647483 -1.133931 61.000000
v -1.701957 -1.050401 61.000000
v -1.752199 -0.964260 61.000000
v -1.798086 -0.875721 61.000000
v -1.839502 -0.785005 61.000000
v -1.876345 -0.692338 61.000000
v -1.908522 -0.597950 61.000000
v -1.935955 -0.502073 61.000000
v -1.958574 -0.404950 61.000000
v -1.976325 -0.306820 61.000000
v -1.989161 -0.207927 61.000000
v -1.997054 -0.108517 61.000000
v -1.999980 -0.008837 61.000000
v -1.997934 0.090865 61.000000
v -1.990922 0.190341 61.000000
v -1.978959 0.289343 61.000000
v -1.962077 0.387627 61.000000
v -1.940317 0.484946 61.000000
v -1.913732 0.581060 61.000000
v -1.882390 0.675729 61.000000
v -1.846367 0.768719 61.000000
v -1.805754 0.859798 61.000000
v -1.760652 0.948738 61.000000
v -1.711173 1.035320 61.000000
v -1.657440 1.119328 61.000000
v -1.599586 1.200553 61.000000
v -1.537755 1.278793 61.000000
v -1.472100 1.353854 61.000000
v -1.402786 1.425549 61.000000
v -1.329984 1.493701 61.000000
v -1.253877 1.558138 61.000000
v -1.174651 1.618701 61.000000
v -1.092505 1.675241 61.000000
v -1.007643 1.727616 61.000000
v -0.920277 1.775695 61.000000
v -0.830622 1.819359 61.000000
v -0.738900 1.858501 61.000000
v -0.645344 1.893022 61.000000
v -0.550182 1.922836 61.000000
v -0.453653 1.947871 61.000000
v -0.355996 1.968062 61.000000
v -0.257453 1.983360 61.000000
v -0.158272 1.993727 61.000000
v -0.058695 1.999138 61.000000
v 0.041026 1.999579 61.000000
v 0.140647 1.995049 61.000000
v 0.239918 1.985558 61.000000
v 0.338590 1.971130 61.000000
v 0.436420 1.951803 61.000000
v 0.533170 1.927623 61.000000
v 0.628590 1.898651 61.000000
v 0.722449 1.864958 61.000000
v 0.814512 1.826629 61.000000
v 0.904548 1.783758 61.000000
v 0.992339 1.736452 61.000000
v 1.077659 1.684830 61.000000
v 1.160300 1.629019 61.000000
v 1.240058 1.569157 61.000000
v 1.316732 1.505395 61.000000
v 1.390133 1.437890 61.000000
v 1.460079 1.366811 61.000000
v 1.526393 1.292332 61.000000
v 1.588913 1.214641 61.000000
v 1.647483 1.133930 61.000000
v 1.701957 1.050401 61.000000
v 1.752199 0.964259 61.000000
v 1.798086 0.875721 61.000000
v 1.839503 0.785005 61.000000
v 1.876343 0.692338 61.000000
v 1.908524 0.597949 61.000000
v 1.935956 0.502074 61.000000
v 1.958574 0.404951 61.000000
v 1.976326 0.306820 61.000000
v 1.989161 0.207927 61.000000
vn 0.054258 -0.998527 0.000000
vn 0.054258 -0.998527 0.000000
vn 0.054258 -0.998527 -0.000000
vn 0.054258 -0.998527 -0.000000
vn 0.054258 -0.998527 0.000000
vn 0.054258 -0.998527 0.000000
vn 0.054258 -0.998527 0.000000
vn 0.054258 -0.998527 0.000000
vn 0.054258 -0.998527 0.000000
vn 0.054258 -0.998527 0.000000
vn 0.054258 -0.998527 0.000000
vn 0.054258 -0.998527 0.000000
vn 0.998527 0.054258 0.000000
vn 0.998527 0.054258 -0.000000
vn 0.038367 -0.706065 -0.707107
vn 0.038366 -0.706065 -0.707107
vn 0.000000 0.000000 -1.000000
vn 0.000000 0.000000 -1.000000
vn 0.000000 0.000000 -1.000000
vn 0.000000 0.000000 -1.000000
vn 0.000000 0.000000 -1.000000
vn 0.000000 0.000000 -1.000000
vn 0.000000 0.000000 -1.000000
vn 0.000000 0.000000 -1.000000
vn 0.000000 0.000000 -1.000000
vn 0.000000 0.000000 -1.000000
vn 0.000000 0.000000 -1.000000
vn 0.000000 0.000000 -1.000000
vn 0.000000 0.000000 -1.000000
vn 0.000000 0.000000 -1.000000
vn 0.000000 0.000000 -1.000000
vn 0.000000 0.000000 -1.000000
vn 0.000000 0.000000 -1.000000
vn 0.000000 0.000000 -1.000000
vn 0.000000 0.000000 -1.000000
vn 0.000000 0.000000 -1.000000
vn 0.000000 0.000000 -1.000000
vn 0.000000 0.000000 -1.000000
vn 0.000000 0.000000 -1.000000
vn 0.000000 0.000000 -1.000000
vn 0.000000 0.000000 -1.000000
vn 0.000000 0.000000 -1.000000
vn 0.000000 0.000000 -1.000000
vn 0.000000 0.000000 -1.000000
vn -0.000000 0.000000 -1.000000
vn -0.000000 0.000000 -1.000000
vn -0.000000 0.000000 -1.000000
vn -0.000000 0.000000 -1.000000
vn -0.000000 0.000000 -1.000000
vn -0.000000 0.000000 -1.000000
vn -0.000000 0.000000 -1.000000
vn -0.000000 0.000000 -1.000000
vn -0.000000 0.000000 -1.000000
vn -0.000000 0.000000 -1.000000
vn -0.000000 0.000000 -1.000000
vn -0.000000 0.000000 -1.000000
vn 0.000000 0.000000 -1.000000
vn 0.000000 0.000000 -1.000000
vn 0.000000 0.000000 -1.000000
vn 0.000000 0.000000 -1.000000
vn 0.000000 0.000000 -1.000000
vn 0.000000 0.000000 -1.000000
vn 0.000000 0.000000 -1.000000
vn 0.000000 0.000000 -1.000000
vn 0.000000 0.000000 -1.000000
vn 0.000000 0.000000 -1.000000
vn 0.000000 0.000000 -1.000000
vn 0.000000 0.000000 -1.000000
vn 0.000000 0.000000 -1.000000
vn 0.000000 0.000000 -1.000000
vn 0.000000 0.000000 -1.000000
vn 0.000000 0.000000 -1.000000
vn 0.000000 0.000000 -1.000000
vn 0.000000 0.000000 -1.000000
vn 0.000000 0.000000 -1.000000
vn 0.000000 0.000000 -1.000000
vn 0.000000 0.000000 -1.000000
vn 0.000000 0.000000 -1.000000
vn 0.000000 0.000000 -1.000000
vn 0.000000 0.000000 -1.000000
vn 0.000000 0.000000 -1.000000
vn 0.000000 0.000000 -1.000000
vn 0.000000 0.000000 -1.000000
vn 0.000000 0.000000 -1.000000
vn 0.000000 0.000000 -1.000000
vn 0.000000 0.000000 -1.000000
vn 0.000000 0.000000 -1.000000
vn 0.000000 0.000000 -1.000000
vn 0.000000 0.000000 -1.000000
vn 0.000000 0.000000 -1.000000
vn 0.000000 0.000000 -1.000000
vn 0.000000 0.000000 -1.000000
vn 0.000000 0.000000 -1.000000
vn 0.000000 0.000000 -1.000000
vn 0.000000 0.000000 -1.000000
vn 0.000000 0.000000 -1.000000
vn 0.000000 0.000000 -1.000000
vn 0.000000 0.000000 -1.000000
vn 0.000000 0.000000 -1.000000
vn 0.000000 0.000000 -1.000000
vn 0.000000 0.000000 -1.000000
vn 0.000000 0.000000 -1.000000
vn 0.000000 0.000000 -1.000000
vn 0.000000 0.000000 -1.000000
vn 0.000000 0.000000 -1.000000
vn 0.000000 0.000000 -1.000000
vn 0.000000 0.000000 -1.000000
vn 0.000000 0.000000 -1.000000
vn 0.000000 0.000000 -1.000000
vn 0.000000 0.000000 -1.000000
vn 0.000000 0.000000 -1.000000
vn 0.000000 0.000000 -1.000000
vn 0.000000 0.000000 -1.000000
vn 0.000000 0.000000 -1.000000
vn 0.000000 0.000000 -1.000000
vn 0.000000 0.000000 -1.000000
vn 0.000000 0.000000 -1.000000
vn 0.000000 0.000000 -1.000000
vn 0.000000 0.000000 -1.000000
vn 0.000000 0.000000 -1.000000
vn 0.000000 0.000000 -1.000000
vn 0.000000 0.000000 -1.000000
vn 0.000000 0.000000 -1.000000
vn 0.000000 0.000000 -1.000000
vn 0.000000 0.000000 -1.000000
vn 0.000000 0.000000 -1.000000
vn 0.000000 0.000000 -1.000000
vn 0.000000 0.000000 -1.000000
vn 0.000000 0.000000 -1.000000
vn 0.000000 0.000000 -1.000000
vn 0.000000 0.000000 -1.000000
vn 0.000000 0.000000 -1.000000
vn 0.000000 0.000000 -1.000000
vn 0.000000 0.000000 -1.000000
vn 0.000000 0.000000 -1.000000
vn 0.000000 0.000000 -1.000000
vn 0.000000 0.000000 -1.000000
vn 0.000000 0.000000 -1.000000
vn 0.000000 0.000000 -1.000000
vn 0.000000 0.000000 -1.000000
vn 0.000000 0.000000 -1.000000
vn 0.000000 0.000000 -1.000000
vn 0.000000 0.000000 -1.000000
vn 0.000000 0.000000 -1.000000
vn 0.000000 0.000000 -1.000000
vn 0.000000 0.000000 -1.000000
vn 0.000000 0.000000 -1.000000
vn 0.000000 0.000000 -1.000000
vn 0.000000 0.000000 -1.000000
vn 0.000000 0.000000 -1.000000
vn 0.000000 0.000000 -1.000000
vn 0.000000 0.000000 -1.000000
vn 0.000000 0.000000 -1.000000
vn 0.000000 0.000000 -1.000000
vn 0.000000 0.000000 -1.000000
vn 0.000000 0.000000 -1.000000
vn 0.000000 0.000000 -1.000000
vn 0.000000 0.000000 -1.000000
vn 0.000000 0.000000 -1.000000
vn 0.000000 0.000000 -1.000000
vn 0.000000 0.000000 -1.000000
vn 0.000000 0.000000 -1.000000
vn 0.000000 0.000000 -1.000000
vn 0.000000 0.000000 -1.000000
vn 0.000000 0.000000 -1.000000
vn 0.000000 0.000000 -1.000000
vn 0.000000 0.000000 -1.000000
vn 0.000000 0.000000 -1.000000
vn 0.000000 0.000000 -1.000000
vn 0.000000 0.000000 -1.000000
vn 0.000000 0.000000 -1.000000
vn 0.000000 0.000000 -1.000000
vn 0.000000 0.000000 -1.000000
vn 0.000000 0.000000 -1.000000
vn 0.000000 0.000000 -1.000000
vn 0.000000 0.000000 -1.000000
vn 0.000000 0.000000 -1.000000
vn 0.000000 0.000000 -1.000000
vn 0.000000 0.000000 -1.000000
vn 0.000000 0.000000 -1.000000
vn 0.000000 0.000000 -1.000000
vn 0.000000 0.000000 -1.000000
vn 0.000000 0.000000 -1.000000
vn 0.000000 0.000000 -1.000000
vn 0.000000 0.000000 -1.000000
vn 0.000000 0.000000 -1.000000
vn 0.000000 0.000000 -1.000000
vn 0.000000 0.000000 -1.000000
vn 0.000000 0.000000 -1.000000
vn 0.000000 0.000000 -1.000000
vn 0.000000 0.000000 -1.000000
vn -0.000000 0.000000 -1.000000
vn -0.000000 0.000000 -1.000000
vn -0.000000 0.000000 -1.000000
vn -0.000000 0.000000 -1.000000
vn -0.000000 0.000000 -1.000000
vn -0.000000 0.000000 -1.000000
vn 0.000000 0.000000 -1.000000
vn 0.000000 0.000000 -1.000000
vn 0.000000 0.000000 -1.000000
vn 0.000000 0.000000 -1.000000
vn 0.000000 0.000000 -1.000000
vn 0.000000 0.000000 -1.000000
vn 0.000000 0.000000 -1.000000
vn 0.000000 0.000000 -1.000000
vn 0.000000 0.000000 -1.000000
vn 0.000000 0.000000 -1.000000
vn 0.000000 0.000000 -1.000000
vn 0.000000 0.000000 -1.000000
vn 0.000000 0.000000 -1.000000
vn 0.000000 0.000000 -1.000000
vn 0.000000 0.000000 -1.000000
vn 0.000000 0.000000 -1.000000
vn 0.000000 0.000000 -1.000000
vn 0.000000 0.000000 -1.000000
vn 0.000000 0.000000 -1.000000
vn 0.000000 0.000000 -1.000000
vn 0.000000 0.000000 -1.000000
vn 0.000000 0.000000 -1.000000
vn 0.000000 0.000000 -1.000000
vn 0.000000 0.000000 -1.000000
vn 0.000000 0.000000 -1.000000
vn 0.000000 0.000000 -1.000000
vn 0.000000 0.000000 -1.000000
vn 0.000000 0.000000 -1.000000
vn 0.000000 0.000000 -1.000000
vn 0.000000 0.000000 -1.000000
vn 0.000000 0.000000 -1.000000
vn 0.000000 0.000000 -1.000000
vn 0.000000 0.000000 -1.000000
vn 0.000000 0.000000 -1.000000
vn 0.000000 0.000000 -1.000000
vn 0.000000 0.000000 -1.000000
vn 0.000000 0.000000 -1.000000
vn 0.000000 0.000000 -1.000000
vn 0.000000 0.000000 -1.000000
vn 0.000000 0.000000 -1.000000
vn 0.000000 0.000000 -1.000000
vn 0.000000 0.000000 -1.000000
vn -0.998527 -0.054258 0.000000
vn -0.998527 -0.054258 -0.000000
vn 0.998527 0.054258 0.000000
vn 0.998527 0.054258 -0.000000
vn 0.000000 0.000000 -1.000000
vn -0.000000 0.000000 -1.000000
vn -0.000000 0.000000 1.000000
vn 0.000000 0.000000 1.000000
vn -0.000000 0.000000 1.000000
vn 0.000000 0.000000 1.000000
vn -0.000000 0.000000 1.000000
vn 0.000000 0.000000 1.000000
vn -0.000000 0.000000 1.000000
vn 0.000000 0.000000 1.000000
vn -0.000000 0.000000 1.000000
vn 0.000000 0.000000 1.000000
vn -0.000000 -0.000000 1.000000
vn 0.000000 0.000000 1.000000
vn -0.000000 -0.000000 1.000000
vn 0.000000 0.000000 1.000000
vn 0.000000 0.000000 1.000000
vn 0.000000 0.000000 1.000000
vn 0.000000 0.000000 1.000000
vn 0.000000 0.000000 1.000000
vn 0.000000 0.000000 1.000000
vn 0.000000 0.000000 1.000000
vn 0.000000 0.000000 1.000000
vn 0.000000 0.000000 1.000000
vn 0.000000 0.000000 1.000000
vn 0.000000 0.000000 1.000000
vn 0.000000 0.000000 1.000000
vn 0.000000 0.000000 1.000000
vn 0.000000 0.000000 1.000000
vn 0.000000 0.000000 1.000000
vn 0.000000 0.000000 1.000000
vn 0.000000 0.000000 1.000000
vn 0.000000 0.000000 1.000000
vn 0.000000 0.000000 1.000000
vn 0.000000 0.000000 1.000000
vn 0.000000 0.000000 1.000000
vn 0.000000 0.000000 1.000000
vn 0.000000 0.000000 1.000000
vn 0.000000 0.000000 1.000000
vn 0.000000 0.000000 1.000000
vn 0.000000 0.000000 1.000000
vn 0.000000 0.000000 1.000000
vn 0.000000 0.000000 1.000000
vn 0.000000 0.000000 1.000000
vn 0.000000 0.000000 1.000000
vn 0.000000 0.000000 1.000000
vn 0.000000 0.000000 1.000000
vn 0.000000 0.000000 1.000000
vn 0.000000 0.000000 1.000000
vn 0.000000 0.000000 1.000000
vn 0.000000 0.000000 1.000000
vn 0.000000 0.000000 1.000000
vn 0.000000 0.000000 1.000000
vn 0.000000 0.000000 1.000000
vn 0.000000 0.000000 1.000000
vn 0.000000 0.000000 1.000000
vn 0.000000 0.000000 1.000000
vn 0.000000 0.000000 1.000000
vn 0.000000 0.000000 1.000000
vn 0.000000 0.000000 1.000000
vn 0.000000 0.000000 1.000000
vn -0.000000 0.000000 1.000000
vn 0.000000 0.000000 1.000000
vn -0.000000 0.000000 1.000000
vn -0.000000 -0.000000 1.000000
vn -0.000000 0.000000 1.000000
vn -0.000000 0.000000 1.000000
vn 0.000000 0.000000 1.000000
vn -0.000000 0.000000 1.000000
vn -0.000000 -0.000000 1.000000
vn -0.000000 0.000000 1.000000
vn 0.000000 0.000000 1.000000
vn -0.000000 0.000000 1.000000
vn -0.000000 -0.000000 1.000000
vn -0.000000 0.000000 1.000000
vn 0.000000 0.000000 1.000000
vn -0.000000 0.000000 1.000000
vn -0.000000 -0.000000 1.000000
vn 0.000000 0.000000 1.000000
vn -0.000000 0.000000 1.000000
vn -0.000000 0.000000 1.000000
vn -0.000000 -0.000000 1.000000
vn -0.000000 0.000000 1.000000
vn 0.000000 0.000000 1.000000
vn -0.000000 0.000000 1.000000
vn -0.000000 -0.000000 1.000000
vn -0.000000 0.000000 1.000000
vn 0.000000 0.000000 1.000000
vn -0.000000 -0.000000 1.000000
vn -0.000000 0.000000 1.000000
vn 0.000000 0.000000 1.000000
vn -0.000000 -0.000000 1.000000
vn -0.000000 0.000000 1.000000
vn 0.000000 0.000000 1.000000
vn -0.000000 0.000000 1.000000
vn 0.000000 0.000000 1.000000
vn 0.000000 0.000000 1.000000
vn -0.000000 0.000000 1.000000
vn -0.000000 0.000000 1.000000
vn 0.000000 0.000000 1.000000
vn -0.000000 0.000000 1.000000
vn 0.000000 0.000000 1.000000
vn -0.000000 0.000000 1.000000
vn 0.000000 0.000000 1.000000
vn -0.000000 0.000000 1.000000
vn 0.000000 0.000000 1.000000
vn -0.000000 0.000000 1.000000
vn 0.000000 0.000000 1.000000
vn -0.000000 0.000000 1.000000
vn 0.000000 0.000000 1.000000
vn 0.000000 0.000000 1.000000
vn 0.000000 0.000000 1.000000
vn 0.000000 0.000000 1.000000
vn 0.000000 0.000000 1.000000
vn 0.000000 0.000000 1.000000
vn 0.000000 0.000000 1.000000
vn 0.000000 0.000000 1.000000
vn 0.000000 0.000000 1.000000
vn 0.000000 0.000000 1.000000
vn 0.000000 0.000000 1.000000
vn 0.000000 0.000000 1.000000
vn 0.000000 0.000000 1.000000
vn 0.000000 0.000000 1.000000
vn 0.000000 0.000000 1.000000
vn 0.000000 0.000000 1.000000
vn 0.000000 0.000000 1.000000
vn 0.000000 0.000000 1.000000
vn 0.000000 0.000000 1.000000
vn 0.000000 0.000000 1.000000
vn 0.000000 0.000000 1.000000
vn 0.000000 0.000000 1.000000
vn 0.000000 0.000000 1.000000
vn 0.000000 0.000000 1.000000
vn 0.000000 0.000000 1.000000
vn 0.000000 0.000000 1.000000
vn 0.000000 0.000000 1.000000
vn 0.000000 0.000000 1.000000
vn 0.000000 0.000000 1.000000
vn 0.000000 0.000000 1.000000
vn 0.000000 0.000000 1.000000
vn 0.000000 0.000000 1.000000
vn 0.000000 0.000000 1.000000
vn 0.000000 0.000000 1.000000
vn 0.000000 0.000000 1.000000
vn 0.000000 0.000000 1.000000
vn 0.000000 0.000000 1.000000
vn 0.000000 0.000000 1.000000
vn 0.000000 0.000000 1.000000
vn 0.000000 0.000000 1.000000
vn 0.000000 0.000000 1.000000
vn 0.000000 0.000000 1.000000
vn 0.000000 0.000000 1.000000
vn 0.000000 0.000000 1.000000
vn 0.000000 0.000000 1.000000
vn 0.000000 0.000000 1.000000
vn -0.000000 0.000000 1.000000
vn -0.000000 0.000000 1.000000
vn -0.000000 0.000000 1.000000
vn -0.000000 0.000000 1.000000
vn -0.000000 0.000000 1.000000
vn -0.000000 0.000000 1.000000
vn -0.000000 0.000000 1.000000
vn -0.000000 0.000000 1.000000
vn -0.000000 0.000000 1.000000
vn -0.000000 0.000000 1.000000
vn -0.000000 0.000000 1.000000
vn -0.000000 0.000000 1.000000
vn -0.000000 0.000000 1.000000
vn -0.000000 0.000000 1.000000
vn -0.000000 0.000000 1.000000
vn -0.000000 0.000000 1.000000
vn -0.000000 0.000000 1.000000
vn -0.000000 0.000000 1.000000
vn -0.000000 0.000000 1.000000
vn -0.000000 0.000000 1.000000
vn -0.000000 0.000000 1.000000
vn -0.000000 0.000000 1.000000
vn -0.000000 0.000000 1.000000
vn 0.000000 0.000000 1.000000
vn 0.000000 0.000000 1.000000
vn 0.000000 0.000000 1.000000
vn 0.000000 0.000000 1.000000
vn 0.000000 0.000000 1.000000
vn 0.000000 0.000000 1.000000
vn 0.000000 0.000000 1.000000
vn 0.000000 0.000000 1.000000
vn 0.000000 0.000000 1.000000
vn 0.000000 0.000000 1.000000
vn 0.000000 0.000000 1.000000
vn 0.000000 0.000000 1.000000
vn 0.000000 0.000000 1.000000
vn 0.000000 0.000000 1.000000
vn 0.000000 0.000000 1.000000
vn 0.000000 0.000000 1.000000
vn 0.000000 0.000000 1.000000
vn 0.000000 0.000000 1.000000
vn 0.000000 0.000000 1.000000
vn 0.000000 0.000000 1.000000
vn 0.000000 0.000000 1.000000
vn 0.000000 0.000000 1.000000
vn 0.000000 0.000000 1.000000
vn 0.000000 0.000000 1.000000
vn 0.000000 0.000000 1.000000
vn 0.000000 0.000000 1.000000
vn 0.000000 0.000000 1.000000
vn 0.000000 0.000000 1.000000
vn 0.000000 0.000000 1.000000
vn 0.000000 0.000000 1.000000
vn 0.000000 0.000000 1.000000
vn 0.000000 0.000000 1.000000
vn 0.000000 0.000000 1.000000
vn 0.000000 0.000000 1.000000
vn 0.000000 0.000000 1.000000
vn 0.000000 0.000000 1.000000
vn 0.000000 0.000000 1.000000
vn 0.000000 0.000000 1.000000
vn 0.000000 0.000000 1.000000
vn 0.000000 0.000000 1.000000
vn 0.000000 0.000000 1.000000
vn 0.000000 0.000000 1.000000
vn 0.000000 0.000000 1.000000
vn 0.000000 0.000000 1.000000
vn 0.000000 0.000000 1.000000
vn 0.000000 0.000000 1.000000
vn 0.000000 0.000000 1.000000
vn -0.998527 -0.054258 -0.000000
vn -0.998527 -0.054258 0.000000
vn 0.998527 0.054258 0.000000
vn 0.998527 0.054258 -0.000000
vn -0.000000 0.000000 -1.000000
vn 0.000000 0.000000 -1.000000
vn -0.000000 0.000000 -1.000000
vn 0.000000 0.000000 -1.000000
vn -0.000000 0.000000 -1.000000
vn 0.000000 0.000000 -1.000000
vn -0.000000 0.000000 -1.000000
vn 0.000000 0.000000 -1.000000
vn -0.000000 0.000000 -1.000000
vn 0.000000 0.000000 -1.000000
vn -0.000000 0.000000 -1.000000
vn 0.000000 0.000000 -1.000000
vn 0.000000 0.000000 -1.000000
vn 0.000000 0.000000 -1.000000
vn 0.000000 0.000000 -1.000000
vn 0.000000 0.000000 -1.000000
vn 0.000000 0.000000 -1.000000
vn 0.000000 0.000000 -1.000000
vn 0.000000 0.000000 -1.000000
vn 0.000000 0.000000 -1.000000
vn 0.000000 0.000000 -1.000000
vn 0.000000 0.000000 -1.000000
vn 0.000000 0.000000 -1.000000
vn 0.000000 0.000000 -1.000000
vn 0.000000 0.000000 -1.000000
vn 0.000000 0.000000 -1.000000
vn 0.000000 0.000000 -1.000000
vn 0.000000 0.000000 -1.000000
vn 0.000000 0.000000 -1.000000
vn 0.000000 0.000000 -1.000000
vn 0.000000 0.000000 -1.000000
vn 0.000000 0.000000 -1.000000
vn 0.000000 0.000000 -1.000000
vn 0.000000 0.000000 -1.000000
vn 0.000000 0.000000 -1.000000
vn 0.000000 0.000000 -1.000000
vn 0.000000 0.000000 -1.000000
vn 0.000000 0.000000 -1.000000
vn 0.000000 0.000000 -1.000000
vn 0.000000 0.000000 -1.000000
vn 0.000000 0.000000 -1.000000
vn 0.000000 0.000000 -1.000000
vn 0.000000 0.000000 -1.000000
vn 0.000000 0.000000 -1.000000
vn 0.000000 0.000000 -1.000000
vn 0.000000 0.000000 -1.000000
vn 0.000000 0.000000 -1.000000
vn 0.000000 0.000000 -1.000000
vn 0.000000 0.000000 -1.000000
vn 0.000000 0.000000 -1.000000
vn 0.000000 0.000000 -1.000000
vn 0.000000 0.000000 -1.000000
vn 0.000000 0.000000 -1.000000
vn 0.000000 0.000000 -1.000000
vn 0.000000 0.000000 -1.000000
vn 0.000000 0.000000 -1.000000
vn 0.000000 0.000000 -1.000000
vn 0.000000 0.000000 -1.000000
vn -0.000000 -0.000000 -1.000000
vn -0.000000 -0.000000 -1.000000
vn -0.000000 0.000000 -1.000000
vn -0.000000 -0.000000 -1.000000
vn 0.000000 0.000000 -1.000000
vn -0.000000 -0.000000 -1.000000
vn -0.000000 0.000000 -1.000000
vn 0.000000 0.000000 -1.000000
vn -0.000000 -0.000000 -1.000000
vn -0.000000 -0.000000 -1.000000
vn -0.000000 0.000000 -1.000000
vn -0.000000 -0.000000 -1.000000
vn 0.000000 0.000000 -1.000000
vn -0.000000 -0.000000 -1.000000
vn -0.000000 -0.000000 -1.000000
vn -0.000000 0.000000 -1.000000
vn 0.000000 0.000000 -1.000000
vn -0.000000 -0.000000 -1.000000
vn 0.000000 0.000000 -1.000000
vn -0.000000 -0.000000 -1.000000
vn 0.000000 0.000000 -1.000000
vn -0.000000 -0.000000 -1.000000
vn 0.000000 0.000000 -1.000000
vn -0.000000 -0.000000 -1.000000
vn 0.000000 0.000000 -1.000000
vn -0.000000 -0.000000 -1.000000
vn 0.000000 0.000000 -1.000000
vn -0.000000 -0.000000 -1.000000
vn 0.000000 0.000000 -1.000000
vn -0.000000 -0.000000 -1.000000
vn 0.000000 0.000000 -1.000000
vn -0.000000 -0.000000 -1.000000
vn 0.000000 0.000000 -1.000000
vn -0.000000 -0.000000 -1.000000
vn 0.000000 0.000000 -1.000000
vn -0.000000 -0.000000 -1.000000
vn 0.000000 0.000000 -1.000000
vn -0.000000 -0.000000 -1.000000
vn 0.000000 0.000000 -1.000000
vn 0.000000 -0.000000 -1.000000
vn 0.000000 0.000000 -1.000000
vn 0.000000 -0.000000 -1.000000
vn 0.000000 0.000000 -1.000000
vn 0.000000 -0.000000 -1.000000
vn 0.000000 0.000000 -1.000000
vn 0.000000 -0.000000 -1.000000
vn 0.000000 0.000000 -1.000000
vn 0.000000 -0.000000 -1.000000
vn 0.000000 0.000000 -1.000000
vn 0.000000 -0.000000 -1.000000
vn 0.000000 0.000000 -1.000000
vn 0.000000 -0.000000 -1.000000
vn 0.000000 -0.000000 -1.000000
vn 0.000000 0.000000 -1.000000
vn 0.000000 -0.000000 -1.000000
vn 0.000000 0.000000 -1.000000
vn 0.000000 -0.000000 -1.000000
vn 0.000000 0.000000 -1.000000
vn 0.000000 -0.000000 -1.000000
vn 0.000000 0.000000 -1.000000
vn 0.000000 -0.000000 -1.000000
vn 0.000000 0.000000 -1.000000
vn 0.000000 -0.000000 -1.000000
vn 0.000000 0.000000 -1.000000
vn 0.000000 -0.000000 -1.000000
vn 0.000000 0.000000 -1.000000
vn 0.000000 0.000000 -1.000000
vn 0.000000 -0.000000 -1.000000
vn 0.000000 0.000000 -1.000000
vn 0.000000 -0.000000 -1.000000
vn 0.000000 0.000000 -1.000000
vn 0.000000 -0.000000 -1.000000
vn 0.000000 0.000000 -1.000000
vn 0.000000 -0.000000 -1.000000
vn 0.000000 0.000000 -1.000000
vn 0.000000 -0.000000 -1.000000
vn 0.000000 0.000000 -1.000000
vn 0.000000 -0.000000 -1.000000
vn 0.000000 0.000000 -1.000000
vn 0.000000 -0.000000 -1.000000
vn 0.000000 0.000000 -1.000000
vn 0.000000 -0.000000 -1.000000
vn 0.000000 0.000000 -1.000000
vn 0.000000 -0.000000 -1.000000
vn 0.000000 0.000000 -1.000000
vn 0.000000 -0.000000 -1.000000
vn 0.000000 0.000000 -1.000000
vn 0.000000 -0.000000 -1.000000
vn -0.000000 0.000000 -1.000000
vn -0.000000 0.000000 -1.000000
vn -0.000000 0.000000 -1.000000
vn -0.000000 0.000000 -1.000000
vn -0.000000 0.000000 -1.000000
vn -0.000000 0.000000 -1.000000
vn -0.000000 0.000000 -1.000000
vn -0.000000 0.000000 -1.000000
vn -0.000000 0.000000 -1.000000
vn -0.000000 -0.000000 -1.000000
vn -0.000000 -0.000000 -1.000000
vn 0.000000 0.000000 -1.000000
vn 0.000000 0.000000 -1.000000
vn -0.000000 0.000000 -1.000000
vn -0.000000 0.000000 -1.000000
vn -0.000000 0.000000 -1.000000
vn -0.000000 0.000000 -1.000000
vn -0.000000 0.000000 -1.000000
vn -0.000000 0.000000 -1.000000
vn -0.000000 0.000000 -1.000000
vn 0.000000 -0.000000 -1.000000
vn 0.000000 -0.000000 -1.000000
vn 0.000000 -0.000000 -1.000000
vn 0.000000 -0.000000 -1.000000
vn 0.000000 0.000000 -1.000000
vn 0.000000 0.000000 -1.000000
vn 0.000000 0.000000 -1.000000
vn 0.000000 0.000000 -1.000000
vn 0.000000 0.000000 -1.000000
vn 0.000000 -0.000000 -1.000000
vn 0.000000 -0.000000 -1.000000
vn 0.000000 -0.000000 -1.000000
vn 0.000000 -0.000000 -1.000000
vn 0.000000 -0.000000 -1.000000
vn 0.000000 -0.000000 -1.000000
vn 0.000000 -0.000000 -1.000000
vn 0.000000 -0.000000 -1.000000
vn 0.000000 -0.000000 -1.000000
vn 0.000000 -0.000000 -1.000000
vn 0.000000 -0.000000 -1.000000
vn 0.000000 -0.000000 -1.000000
vn 0.000000 -0.000000 -1.000000
vn 0.000000 -0.000000 -1.000000
vn 0.000000 -0.000000 -1.000000
vn 0.000000 -0.000000 -1.000000
vn 0.000000 -0.000000 -1.000000
vn 0.000000 -0.000000 -1.000000
vn 0.000000 -0.000000 -1.000000
vn 0.000000 -0.000000 -1.000000
vn 0.000000 -0.000000 -1.000000
vn 0.000000 -0.000000 -1.000000
vn 0.000000 -0.000000 -1.000000
vn 0.000000 -0.000000 -1.000000
vn 0.000000 -0.000000 -1.000000
vn 0.000000 -0.000000 -1.000000
vn 0.000000 -0.000000 -1.000000
vn 0.000000 -0.000000 -1.000000
vn 0.000000 -0.000000 -1.000000
vn 0.000000 -0.000000 -1.000000
vn 0.000000 -0.000000 -1.000000
vn 0.000000 -0.000000 -1.000000
vn 0.000000 0.000000 -1.000000
vn 0.000000 0.000000 -1.000000
vn 0.000000 0.000000 -1.000000
vn 0.000000 0.000000 -1.000000
vn 0.000000 0.000000 -1.000000
vn 0.038367 -0.706065 0.707107
vn 0.038367 -0.706065 0.707107
vn -0.998527 -0.054258 -0.000000
vn -0.998527 -0.054258 -0.000000
vn -0.998527 -0.054258 -0.000000
vn -0.998527 -0.054258 0.000000
vn 0.000000 0.000000 1.000000
vn 0.000000 0.000000 1.000000
vn 0.000000 0.000000 1.000000
vn 0.000000 0.000000 1.000000
vn 0.000000 0.000000 1.000000
vn 0.000000 0.000000 1.000000
vn 0.000000 0.000000 1.000000
vn 0.000000 0.000000 1.000000
vn 0.000000 0.000000 1.000000
vn 0.000000 0.000000 1.000000
vn 0.000000 0.000000 1.000000
vn 0.000000 0.000000 1.000000
vn 0.000000 0.000000 1.000000
vn 0.000000 0.000000 1.000000
vn 0.000000 0.000000 1.000000
vn 0.000000 0.000000 1.000000
vn 0.000000 0.000000 1.000000
vn 0.000000 0.000000 1.000000
vn 0.000000 0.000000 1.000000
vn 0.000000 0.000000 1.000000
vn 0.000000 0.000000 1.000000
vn 0.000000 0.000000 1.000000
vn 0.000000 0.000000 1.000000
vn 0.000000 0.000000 1.000000
vn -0.000000 0.000000 1.000000
vn -0.000000 0.000000 1.000000
vn -0.000000 0.000000 1.000000
vn -0.000000 0.000000 1.000000
vn -0.000000 0.000000 1.000000
vn -0.000000 0.000000 1.000000
vn -0.000000 0.000000 1.000000
vn -0.000000 0.000000 1.000000
vn -0.000000 0.000000 1.000000
vn -0.000000 0.000000 1.000000
vn -0.000000 0.000000 1.000000
vn -0.000000 0.000000 1.000000
vn 0.000000 0.000000 1.000000
vn 0.000000 0.000000 1.000000
vn 0.000000 0.000000 1.000000
vn 0.000000 0.000000 1.000000
vn 0.000000 0.000000 1.000000
vn 0.000000 0.000000 1.000000
vn 0.000000 0.000000 1.000000
vn 0.000000 0.000000 1.000000
vn 0.000000 0.000000 1.000000
vn 0.000000 0.000000 1.000000
vn 0.000000 0.000000 1.000000
vn 0.000000 0.000000 1.000000
vn 0.000000 0.000000 1.000000
vn 0.000000 0.000000 1.000000
vn 0.000000 0.000000 1.000000
vn 0.000000 0.000000 1.000000
vn 0.000000 0.000000 1.000000
vn 0.000000 0.000000 1.000000
vn 0.000000 0.000000 1.000000
vn 0.000000 0.000000 1.000000
vn 0.000000 0.000000 1.000000
vn 0.000000 0.000000 1.000000
vn 0.000000 0.000000 1.000000
vn 0.000000 0.000000 1.000000
vn 0.000000 0.000000 1.000000
vn 0.000000 0.000000 1.000000
vn 0.000000 0.000000 1.000000
vn 0.000000 0.000000 1.000000
vn 0.000000 0.000000 1.000000
vn 0.000000 0.000000 1.000000
vn 0.000000 0.000000 1.000000
vn 0.000000 0.000000 1.000000
vn 0.000000 0.000000 1.000000
vn 0.000000 0.000000 1.000000
vn 0.000000 0.000000 1.000000
vn 0.000000 0.000000 1.000000
vn 0.000000 0.000000 1.000000
vn 0.000000 0.000000 1.000000
vn 0.000000 0.000000 1.000000
vn 0.000000 0.000000 1.000000
vn 0.000000 0.000000 1.000000
vn 0.000000 0.000000 1.000000
vn 0.000000 0.000000 1.000000
vn 0.000000 0.000000 1.000000
vn 0.000000 0.000000 1.000000
vn 0.000000 0.000000 1.000000
vn 0.000000 0.000000 1.000000
vn 0.000000 0.000000 1.000000
vn 0.000000 0.000000 1.000000
vn 0.000000 0.000000 1.000000
vn 0.000000 0.000000 1.000000
vn 0.000000 0.000000 1.000000
vn 0.000000 0.000000 1.000000
vn 0.000000 0.000000 1.000000
vn 0.000000 0.000000 1.000000
vn 0.000000 0.000000 1.000000
vn 0.000000 0.000000 1.000000
vn 0.000000 0.000000 1.000000
vn 0.000000 0.000000 1.000000
vn 0.000000 0.000000 1.000000
vn 0.000000 0.000000 1.000000
vn 0.000000 0.000000 1.000000
vn 0.000000 0.000000 1.000000
vn 0.000000 0.000000 1.000000
vn 0.000000 0.000000 1.000000
vn 0.000000 0.000000 1.000000
vn 0.000000 0.000000 1.000000
vn 0.000000 0.000000 1.000000
vn 0.000000 0.000000 1.000000
vn 0.000000 0.000000 1.000000
vn 0.000000 0.000000 1.000000
vn 0.000000 0.000000 1.000000
vn 0.000000 0.000000 1.000000
vn 0.000000 0.000000 1.000000
vn 0.000000 0.000000 1.000000
vn 0.000000 0.000000 1.000000
vn 0.000000 0.000000 1.000000
vn 0.000000 0.000000 1.000000
vn 0.000000 0.000000 1.000000
vn 0.000000 0.000000 1.000000
vn 0.000000 0.000000 1.000000
vn 0.000000 0.000000 1.000000
vn 0.000000 0.000000 1.000000
vn 0.000000 0.000000 1.000000
vn 0.000000 0.000000 1.000000
vn 0.000000 0.000000 1.000000
vn 0.000000 0.000000 1.000000
vn 0.000000 0.000000 1.000000
vn 0.000000 0.000000 1.000000
vn 0.000000 0.000000 1.000000
vn 0.000000 0.000000 1.000000
vn 0.000000 0.000000 1.000000
vn 0.000000 0.000000 1.000000
vn 0.000000 0.000000 1.000000
vn 0.000000 0.000000 1.000000
vn 0.000000 0.000000 1.000000
vn 0.000000 0.000000 1.000000
vn 0.000000 0.000000 1.000000
vn 0.000000 0.000000 1.000000
vn 0.000000 0.000000 1.000000
vn 0.000000 0.000000 1.000000
vn 0.000000 0.000000 1.000000
vn 0.000000 0.000000 1.000000
vn 0.000000 0.000000 1.000000
vn 0.000000 0.000000 1.000000
vn 0.000000 0.000000 1.000000
vn 0.000000 0.000000 1.000000
vn 0.000000 0.000000 1.000000
vn 0.000000 0.000000 1.000000
vn 0.000000 0.000000 1.000000
vn 0.000000 0.000000 1.000000
vn 0.000000 0.000000 1.000000
vn 0.000000 0.000000 1.000000
vn 0.000000 0.000000 1.000000
vn 0.000000 0.000000 1.000000
vn 0.000000 0.000000 1.000000
vn 0.000000 0.000000 1.000000
vn 0.000000 0.000000 1.000000
vn 0.000000 0.000000 1.000000
vn 0.000000 0.000000 1.000000
vn 0.000000 0.000000 1.000000
vn 0.000000 0.000000 1.000000
vn 0.000000 0.000000 1.000000
vn 0.000000 0.000000 1.000000
vn 0.000000 0.000000 1.000000
vn 0.000000 0.000000 1.000000
vn 0.000000 -0.000000 1.000000
vn 0.000000 -0.000000 1.000000
vn 0.000000 -0.000000 1.000000
vn 0.000000 -0.000000 1.000000
vn 0.000000 -0.000000 1.000000
vn -0.000000 -0.000000 1.000000
vn -0.000000 -0.000000 1.000000
vn -0.000000 -0.000000 1.000000
vn 0.000000 -0.000000 1.000000
vn 0.000000 -0.000000 1.000000
vn 0.000000 -0.000000 1.000000
vn 0.000000 -0.000000 1.000000
vn 0.000000 -0.000000 1.000000
vn 0.000000 -0.000000 1.000000
vn 0.000000 -0.000000 1.000000
vn 0.000000 -0.000000 1.000000
vn 0.000000 0.000000 1.000000
vn 0.000000 -0.000000 1.000000
vn 0.000000 0.000000 1.000000
vn 0.000000 -0.000000 1.000000
vn 0.000000 0.000000 1.000000
vn 0.000000 -0.000000 1.000000
vn 0.000000 -0.000000 1.000000
vn 0.000000 -0.000000 1.000000
vn 0.000000 -0.000000 1.000000
vn 0.000000 -0.000000 1.000000
vn 0.000000 -0.000000 1.000000
vn 0.000000 -0.000000 1.000000
vn 0.000000 -0.000000 1.000000
vn 0.000000 -0.000000 1.000000
vn 0.000000 -0.000000 1.000000
vn 0.000000 -0.000000 1.000000
vn 0.000000 -0.000000 1.000000
vn 0.000000 -0.000000 1.000000
vn 0.000000 -0.000000 1.000000
vn 0.000000 -0.000000 1.000000
vn 0.000000 -0.000000 1.000000
vn 0.000000 -0.000000 1.000000
vn 0.000000 -0.000000 1.000000
vn 0.000000 -0.000000 1.000000
vn 0.000000 0.000000 1.000000
vn 0.000000 0.000000 1.000000
vn 0.000000 0.000000 1.000000
vn 0.000000 0.000000 1.000000
vn 0.000000 0.000000 1.000000
vn 0.000000 0.000000 1.000000
vn 0.000000 0.000000 1.000000
vn 0.000000 0.000000 1.000000
vn 0.000000 0.000000 1.000000
vn 0.000000 0.000000 1.000000
vn 0.706065 0.038366 -0.707107
vn 0.706066 0.038367 -0.707106
vn -0.054259 0.998527 -0.000000
vn -0.054258 0.998527 0.000000
vn -0.054258 0.998527 0.000000
vn -0.054259 0.998527 0.000000
vn -0.054258 0.998527 0.000000
vn -0.054258 0.998527 0.000000
vn -0.054258 0.998527 -0.000000
vn -0.054258 0.998527 0.000000
vn -0.054258 0.998527 0.000000
vn -0.054258 0.998527 0.000000
vn -0.054258 0.998527 0.000000
vn -0.054258 0.998527 0.000000
vn 0.000000 0.000000 -1.000000
vn -0.000000 0.000000 -1.000000
vn 0.000000 0.000000 -1.000000
vn -0.000000 0.000000 -1.000000
vn 0.000000 0.000000 -1.000000
vn -0.000000 0.000000 -1.000000
vn 0.000000 0.000000 -1.000000
vn -0.000000 0.000000 -1.000000
vn 0.000000 0.000000 -1.000000
vn -0.000000 0.000000 -1.000000
vn 0.000000 0.000000 -1.000000
vn -0.000000 0.000000 -1.000000
vn 0.000000 0.000000 -1.000000
vn -0.000000 0.000000 -1.000000
vn 0.000000 0.000000 -1.000000
vn -0.000000 0.000000 -1.000000
vn 0.000000 0.000000 -1.000000
vn -0.000000 0.000000 -1.000000
vn 0.000000 0.000000 -1.000000
vn -0.000000 0.000000 -1.000000
vn 0.000000 0.000000 -1.000000
vn -0.000000 0.000000 -1.000000
vn 0.000000 0.000000 -1.000000
vn 0.000000 0.000000 -1.000000
vn 0.000000 0.000000 -1.000000
vn 0.000000 0.000000 -1.000000
vn -0.000000 0.000000 -1.000000
vn 0.000000 0.000000 -1.000000
vn -0.000000 0.000000 -1.000000
vn -0.000000 0.000000 -1.000000
vn -0.000000 0.000000 -1.000000
vn -0.000000 0.000000 -1.000000
vn -0.000000 0.000000 -1.000000
vn -0.000000 0.000000 -1.000000
vn -0.000000 0.000000 -1.000000
vn -0.000000 0.000000 -1.000000
vn -0.000000 0.000000 -1.000000
vn -0.000000 0.000000 -1.000000
vn -0.000000 0.000000 -1.000000
vn 0.000000 0.000000 -1.000000
vn 0.000000 0.000000 -1.000000
vn 0.000000 0.000000 -1.000000
vn 0.000000 0.000000 -1.000000
vn 0.000000 0.000000 -1.000000
vn 0.000000 0.000000 -1.000000
vn 0.000000 0.000000 -1.000000
vn 0.000000 0.000000 -1.000000
vn 0.000000 0.000000 -1.000000
vn 0.000000 0.000000 -1.000000
vn 0.000000 0.000000 -1.000000
vn 0.000000 0.000000 -1.000000
vn 0.000000 0.000000 -1.000000
vn 0.000000 0.000000 -1.000000
vn 0.000000 0.000000 -1.000000
vn 0.000000 0.000000 -1.000000
vn 0.000000 0.000000 -1.000000
vn -0.000000 0.000000 -1.000000
vn 0.000000 0.000000 -1.000000
vn -0.000000 0.000000 -1.000000
vn 0.000000 0.000000 -1.000000
vn -0.000000 0.000000 -1.000000
vn 0.000000 0.000000 -1.000000
vn -0.000000 0.000000 -1.000000
vn 0.000000 0.000000 -1.000000
vn -0.000000 0.000000 -1.000000
vn 0.000000 0.000000 -1.000000
vn -0.000000 0.000000 -1.000000
vn 0.000000 0.000000 -1.000000
vn -0.000000 0.000000 -1.000000
vn 0.000000 0.000000 -1.000000
vn -0.000000 0.000000 -1.000000
vn 0.000000 0.000000 -1.000000
vn -0.000000 0.000000 -1.000000
vn 0.000000 0.000000 -1.000000
vn -0.000000 0.000000 -1.000000
vn 0.000000 0.000000 -1.000000
vn -0.000000 0.000000 -1.000000
vn 0.000000 0.000000 -1.000000
vn 0.000000 0.000000 -1.000000
vn 0.000000 0.000000 -1.000000
vn 0.000000 0.000000 -1.000000
vn 0.000000 0.000000 -1.000000
vn 0.000000 0.000000 -1.000000
vn 0.000000 0.000000 -1.000000
vn 0.000000 0.000000 -1.000000
vn 0.000000 0.000000 -1.000000
vn 0.000000 0.000000 -1.000000
vn 0.000000 0.000000 -1.000000
vn 0.000000 0.000000 -1.000000
vn 0.000000 0.000000 -1.000000
vn 0.000000 0.000000 -1.000000
vn 0.000000 0.000000 -1.000000
vn 0.000000 0.000000 -1.000000
vn 0.000000 0.000000 -1.000000
vn 0.000000 0.000000 -1.000000
vn 0.000000 0.000000 -1.000000
vn 0.000000 0.000000 -1.000000
vn 0.000000 0.000000 -1.000000
vn 0.000000 0.000000 -1.000000
vn 0.000000 0.000000 -1.000000
vn 0.000000 0.000000 -1.000000
vn 0.000000 0.000000 -1.000000
vn 0.000000 0.000000 -1.000000
vn 0.000000 0.000000 -1.000000
vn 0.000000 0.000000 -1.000000
vn 0.000000 0.000000 -1.000000
vn 0.000000 0.000000 -1.000000
vn 0.000000 0.000000 -1.000000
vn 0.000000 0.000000 -1.000000
vn 0.000000 0.000000 -1.000000
vn 0.000000 0.000000 -1.000000
vn 0.000000 0.000000 -1.000000
vn 0.000000 0.000000 -1.000000
vn 0.000000 0.000000 -1.000000
vn 0.000000 0.000000 -1.000000
vn 0.000000 0.000000 -1.000000
vn 0.000000 0.000000 -1.000000
vn 0.000000 0.000000 -1.000000
vn 0.000000 0.000000 -1.000000
vn 0.000000 0.000000 -1.000000
vn 0.000000 0.000000 -1.000000
vn 0.000000 0.000000 -1.000000
vn -0.000000 0.000000 -1.000000
vn -0.000000 0.000000 -1.000000
vn -0.000000 0.000000 -1.000000
vn -0.000000 0.000000 -1.000000
vn -0.000000 0.000000 -1.000000
vn -0.000000 0.000000 -1.000000
vn -0.000000 0.000000 -1.000000
vn -0.000000 0.000000 -1.000000
vn -0.706066 -0.038367 -0.707106
vn -0.706066 -0.038367 -0.707106
vn 0.998527 0.054258 -0.000000
vn 0.998527 0.054258 -0.000000
vn -0.915761 0.401724 0.000000
vn -0.915761 0.401724 0.000000
vn -0.894550 0.446968 -0.000000
vn -0.894550 0.446968 0.000000
vn -0.871108 0.491092 -0.000000
vn -0.871108 0.491092 0.000000
vn -0.845479 0.534008 -0.000000
vn -0.845479 0.534008 0.000000
vn -0.817738 0.575590 -0.000000
vn -0.817738 0.575590 0.000000
vn -0.787968 0.615716 -0.000000
vn -0.787968 0.615716 0.000000
vn -0.756236 0.654299 0.000000
vn -0.756236 0.654299 0.000000
vn -0.722591 0.691276 0.000000
vn -0.722591 0.691276 0.000000
vn -0.687141 0.726524 0.000000
vn -0.687141 0.726524 0.000000
vn -0.650006 0.759929 0.000000
vn -0.650006 0.759929 0.000000
vn -0.611225 0.791457 0.000000
vn -0.611225 0.791457 0.000000
vn -0.570920 0.821006 -0.000000
vn -0.570920 0.821006 0.000000
vn -0.529187 0.848505 -0.000000
vn -0.529187 0.848505 0.000000
vn -0.486147 0.873877 -0.000000
vn -0.486147 0.873877 0.000000
vn -0.441865 0.897081 0.000000
vn -0.441865 0.897081 0.000000
vn -0.396504 0.918033 -0.000000
vn -0.396504 0.918033 0.000000
vn -0.350146 0.936695 -0.000000
vn -0.350146 0.936695 0.000000
vn -0.302913 0.953018 -0.000000
vn -0.302913 0.953018 0.000000
vn -0.254929 0.966960 0.000000
vn -0.254929 0.966960 0.000000
vn -0.206295 0.978490 0.000000
vn -0.206295 0.978490 -0.000000
vn -0.157153 0.987574 0.000000
vn -0.157153 0.987574 0.000000
vn -0.107619 0.994192 0.000000
vn -0.107619 0.994192 -0.000000
vn -0.057817 0.998327 0.000000
vn -0.057817 0.998327 0.000000
vn -0.007870 0.999969 0.000000
vn -0.007870 0.999969 -0.000000
vn 0.042101 0.999113 -0.000000
vn 0.042101 0.999113 -0.000000
vn 0.091961 0.995763 -0.000000
vn 0.091961 0.995763 0.000000
vn 0.141591 0.989925 -0.000000
vn 0.141591 0.989925 -0.000000
vn 0.190867 0.981616 -0.000000
vn 0.190867 0.981616 0.000000
vn 0.239673 0.970854 -0.000000
vn 0.239673 0.970854 -0.000000
vn 0.287875 0.957668 0.000000
vn 0.287875 0.957668 -0.000000
vn 0.335366 0.942088 0.000000
vn 0.335366 0.942088 -0.000000
vn 0.382009 0.924158 -0.000000
vn 0.382009 0.924158 -0.000000
vn 0.427698 0.903921 -0.000000
vn 0.427698 0.903921 -0.000000
vn 0.472322 0.881426 0.000000
vn 0.472322 0.881426 -0.000000
vn 0.515772 0.856726 0.000000
vn 0.515772 0.856726 -0.000000
vn 0.557935 0.829885 0.000000
vn 0.557935 0.829885 -0.000000
vn 0.598688 0.800983 -0.000000
vn 0.598688 0.800983 -0.000000
vn 0.637958 0.770071 0.000000
vn 0.637958 0.770071 -0.000000
vn 0.675637 0.737234 -0.000000
vn 0.675637 0.737234 -0.000000
vn 0.711628 0.702556 0.000000
vn 0.745836 0.666129 0.000000
vn 0.711628 0.702556 -0.000000
vn 0.745836 0.666129 0.000000
vn 0.778180 0.628041 -0.000000
vn 0.778180 0.628041 -0.000000
vn 0.808585 0.588380 0.000000
vn 0.808585 0.588380 -0.000000
vn 0.836975 0.547241 0.000000
vn 0.836975 0.547241 -0.000000
vn 0.863266 0.504750 0.000000
vn 0.863266 0.504750 -0.000000
vn 0.887402 0.460996 -0.000000
vn 0.887402 0.460996 0.000000
vn 0.909330 0.416077 -0.000000
vn 0.909330 0.416077 0.000000
vn 0.928974 0.370145 0.000000
vn 0.928974 0.370145 0.000000
vn 0.946310 0.323262 -0.000000
vn 0.946310 0.323262 -0.000000
vn 0.961279 0.275577 -0.000000
vn 0.961279 0.275577 -0.000000
vn 0.973845 0.227213 0.000000
vn 0.973845 0.227213 0.000000
vn 0.983979 0.178283 -0.000000
vn 0.983979 0.178283 0.000000
vn 0.991658 0.128896 0.000000
vn 0.991658 0.128896 -0.000000
vn 0.996860 0.079180 -0.000000
vn 0.996860 0.079180 -0.000000
vn 0.999571 0.029304 0.000000
vn 0.999571 0.029304 0.000000
vn 0.999786 -0.020679 0.000000
vn 0.999786 -0.020679 -0.000000
vn 0.997503 -0.070623 0.000000
vn 0.997503 -0.070623 0.000000
vn 0.992732 -0.120346 0.000000
vn 0.992732 -0.120346 0.000000
vn 0.985479 -0.169795 0.000000
vn 0.985479 -0.169795 -0.000000
vn 0.975764 -0.218824 0.000000
vn 0.975764 -0.218824 0.000000
vn 0.963613 -0.267301 0.000000
vn 0.963613 -0.267301 0.000000
vn 0.949060 -0.315096 0.000000
vn 0.949060 -0.315096 0.000000
vn 0.932130 -0.362123 0.000000
vn 0.932130 -0.362123 0.000000
vn 0.912874 -0.408242 0.000000
vn 0.891347 -0.453322 0.000000
vn 0.912874 -0.408242 0.000000
vn 0.867579 -0.497300 0.000000
vn 0.891347 -0.453322 -0.000000
vn 0.867579 -0.497300 -0.000000
vn 0.841651 -0.540022 -0.000000
vn 0.813624 -0.581392 0.000000
vn 0.841651 -0.540022 0.000000
vn 0.783566 -0.621308 0.000000
vn 0.813624 -0.581392 0.000000
vn 0.751547 -0.659680 0.000000
vn 0.783566 -0.621308 -0.000000
vn 0.751547 -0.659680 0.000000
vn 0.717641 -0.696413 0.000000
vn 0.717641 -0.696413 0.000000
vn 0.681954 -0.731395 0.000000
vn 0.681954 -0.731395 -0.000000
vn 0.644575 -0.764541 0.000000
vn 0.644575 -0.764541 0.000000
vn 0.605566 -0.795795 0.000000
vn 0.605566 -0.795795 -0.000000
vn 0.565052 -0.825056 0.000000
vn 0.565052 -0.825056 -0.000000
vn 0.523124 -0.852256 0.000000
vn 0.523124 -0.852256 -0.000000
vn 0.479903 -0.877321 0.000000
vn 0.479903 -0.877321 0.000000
vn 0.435466 -0.900205 0.000000
vn 0.435466 -0.900205 0.000000
vn 0.389954 -0.920834 0.000000
vn 0.389954 -0.920834 0.000000
vn 0.343462 -0.939167 0.000000
vn 0.343462 -0.939167 -0.000000
vn 0.296106 -0.955155 0.000000
vn 0.296106 -0.955155 0.000000
vn 0.248028 -0.968753 0.000000
vn 0.248028 -0.968753 -0.000000
vn 0.199314 -0.979936 0.000000
vn 0.199314 -0.979936 -0.000000
vn 0.150110 -0.988669 0.000000
vn 0.150110 -0.988669 -0.000000
vn 0.100531 -0.994934 0.000000
vn 0.100531 -0.994934 -0.000000
vn 0.050700 -0.998714 0.000000
vn 0.050700 -0.998714 0.000000
vn 0.000748 -1.000000 0.000000
vn 0.000748 -1.000000 0.000000
vn -0.049219 -0.998788 -0.000000
vn -0.049219 -0.998788 -0.000000
vn -0.099058 -0.995082 0.000000
vn -0.099058 -0.995082 -0.000000
vn -0.148645 -0.988891 -0.000000
vn -0.148645 -0.988891 0.000000
vn -0.197863 -0.980230 -0.000000
vn -0.197863 -0.980230 -0.000000
vn -0.246593 -0.969119 -0.000000
vn -0.294692 -0.955592 -0.000000
vn -0.246593 -0.969119 0.000000
vn -0.342064 -0.939677 -0.000000
vn -0.294692 -0.955592 -0.000000
vn -0.342064 -0.939677 -0.000000
vn -0.388586 -0.921413 -0.000000
vn -0.434135 -0.900848 -0.000000
vn -0.388586 -0.921413 0.000000
vn -0.478593 -0.878037 -0.000000
vn -0.434135 -0.900848 0.000000
vn -0.478593 -0.878037 0.000000
vn -0.521869 -0.853026 0.000000
vn -0.563835 -0.825887 -0.000000
vn -0.521869 -0.853026 0.000000
vn -0.563835 -0.825887 0.000000
vn -0.604371 -0.796703 -0.000000
vn -0.604371 -0.796703 0.000000
vn -0.643432 -0.765503 -0.000000
vn -0.680886 -0.732389 -0.000000
vn -0.643432 -0.765503 0.000000
vn -0.716610 -0.697474 -0.000000
vn -0.680886 -0.732389 -0.000000
vn -0.750557 -0.660806 -0.000000
vn -0.716610 -0.697474 -0.000000
vn -0.782637 -0.622479 -0.000000
vn -0.750557 -0.660806 0.000000
vn -0.782637 -0.622479 0.000000
vn -0.812768 -0.582587 -0.000000
vn -0.812768 -0.582587 0.000000
vn -0.840846 -0.541275 -0.000000
vn -0.840846 -0.541275 0.000000
vn -0.866841 -0.498584 -0.000000
vn -0.866841 -0.498584 0.000000
vn 0.998527 0.054258 -0.000000
vn 0.998527 0.054258 -0.000000
vn -0.939937 0.341348 0.000000
vn -0.939937 0.341348 -0.000000
vn -0.921795 0.387679 0.000000
vn -0.921795 0.387679 0.000000
vn -0.901339 0.433115 -0.000000
vn -0.901339 0.433115 0.000000
vn -0.878666 0.477437 0.000000
vn -0.878666 0.477437 0.000000
vn -0.853813 0.520580 0.000000
vn -0.853813 0.520580 0.000000
vn -0.826844 0.562432 -0.000000
vn -0.826844 0.562432 0.000000
vn -0.797822 0.602893 0.000000
vn -0.797822 0.602893 0.000000
vn -0.766821 0.641861 0.000000
vn -0.766821 0.641861 0.000000
vn -0.733907 0.679250 0.000000
vn -0.733907 0.679250 0.000000
vn -0.699199 0.714927 0.000000
vn -0.699199 0.714927 0.000000
vn -0.662735 0.748854 -0.000000
vn -0.662735 0.748854 0.000000
vn -0.624636 0.780916 -0.000000
vn -0.624636 0.780916 0.000000
vn -0.584991 0.811040 0.000000
vn -0.584991 0.811040 0.000000
vn -0.543891 0.839156 0.000000
vn -0.543891 0.839156 0.000000
vn -0.501453 0.865185 -0.000000
vn -0.501453 0.865185 0.000000
vn -0.457767 0.889072 -0.000000
vn -0.457767 0.889072 0.000000
vn -0.412917 0.910769 0.000000
vn -0.412917 0.910769 0.000000
vn -0.367087 0.930187 -0.000000
vn -0.367087 0.930187 0.000000
vn -0.320320 0.947309 0.000000
vn -0.320320 0.947309 0.000000
vn -0.272781 0.962076 0.000000
vn -0.272781 0.962076 0.000000
vn -0.224543 0.974464 0.000000
vn -0.224543 0.974464 0.000000
vn -0.175756 0.984434 0.000000
vn -0.175756 0.984434 0.000000
vn -0.126528 0.991963 0.000000
vn -0.126528 0.991963 0.000000
vn -0.076996 0.997031 0.000000
vn -0.076996 0.997031 -0.000000
vn -0.027281 0.999628 0.000000
vn -0.027281 0.999628 0.000000
vn 0.022519 0.999746 -0.000000
vn 0.022519 0.999746 -0.000000
vn 0.072273 0.997385 -0.000000
vn 0.072273 0.997385 0.000000
vn 0.121819 0.992552 -0.000000
vn 0.121819 0.992552 0.000000
vn 0.171075 0.985258 -0.000000
vn 0.171075 0.985258 -0.000000
vn 0.219907 0.975521 0.000000
vn 0.219907 0.975521 -0.000000
vn 0.268192 0.963365 -0.000000
vn 0.268192 0.963365 -0.000000
vn 0.315837 0.948813 -0.000000
vn 0.315837 0.948813 -0.000000
vn 0.362642 0.931928 -0.000000
vn 0.362642 0.931928 -0.000000
vn 0.408611 0.912709 -0.000000
vn 0.408611 0.912709 -0.000000
vn 0.453533 0.891239 -0.000000
vn 0.453533 0.891239 -0.000000
vn 0.497337 0.867557 0.000000
vn 0.497337 0.867557 -0.000000
vn 0.539897 0.841731 0.000000
vn 0.539897 0.841731 -0.000000
vn 0.581114 0.813822 -0.000000
vn 0.581114 0.813822 -0.000000
vn 0.620928 0.783867 0.000000
vn 0.620928 0.783867 -0.000000
vn 0.659186 0.751980 0.000000
vn 0.659186 0.751980 -0.000000
vn 0.695775 0.718260 -0.000000
vn 0.695775 0.718260 -0.000000
vn 0.730690 0.682709 -0.000000
vn 0.730690 0.682709 -0.000000
vn 0.763753 0.645509 0.000000
vn 0.763753 0.645509 -0.000000
vn 0.794951 0.606674 -0.000000
vn 0.794951 0.606674 -0.000000
vn 0.824152 0.566368 -0.000000
vn 0.824152 0.566368 -0.000000
vn 0.851342 0.524612 -0.000000
vn 0.851342 0.524612 0.000000
vn 0.876380 0.481621 -0.000000
vn 0.876380 0.481621 0.000000
vn 0.899275 0.437384 -0.000000
vn 0.899275 0.437384 0.000000
vn 0.919944 0.392050 -0.000000
vn 0.919944 0.392050 0.000000
vn 0.938304 0.345811 -0.000000
vn 0.938304 0.345811 -0.000000
vn 0.954362 0.298652 -0.000000
vn 0.954362 0.298652 -0.000000
vn 0.968048 0.250764 -0.000000
vn 0.968048 0.250764 0.000000
vn 0.979330 0.202271 -0.000000
vn 0.979330 0.202271 0.000000
vn 0.988183 0.153279 -0.000000
vn 0.988183 0.153279 0.000000
vn 0.994586 0.103913 -0.000000
vn 0.994586 0.103913 0.000000
vn 0.998527 0.054262 -0.000000
vn 0.998527 0.054262 0.000000
vn 0.999990 0.004466 0.000000
vn 0.999990 0.004466 -0.000000
vn 0.998973 -0.045299 0.000000
vn 0.998973 -0.045299 0.000000
vn 0.995481 -0.094965 0.000000
vn 0.995481 -0.094965 0.000000
vn 0.989520 -0.144393 0.000000
vn 0.989520 -0.144393 -0.000000
vn 0.981103 -0.193484 0.000000
vn 0.981103 -0.193484 -0.000000
vn 0.970250 -0.242104 0.000000
vn 0.957009 -0.290059 0.000000
vn 0.970250 -0.242104 -0.000000
vn 0.941375 -0.337363 0.000000
vn 0.957009 -0.290059 -0.000000
vn 0.941375 -0.337363 0.000000
vn 0.923407 -0.383823 -0.000000
vn 0.903174 -0.429274 0.000000
vn 0.923407 -0.383823 0.000000
vn 0.880673 -0.473724 0.000000
vn 0.903174 -0.429274 -0.000000
vn 0.856004 -0.516969 0.000000
vn 0.880673 -0.473724 -0.000000
vn 0.856004 -0.516969 -0.000000
vn 0.829198 -0.558954 0.000000
vn 0.829198 -0.558954 0.000000
vn 0.800370 -0.599507 0.000000
vn 0.800370 -0.599507 -0.000000
vn 0.769505 -0.638641 0.000000
vn 0.769505 -0.638641 -0.000000
vn 0.736787 -0.676125 0.000000
vn 0.736787 -0.676125 0.000000
vn 0.702209 -0.711971 0.000000
vn 0.702209 -0.711971 0.000000
vn 0.665877 -0.746062 0.000000
vn 0.665877 -0.746062 -0.000000
vn 0.627932 -0.778269 0.000000
vn 0.627932 -0.778269 0.000000
vn 0.588410 -0.808563 0.000000
vn 0.588410 -0.808563 0.000000
vn 0.547430 -0.836851 0.000000
vn 0.547430 -0.836851 -0.000000
vn 0.505103 -0.863059 0.000000
vn 0.505103 -0.863059 -0.000000
vn 0.461503 -0.887139 0.000000
vn 0.461503 -0.887139 0.000000
vn 0.416772 -0.909011 0.000000
vn 0.416772 -0.909011 0.000000
vn 0.371000 -0.928633 0.000000
vn 0.371000 -0.928633 0.000000
vn 0.324325 -0.945946 0.000000
vn 0.324325 -0.945946 0.000000
vn 0.276826 -0.960920 0.000000
vn 0.276826 -0.960920 0.000000
vn 0.228652 -0.973508 0.000000
vn 0.228652 -0.973508 -0.000000
vn 0.179913 -0.983682 0.000000
vn 0.179913 -0.983682 0.000000
vn 0.130716 -0.991420 0.000000
vn 0.130716 -0.991420 0.000000
vn 0.081212 -0.996697 0.000000
vn 0.081212 -0.996697 -0.000000
vn 0.031487 -0.999504 0.000000
vn 0.031487 -0.999504 -0.000000
vn -0.018304 -0.999833 -0.000000
vn -0.068053 -0.997682 -0.000000
vn -0.018304 -0.999833 0.000000
vn -0.117625 -0.993058 -0.000000
vn -0.068053 -0.997682 0.000000
vn -0.166919 -0.985971 -0.000000
vn -0.117625 -0.993058 -0.000000
vn -0.215785 -0.976441 -0.000000
vn -0.166919 -0.985971 -0.000000
vn -0.264134 -0.964486 -0.000000
vn -0.215785 -0.976441 -0.000000
vn -0.311813 -0.950144 -0.000000
vn -0.264134 -0.964486 -0.000000
vn -0.358724 -0.933444 -0.000000
vn -0.311813 -0.950144 -0.000000
vn -0.358724 -0.933444 0.000000
vn -0.404744 -0.914430 -0.000000
vn -0.449769 -0.893145 -0.000000
vn -0.404744 -0.914430 0.000000
vn -0.493659 -0.869656 -0.000000
vn -0.449769 -0.893145 -0.000000
vn -0.536346 -0.843998 -0.000000
vn -0.493659 -0.869656 -0.000000
vn -0.577693 -0.816254 -0.000000
vn -0.536346 -0.843998 -0.000000
vn -0.617606 -0.786488 -0.000000
vn -0.577693 -0.816254 0.000000
vn -0.655993 -0.754767 -0.000000
vn -0.617606 -0.786488 -0.000000
vn -0.692751 -0.721177 -0.000000
vn -0.655993 -0.754767 0.000000
vn -0.727796 -0.685793 -0.000000
vn -0.692751 -0.721177 -0.000000
vn -0.761030 -0.648716 -0.000000
vn -0.727796 -0.685793 -0.000000
vn -0.792376 -0.610033 -0.000000
vn -0.761030 -0.648716 -0.000000
vn -0.821761 -0.569832 -0.000000
vn -0.792376 -0.610033 0.000000
vn -0.849102 -0.528229 -0.000000
vn -0.821761 -0.569832 -0.000000
vn -0.874356 -0.485284 -0.000000
vn -0.849102 -0.528229 0.000000
vn -0.897419 -0.441180 -0.000000
vn -0.874356 -0.485284 -0.000000
vn -0.897419 -0.441180 -0.000000
vn 0.706065 0.038367 0.707107
vn 0.706065 0.038367 0.707107
vn 0.845670 -0.533706 0.000000
vn 0.845670 -0.533706 -0.000000
vn 0.817949 -0.575291 -0.000000
vn 0.817949 -0.575291 0.000000
vn 0.788170 -0.615458 0.000000
vn 0.788170 -0.615458 0.000000
vn 0.756445 -0.654058 -0.000000
vn 0.756445 -0.654058 0.000000
vn 0.722811 -0.691046 0.000000
vn 0.722811 -0.691046 0.000000
vn 0.687388 -0.726290 -0.000000
vn 0.687388 -0.726290 0.000000
vn 0.650228 -0.759739 -0.000000
vn 0.650228 -0.759739 0.000000
vn 0.611463 -0.791273 0.000000
vn 0.611463 -0.791273 0.000000
vn 0.571160 -0.820839 -0.000000
vn 0.571160 -0.820839 0.000000
vn 0.529428 -0.848355 -0.000000
vn 0.529428 -0.848355 0.000000
vn 0.486389 -0.873742 0.000000
vn 0.486389 -0.873742 0.000000
vn 0.442126 -0.896953 0.000000
vn 0.442126 -0.896953 0.000000
vn 0.396744 -0.917929 0.000000
vn 0.396744 -0.917929 0.000000
vn 0.350391 -0.936604 -0.000000
vn 0.350391 -0.936604 0.000000
vn 0.303156 -0.952941 0.000000
vn 0.303156 -0.952941 0.000000
vn 0.255157 -0.966900 0.000000
vn 0.255157 -0.966900 0.000000
vn 0.206533 -0.978440 0.000000
vn 0.206533 -0.978440 0.000000
vn 0.157383 -0.987538 -0.000000
vn 0.157383 -0.987538 0.000000
vn 0.107839 -0.994168 -0.000000
vn 0.107839 -0.994168 0.000000
vn 0.058039 -0.998314 0.000000
vn 0.058039 -0.998314 0.000000
vn 0.008079 -0.999967 0.000000
vn 0.008079 -0.999967 0.000000
vn -0.041897 -0.999122 -0.000000
vn -0.041897 -0.999122 0.000000
vn -0.091757 -0.995781 0.000000
vn -0.091757 -0.995781 0.000000
vn -0.141405 -0.989952 0.000000
vn -0.141405 -0.989952 -0.000000
vn -0.190696 -0.981649 0.000000
vn -0.190696 -0.981649 -0.000000
vn -0.239496 -0.970897 0.000000
vn -0.239496 -0.970897 -0.000000
vn -0.287711 -0.957717 0.000000
vn -0.287711 -0.957717 0.000000
vn -0.335214 -0.942142 0.000000
vn -0.335214 -0.942142 0.000000
vn -0.381862 -0.924219 0.000000
vn -0.381862 -0.924219 0.000000
vn -0.427562 -0.903986 0.000000
vn -0.427562 -0.903986 0.000000
vn -0.472202 -0.881491 0.000000
vn -0.472202 -0.881491 0.000000
vn -0.515654 -0.856797 0.000000
vn -0.515654 -0.856797 0.000000
vn -0.557824 -0.829959 0.000000
vn -0.557824 -0.829959 0.000000
vn -0.598597 -0.801050 -0.000000
vn -0.637866 -0.770147 -0.000000
vn -0.598597 -0.801050 0.000000
vn -0.637866 -0.770147 -0.000000
vn -0.675556 -0.737309 -0.000000
vn -0.711558 -0.702628 -0.000000
vn -0.675556 -0.737309 -0.000000
vn -0.745773 -0.666200 -0.000000
vn -0.711558 -0.702628 -0.000000
vn -0.778130 -0.628103 -0.000000
vn -0.745773 -0.666200 -0.000000
vn -0.808535 -0.588448 -0.000000
vn -0.778130 -0.628103 0.000000
vn -0.808535 -0.588448 -0.000000
vn -0.836925 -0.547318 0.000000
vn -0.863238 -0.504797 -0.000000
vn -0.836925 -0.547318 0.000000
vn -0.887375 -0.461049 -0.000000
vn -0.863238 -0.504797 -0.000000
vn -0.909302 -0.416137 -0.000000
vn -0.887375 -0.461049 -0.000000
vn -0.928966 -0.370165 -0.000000
vn -0.909302 -0.416137 -0.000000
vn -0.946297 -0.323300 -0.000000
vn -0.928966 -0.370165 0.000000
vn -0.946297 -0.323300 -0.000000
vn -0.961268 -0.275616 0.000000
vn -0.973842 -0.227226 -0.000000
vn -0.961268 -0.275616 0.000000
vn -0.983978 -0.178290 -0.000000
vn -0.973842 -0.227226 -0.000000
vn -0.983978 -0.178290 -0.000000
vn -0.991658 -0.128893 -0.000000
vn -0.991658 -0.128893 0.000000
vn -0.996857 -0.079222 0.000000
vn -0.996857 -0.079222 -0.000000
vn -0.999571 -0.029277 0.000000
vn -0.999571 -0.029277 -0.000000
vn -0.999786 0.020699 0.000000
vn -0.999786 0.020699 0.000000
vn -0.997504 0.070613 0.000000
vn -0.997504 0.070613 0.000000
vn -0.992728 0.120376 0.000000
vn -0.992728 0.120376 0.000000
vn -0.985473 0.169833 0.000000
vn -0.985473 0.169833 0.000000
vn -0.975756 0.218859 0.000000
vn -0.975756 0.218859 -0.000000
vn -0.963601 0.267345 0.000000
vn -0.963601 0.267345 0.000000
vn -0.949043 0.315148 0.000000
vn -0.949043 0.315148 -0.000000
vn -0.932114 0.362165 0.000000
vn -0.932114 0.362165 0.000000
vn -0.912851 0.408293 0.000000
vn -0.912851 0.408293 -0.000000
vn -0.891299 0.453415 0.000000
vn -0.891299 0.453415 0.000000
vn -0.867547 0.497355 0.000000
vn -0.867547 0.497355 -0.000000
vn -0.841610 0.540085 0.000000
vn -0.841610 0.540085 0.000000
vn -0.813560 0.581481 0.000000
vn -0.783504 0.621387 0.000000
vn -0.813560 0.581481 0.000000
vn -0.783504 0.621387 0.000000
vn -0.751470 0.659768 -0.000000
vn -0.717568 0.696488 0.000000
vn -0.751470 0.659768 0.000000
vn -0.717568 0.696488 0.000000
vn -0.681875 0.731469 -0.000000
vn -0.644453 0.764644 0.000000
vn -0.681875 0.731469 0.000000
vn -0.644453 0.764644 -0.000000
vn -0.605467 0.795871 0.000000
vn -0.605467 0.795871 0.000000
vn -0.564932 0.825138 0.000000
vn -0.564932 0.825138 0.000000
vn -0.523003 0.852331 0.000000
vn -0.479767 0.877396 0.000000
vn -0.523003 0.852331 0.000000
vn -0.479767 0.877396 -0.000000
vn -0.435317 0.900277 0.000000
vn -0.435317 0.900277 0.000000
vn -0.389805 0.920897 0.000000
vn -0.389805 0.920897 0.000000
vn -0.343292 0.939229 0.000000
vn -0.343292 0.939229 -0.000000
vn -0.295929 0.955210 0.000000
vn -0.295929 0.955210 -0.000000
vn -0.247840 0.968801 0.000000
vn -0.247840 0.968801 0.000000
vn -0.199117 0.979976 0.000000
vn -0.199117 0.979976 0.000000
vn -0.149915 0.988699 0.000000
vn -0.149915 0.988699 -0.000000
vn -0.100324 0.994955 0.000000
vn -0.100324 0.994955 -0.000000
vn -0.050472 0.998725 0.000000
vn -0.050472 0.998725 0.000000
vn -0.000519 1.000000 0.000000
vn -0.000519 1.000000 0.000000
vn 0.049450 0.998777 0.000000
vn 0.049450 0.998777 -0.000000
vn 0.099295 0.995058 0.000000
vn 0.099295 0.995058 -0.000000
vn 0.148881 0.988855 0.000000
vn 0.148881 0.988855 0.000000
vn 0.198115 0.980179 -0.000000
vn 0.198115 0.980179 0.000000
vn 0.246829 0.969059 -0.000000
vn 0.246829 0.969059 -0.000000
vn 0.294960 0.955510 0.000000
vn 0.294960 0.955510 0.000000
vn 0.342326 0.939581 0.000000
vn 0.342326 0.939581 0.000000
vn 0.388841 0.921305 -0.000000
vn 0.388841 0.921305 -0.000000
vn 0.434395 0.900723 -0.000000
vn 0.434395 0.900723 0.000000
vn 0.478862 0.877890 -0.000000
vn 0.478862 0.877890 -0.000000
vn 0.522109 0.852879 0.000000
vn 0.522109 0.852879 0.000000
vn 0.564089 0.825714 0.000000
vn 0.564089 0.825714 -0.000000
vn 0.643682 0.765293 0.000000
vn 0.604630 0.796506 -0.000000
vn 0.604630 0.796506 -0.000000
vn 0.643682 0.765293 -0.000000
vn 0.681116 0.732176 0.000000
vn 0.716854 0.697224 0.000000
vn 0.681116 0.732176 -0.000000
vn 0.750783 0.660548 0.000000
vn 0.716854 0.697224 -0.000000
vn 0.750783 0.660548 0.000000
vn 0.782851 0.622209 0.000000
vn 0.782851 0.622209 -0.000000
vn -0.998527 -0.054258 -0.000000
vn -0.998527 -0.054258 -0.000000
vn 0.894789 -0.446490 0.000000
vn 0.894789 -0.446490 0.000000
vn 0.871352 -0.490659 0.000000
vn 0.871352 -0.490659 0.000000
vn 0.845749 -0.533581 0.000000
vn 0.845749 -0.533581 0.000000
vn 0.818037 -0.575166 -0.000000
vn 0.818037 -0.575166 0.000000
vn 0.788268 -0.615332 0.000000
vn 0.788268 -0.615332 0.000000
vn 0.756537 -0.653951 -0.000000
vn 0.756537 -0.653951 0.000000
vn 0.722909 -0.690943 -0.000000
vn 0.722909 -0.690943 0.000000
vn 0.687482 -0.726201 0.000000
vn 0.687482 -0.726201 0.000000
vn 0.650342 -0.759641 0.000000
vn 0.650342 -0.759641 0.000000
vn 0.611564 -0.791195 0.000000
vn 0.611564 -0.791195 0.000000
vn 0.571277 -0.820758 -0.000000
vn 0.571277 -0.820758 0.000000
vn 0.529543 -0.848283 0.000000
vn 0.529543 -0.848283 0.000000
vn 0.486491 -0.873685 0.000000
vn 0.486491 -0.873685 0.000000
vn 0.442225 -0.896904 -0.000000
vn 0.442225 -0.896904 0.000000
vn 0.396871 -0.917875 0.000000
vn 0.396871 -0.917875 0.000000
vn 0.350494 -0.936565 0.000000
vn 0.350494 -0.936565 0.000000
vn 0.303265 -0.952906 0.000000
vn 0.303265 -0.952906 0.000000
vn 0.255264 -0.966871 -0.000000
vn 0.255264 -0.966871 0.000000
vn 0.206633 -0.978419 -0.000000
vn 0.206633 -0.978419 0.000000
vn 0.157486 -0.987521 -0.000000
vn 0.157486 -0.987521 0.000000
vn 0.107945 -0.994157 0.000000
vn 0.107945 -0.994157 0.000000
vn 0.058130 -0.998309 0.000000
vn 0.058130 -0.998309 -0.000000
vn 0.008177 -0.999967 0.000000
vn 0.008177 -0.999967 0.000000
vn -0.041803 -0.999126 0.000000
vn -0.041803 -0.999126 0.000000
vn -0.091676 -0.995789 0.000000
vn -0.091676 -0.995789 -0.000000
vn -0.141318 -0.989964 0.000000
vn -0.141318 -0.989964 0.000000
vn -0.190612 -0.981665 0.000000
vn -0.190612 -0.981665 -0.000000
vn -0.239428 -0.970914 0.000000
vn -0.239428 -0.970914 0.000000
vn -0.287636 -0.957740 0.000000
vn -0.287636 -0.957740 -0.000000
vn -0.335141 -0.942168 0.000000
vn -0.335141 -0.942168 0.000000
vn -0.381804 -0.924243 -0.000000
vn -0.381804 -0.924243 0.000000
vn -0.427499 -0.904016 -0.000000
vn -0.427499 -0.904016 0.000000
vn -0.472155 -0.881515 0.000000
vn -0.472155 -0.881515 0.000000
vn -0.515600 -0.856830 -0.000000
vn -0.515600 -0.856830 0.000000
vn -0.557771 -0.829995 -0.000000
vn -0.557771 -0.829995 0.000000
vn -0.598548 -0.801087 -0.000000
vn -0.598548 -0.801087 0.000000
vn -0.637836 -0.770172 -0.000000
vn -0.637836 -0.770172 0.000000
vn -0.675517 -0.737345 0.000000
vn -0.675517 -0.737345 0.000000
vn -0.711517 -0.702668 0.000000
vn -0.711517 -0.702668 0.000000
vn -0.745750 -0.666226 0.000000
vn -0.745750 -0.666226 0.000000
vn -0.778109 -0.628129 0.000000
vn -0.778109 -0.628129 0.000000
vn -0.808504 -0.588491 0.000000
vn -0.808504 -0.588491 0.000000
vn -0.836921 -0.547324 0.000000
vn -0.836921 -0.547324 0.000000
vn -0.863220 -0.504828 -0.000000
vn -0.863220 -0.504828 0.000000
vn -0.887360 -0.461077 0.000000
vn -0.887360 -0.461077 0.000000
vn -0.909298 -0.416146 0.000000
vn -0.909298 -0.416146 0.000000
vn -0.928952 -0.370200 0.000000
vn -0.928952 -0.370200 0.000000
vn -0.946292 -0.323313 0.000000
vn -0.946292 -0.323313 -0.000000
vn -0.961264 -0.275628 0.000000
vn -0.961264 -0.275628 -0.000000
vn -0.973838 -0.227243 0.000000
vn -0.973838 -0.227243 -0.000000
vn -0.983975 -0.178309 0.000000
vn -0.983975 -0.178309 0.000000
vn -0.991659 -0.128886 0.000000
vn -0.991659 -0.128886 -0.000000
vn -0.996857 -0.079217 0.000000
vn -0.996857 -0.079217 0.000000
vn -0.999571 -0.029275 0.000000
vn -0.999571 -0.029275 -0.000000
vn -0.999786 0.020697 0.000000
vn -0.999786 0.020697 -0.000000
vn -0.997502 0.070640 0.000000
vn -0.997502 0.070640 0.000000
vn -0.992729 0.120369 0.000000
vn -0.992729 0.120369 -0.000000
vn -0.985470 0.169852 0.000000
vn -0.985470 0.169852 -0.000000
vn -0.975752 0.218878 0.000000
vn -0.975752 0.218878 0.000000
vn -0.963598 0.267355 0.000000
vn -0.963598 0.267355 -0.000000
vn -0.949038 0.315162 0.000000
vn -0.949038 0.315162 -0.000000
vn -0.932099 0.362204 0.000000
vn -0.932099 0.362204 0.000000
vn -0.912835 0.408328 0.000000
vn -0.912835 0.408328 0.000000
vn -0.891297 0.453420 0.000000
vn -0.891297 0.453420 0.000000
vn -0.867519 0.497405 -0.000000
vn -0.841589 0.540118 0.000000
vn -0.867519 0.497405 0.000000
vn -0.813541 0.581508 0.000000
vn -0.841589 0.540118 -0.000000
vn -0.813541 0.581508 0.000000
vn -0.783466 0.621435 -0.000000
vn -0.751449 0.659791 0.000000
vn -0.783466 0.621435 0.000000
vn -0.717526 0.696531 0.000000
vn -0.751449 0.659791 -0.000000
vn -0.681826 0.731514 0.000000
vn -0.717526 0.696531 0.000000
vn -0.644423 0.764669 0.000000
vn -0.681826 0.731514 0.000000
vn -0.644423 0.764669 0.000000
vn -0.605417 0.795908 0.000000
vn -0.605417 0.795908 -0.000000
vn -0.564882 0.825172 0.000000
vn -0.564882 0.825172 -0.000000
vn -0.522939 0.852370 0.000000
vn -0.522939 0.852370 -0.000000
vn -0.479710 0.877427 0.000000
vn -0.479710 0.877427 0.000000
vn -0.435258 0.900306 0.000000
vn -0.435258 0.900306 -0.000000
vn -0.389725 0.920931 0.000000
vn -0.389725 0.920931 0.000000
vn -0.343218 0.939256 0.000000
vn -0.343218 0.939256 -0.000000
vn -0.295862 0.955231 0.000000
vn -0.295862 0.955231 -0.000000
vn -0.247752 0.968823 0.000000
vn -0.247752 0.968823 0.000000
vn -0.199041 0.979991 0.000000
vn -0.199041 0.979991 0.000000
vn -0.149813 0.988714 0.000000
vn -0.149813 0.988714 0.000000
vn -0.100231 0.994964 0.000000
vn -0.100231 0.994964 0.000000
vn -0.050383 0.998730 0.000000
vn -0.050383 0.998730 -0.000000
vn -0.000413 1.000000 0.000000
vn -0.000413 1.000000 0.000000
vn 0.049552 0.998771 0.000000
vn 0.049552 0.998771 -0.000000
vn 0.099398 0.995048 0.000000
vn 0.099398 0.995048 0.000000
vn 0.148999 0.988837 0.000000
vn 0.148999 0.988837 -0.000000
vn 0.198222 0.980157 -0.000000
vn 0.198222 0.980157 0.000000
vn 0.246952 0.969028 0.000000
vn 0.246952 0.969028 -0.000000
vn 0.295066 0.955477 -0.000000
vn 0.295066 0.955477 -0.000000
vn 0.342433 0.939542 0.000000
vn 0.342433 0.939542 0.000000
vn 0.388966 0.921252 -0.000000
vn 0.388966 0.921252 -0.000000
vn 0.434506 0.900669 0.000000
vn 0.478967 0.877833 0.000000
vn 0.434506 0.900669 -0.000000
vn 0.522235 0.852801 0.000000
vn 0.478967 0.877833 -0.000000
vn 0.522235 0.852801 -0.000000
vn 0.564202 0.825637 0.000000
vn 0.604747 0.796418 0.000000
vn 0.564202 0.825637 -0.000000
vn 0.643795 0.765198 0.000000
vn 0.604747 0.796418 -0.000000
vn 0.643795 0.765198 -0.000000
vn 0.681210 0.732088 -0.000000
vn 0.681210 0.732088 -0.000000
vn 0.716958 0.697117 -0.000000
vn 0.716958 0.697117 -0.000000
vn 0.750892 0.660425 -0.000000
vn 0.782954 0.622080 0.000000
vn 0.750892 0.660425 -0.000000
vn 0.813060 0.582180 0.000000
vn 0.782954 0.622080 -0.000000
vn 0.841139 0.540819 0.000000
vn 0.813060 0.582180 -0.000000
vn 0.841139 0.540819 -0.000000
vn -0.998527 -0.054258 -0.000000
vn -0.998527 -0.054258 -0.000000
vn -0.000000 0.000000 1.000000
vn 0.000000 -0.000000 1.000000
vn -0.706065 -0.038367 0.707107
vn -0.706066 -0.038366 0.707106
vn -0.038367 0.706065 -0.707107
vn -0.038366 0.706065 -0.707107
vn -0.038367 0.706065 0.707107
vn -0.038367 0.706065 0.707107
vn 0.999569 0.029351 0.000000
vn 0.999569 0.029351 0.000000
vn 0.999790 -0.020518 -0.000000
vn 0.999790 -0.020518 0.000000
vn 0.997524 -0.070327 0.000000
vn 0.997524 -0.070327 0.000000
vn 0.992780 -0.119954 0.000000
vn 0.992780 -0.119954 0.000000
vn 0.985566 -0.169292 0.000000
vn 0.985566 -0.169292 0.000000
vn 0.975901 -0.218214 0.000000
vn 0.975901 -0.218214 0.000000
vn 0.963813 -0.266580 -0.000000
vn 0.963813 -0.266580 0.000000
vn 0.949326 -0.314295 0.000000
vn 0.949326 -0.314295 0.000000
vn 0.932480 -0.361222 -0.000000
vn 0.932480 -0.361222 0.000000
vn 0.913311 -0.407263 0.000000
vn 0.913311 -0.407263 0.000000
vn 0.891882 -0.452267 0.000000
vn 0.891882 -0.452267 0.000000
vn 0.868222 -0.496177 0.000000
vn 0.868222 -0.496177 0.000000
vn 0.842416 -0.538827 0.000000
vn 0.842416 -0.538827 -0.000000
vn 0.814512 -0.580147 0.000000
vn 0.814512 -0.580147 0.000000
vn 0.784578 -0.620030 0.000000
vn 0.784578 -0.620030 0.000000
vn 0.752700 -0.658364 0.000000
vn 0.752700 -0.658364 0.000000
vn 0.718944 -0.695068 0.000000
vn 0.718944 -0.695068 0.000000
vn 0.683406 -0.730039 -0.000000
vn 0.683406 -0.730039 0.000000
vn 0.646160 -0.763202 0.000000
vn 0.607326 -0.794452 0.000000
vn 0.646160 -0.763202 0.000000
vn 0.566964 -0.823743 0.000000
vn 0.607326 -0.794452 -0.000000
vn 0.566964 -0.823743 -0.000000
vn 0.525197 -0.850981 0.000000
vn 0.525197 -0.850981 0.000000
vn 0.482133 -0.876098 0.000000
vn 0.482133 -0.876098 0.000000
vn 0.437860 -0.899043 -0.000000
vn 0.437860 -0.899043 0.000000
vn 0.392501 -0.919752 0.000000
vn 0.392501 -0.919752 0.000000
vn 0.346169 -0.938172 0.000000
vn 0.346169 -0.938172 0.000000
vn 0.298975 -0.954261 0.000000
vn 0.298975 -0.954261 0.000000
vn 0.251036 -0.967978 -0.000000
vn 0.251036 -0.967978 0.000000
vn 0.202480 -0.979286 -0.000000
vn 0.202480 -0.979286 0.000000
vn 0.153406 -0.988163 -0.000000
vn 0.153406 -0.988163 0.000000
vn 0.103963 -0.994581 -0.000000
vn 0.103963 -0.994581 0.000000
vn 0.054258 -0.998527 0.000000
vn 0.004420 -0.999990 0.000000
vn 0.054258 -0.998527 0.000000
vn 0.004420 -0.999990 -0.000000
vn -0.045431 -0.998967 -0.000000
vn -0.045431 -0.998967 -0.000000
vn -0.095175 -0.995461 -0.000000
vn -0.095175 -0.995461 -0.000000
vn -0.144670 -0.989480 -0.000000
vn -0.144670 -0.989480 -0.000000
vn -0.193814 -0.981038 0.000000
vn -0.193814 -0.981038 -0.000000
vn -0.242473 -0.970158 -0.000000
vn -0.242473 -0.970158 0.000000
vn -0.290530 -0.956866 -0.000000
vn -0.290530 -0.956866 0.000000
vn -0.337863 -0.941195 -0.000000
vn -0.337863 -0.941195 0.000000
vn -0.384358 -0.923184 -0.000000
vn -0.384358 -0.923184 -0.000000
vn -0.429898 -0.902877 0.000000
vn -0.429898 -0.902877 0.000000
vn -0.474370 -0.880325 -0.000000
vn -0.474370 -0.880325 0.000000
vn -0.517659 -0.855587 -0.000000
vn -0.517659 -0.855587 0.000000
vn -0.559665 -0.828719 -0.000000
vn -0.559665 -0.828719 -0.000000
vn -0.600274 -0.799795 0.000000
vn -0.600274 -0.799795 -0.000000
vn -0.639398 -0.768876 -0.000000
vn -0.639398 -0.768876 -0.000000
vn -0.676926 -0.736051 -0.000000
vn -0.676926 -0.736051 -0.000000
vn -0.712777 -0.701391 0.000000
vn -0.712777 -0.701391 0.000000
vn -0.746849 -0.664994 -0.000000
vn -0.746849 -0.664994 0.000000
vn -0.779071 -0.626936 -0.000000
vn -0.779071 -0.626936 -0.000000
vn -0.809348 -0.587329 -0.000000
vn -0.809348 -0.587329 -0.000000
vn -0.837621 -0.546251 -0.000000
vn -0.863807 -0.503823 0.000000
vn -0.837621 -0.546251 -0.000000
vn -0.863807 -0.503823 0.000000
vn -0.887849 -0.460135 -0.000000
vn -0.887849 -0.460135 -0.000000
vn -0.909679 -0.415311 -0.000000
vn -0.909679 -0.415311 -0.000000
vn -0.929250 -0.369452 -0.000000
vn -0.929250 -0.369452 -0.000000
vn -0.946510 -0.322675 -0.000000
vn -0.946510 -0.322675 -0.000000
vn -0.961419 -0.275089 -0.000000
vn -0.961419 -0.275089 -0.000000
vn -0.973935 -0.226828 0.000000
vn -0.973935 -0.226828 -0.000000
vn -0.984031 -0.177996 0.000000
vn -0.991680 -0.128729 0.000000
vn -0.984031 -0.177996 -0.000000
vn -0.991680 -0.128729 -0.000000
vn -0.996864 -0.079134 0.000000
vn -0.996864 -0.079134 0.000000
vn -0.999569 -0.029350 -0.000000
vn -0.999569 -0.029350 0.000000
vn -0.999790 0.020516 0.000000
vn -0.999790 0.020516 0.000000
vn -0.997524 0.070322 0.000000
vn -0.997524 0.070322 -0.000000
vn -0.992779 0.119960 0.000000
vn -0.992779 0.119960 -0.000000
vn -0.985566 0.169292 0.000000
vn -0.985566 0.169292 0.000000
vn -0.975901 0.218214 0.000000
vn -0.975901 0.218214 0.000000
vn -0.963811 0.266586 0.000000
vn -0.963811 0.266586 0.000000
vn -0.949325 0.314295 0.000000
vn -0.949325 0.314295 0.000000
vn -0.932480 0.361222 0.000000
vn -0.932480 0.361222 -0.000000
vn -0.913314 0.407256 0.000000
vn -0.913314 0.407256 0.000000
vn -0.891879 0.452273 0.000000
vn -0.891879 0.452273 -0.000000
vn -0.868225 0.496171 0.000000
vn -0.868225 0.496171 -0.000000
vn -0.842416 0.538827 0.000000
vn -0.842416 0.538827 -0.000000
vn -0.814509 0.580151 0.000000
vn -0.814509 0.580151 -0.000000
vn -0.784580 0.620028 0.000000
vn -0.784580 0.620028 -0.000000
vn -0.752697 0.658367 0.000000
vn -0.752697 0.658367 0.000000
vn -0.718947 0.695065 0.000000
vn -0.718947 0.695065 0.000000
vn -0.683401 0.730043 0.000000
vn -0.683401 0.730043 0.000000
vn -0.646168 0.763195 0.000000
vn -0.646168 0.763195 0.000000
vn -0.607320 0.794457 -0.000000
vn -0.607320 0.794457 0.000000
vn -0.566966 0.823741 0.000000
vn -0.525201 0.850978 0.000000
vn -0.566966 0.823741 0.000000
vn -0.525201 0.850978 -0.000000
vn -0.482129 0.876100 0.000000
vn -0.437859 0.899044 0.000000
vn -0.482129 0.876100 0.000000
vn -0.437859 0.899044 -0.000000
vn -0.392503 0.919751 0.000000
vn -0.392503 0.919751 -0.000000
vn -0.346169 0.938172 0.000000
vn -0.346169 0.938172 -0.000000
vn -0.298975 0.954261 0.000000
vn -0.298975 0.954261 -0.000000
vn -0.251038 0.967977 0.000000
vn -0.251038 0.967977 0.000000
vn -0.202474 0.979288 0.000000
vn -0.202474 0.979288 -0.000000
vn -0.153410 0.988163 0.000000
vn -0.153410 0.988163 0.000000
vn -0.103965 0.994581 0.000000
vn -0.103965 0.994581 -0.000000
vn -0.054258 0.998527 0.000000
vn -0.054258 0.998527 0.000000
vn -0.004417 0.999990 0.000000
vn -0.004417 0.999990 0.000000
vn 0.045432 0.998967 0.000000
vn 0.045432 0.998967 0.000000
vn 0.095171 0.995461 0.000000
vn 0.095171 0.995461 -0.000000
vn 0.144672 0.989480 -0.000000
vn 0.144672 0.989480 0.000000
vn 0.193814 0.981038 0.000000
vn 0.193814 0.981038 0.000000
vn 0.242473 0.970158 0.000000
vn 0.290529 0.956866 -0.000000
vn 0.242473 0.970158 0.000000
vn 0.290529 0.956866 0.000000
vn 0.337863 0.941195 -0.000000
vn 0.384364 0.923182 -0.000000
vn 0.337863 0.941195 0.000000
vn 0.384364 0.923182 -0.000000
vn 0.429896 0.902879 -0.000000
vn 0.474366 0.880327 -0.000000
vn 0.429896 0.902879 0.000000
vn 0.474366 0.880327 0.000000
vn 0.517666 0.855583 -0.000000
vn 0.517666 0.855583 0.000000
vn 0.559659 0.828723 0.000000
vn 0.559659 0.828723 0.000000
vn 0.600277 0.799792 -0.000000
vn 0.600277 0.799792 0.000000
vn 0.639396 0.768878 0.000000
vn 0.639396 0.768878 0.000000
vn 0.676929 0.736048 -0.000000
vn 0.676929 0.736048 0.000000
vn 0.712773 0.701395 0.000000
vn 0.712773 0.701395 0.000000
vn 0.746853 0.664990 0.000000
vn 0.746853 0.664990 -0.000000
vn 0.779070 0.626936 0.000000
vn 0.779070 0.626936 -0.000000
vn 0.809346 0.587333 -0.000000
vn 0.809346 0.587333 0.000000
vn 0.837624 0.546247 0.000000
vn 0.837624 0.546247 -0.000000
vn 0.863804 0.503828 0.000000
vn 0.887849 0.460135 -0.000000
vn 0.863804 0.503828 0.000000
vn 0.887849 0.460135 -0.000000
vn 0.909679 0.415311 -0.000000
vn 0.909679 0.415311 0.000000
vn 0.929252 0.369446 -0.000000
vn 0.946510 0.322675 -0.000000
vn 0.929252 0.369446 0.000000
vn 0.946510 0.322675 -0.000000
vn 0.961419 0.275089 -0.000000
vn 0.961419 0.275089 0.000000
vn 0.973936 0.226821 -0.000000
vn 0.973936 0.226821 0.000000
vn 0.984030 0.178002 0.000000
vn 0.984030 0.178002 0.000000
vn 0.991680 0.128729 0.000000
vn 0.991680 0.128729 0.000000
vn 0.996864 0.079133 -0.000000
vn 0.996864 0.079133 0.000000
vn 0.000000 0.000000 -1.000000
vn 0.000000 0.000000 -1.000000
vn 0.000000 0.000000 -1.000000
vn -0.000000 0.000000 -1.000000
vn 0.000000 0.000000 -1.000000
vn 0.000000 0.000000 -1.000000
vn 0.000000 0.000000 -1.000000
vn -0.000000 0.000000 -1.000000
vn 0.000000 0.000000 -1.000000
vn 0.000000 0.000000 -1.000000
vn 0.000000 0.000000 -1.000000
vn -0.000000 0.000000 -1.000000
vn 0.000000 0.000000 -1.000000
vn 0.000000 0.000000 -1.000000
vn 0.000000 0.000000 -1.000000
vn -0.000000 0.000000 -1.000000
vn 0.000000 0.000000 -1.000000
vn 0.000000 0.000000 -1.000000
vn 0.000000 0.000000 -1.000000
vn -0.000000 0.000000 -1.000000
vn 0.000000 0.000000 -1.000000
vn 0.000000 0.000000 -1.000000
vn 0.000000 0.000000 -1.000000
vn -0.000000 0.000000 -1.000000
vn 0.000000 0.000000 -1.000000
vn 0.000000 0.000000 -1.000000
vn 0.000000 0.000000 -1.000000
vn 0.000000 0.000000 -1.000000
vn 0.000000 0.000000 -1.000000
vn -0.000000 0.000000 -1.000000
vn 0.000000 0.000000 -1.000000
vn 0.000000 0.000000 -1.000000
vn -0.000000 0.000000 -1.000000
vn 0.000000 0.000000 -1.000000
vn 0.000000 0.000000 -1.000000
vn 0.000000 0.000000 -1.000000
vn -0.000000 0.000000 -1.000000
vn 0.000000 0.000000 -1.000000
vn 0.000000 0.000000 -1.000000
vn 0.000000 0.000000 -1.000000
vn 0.000000 0.000000 -1.000000
vn -0.000000 0.000000 -1.000000
vn 0.000000 0.000000 -1.000000
vn 0.000000 0.000000 -1.000000
vn 0.000000 0.000000 -1.000000
vn -0.000000 0.000000 -1.000000
vn 0.000000 0.000000 -1.000000
vn 0.000000 0.000000 -1.000000
vn -0.000000 0.000000 -1.000000
vn 0.000000 0.000000 -1.000000
vn 0.000000 0.000000 -1.000000
vn 0.000000 0.000000 -1.000000
vn -0.000000 0.000000 -1.000000
vn 0.000000 0.000000 -1.000000
vn 0.000000 0.000000 -1.000000
vn 0.000000 0.000000 -1.000000
vn -0.000000 0.000000 -1.000000
vn 0.000000 0.000000 -1.000000
vn 0.000000 0.000000 -1.000000
vn -0.000000 0.000000 -1.000000
vn -0.000000 0.000000 -1.000000
vn 0.000000 0.000000 -1.000000
vn -0.000000 0.000000 -1.000000
vn 0.000000 0.000000 -1.000000
vn -0.000000 0.000000 -1.000000
vn 0.000000 0.000000 -1.000000
vn -0.000000 0.000000 -1.000000
vn 0.000000 0.000000 -1.000000
vn 0.000000 0.000000 -1.000000
vn -0.000000 0.000000 -1.000000
vn 0.000000 0.000000 -1.000000
vn -0.000000 0.000000 -1.000000
vn 0.000000 0.000000 -1.000000
vn 0.000000 0.000000 -1.000000
vn 0.000000 0.000000 -1.000000
vn -0.000000 0.000000 -1.000000
vn 0.000000 0.000000 -1.000000
vn 0.000000 0.000000 -1.000000
vn 0.000000 0.000000 -1.000000
vn -0.000000 0.000000 -1.000000
vn 0.000000 0.000000 -1.000000
vn 0.000000 0.000000 -1.000000
vn 0.000000 0.000000 -1.000000
vn -0.000000 0.000000 -1.000000
vn 0.000000 0.000000 -1.000000
vn 0.000000 0.000000 -1.000000
vn 0.000000 0.000000 -1.000000
vn -0.000000 0.000000 -1.000000
vn 0.000000 0.000000 -1.000000
vn 0.000000 0.000000 -1.000000
vn 0.000000 0.000000 -1.000000
vn 0.000000 0.000000 -1.000000
vn -0.000000 0.000000 -1.000000
vn 0.000000 0.000000 -1.000000
vn 0.000000 0.000000 -1.000000
vn -0.000000 0.000000 -1.000000
vn 0.000000 0.000000 -1.000000
vn 0.000000 0.000000 -1.000000
vn 0.000000 0.000000 -1.000000
vn -0.000000 0.000000 -1.000000
vn 0.000000 0.000000 -1.000000
vn 0.000000 0.000000 -1.000000
vn 0.000000 0.000000 -1.000000
vn 0.000000 0.000000 -1.000000
vn -0.000000 0.000000 -1.000000
vn 0.000000 0.000000 -1.000000
vn 0.000000 0.000000 -1.000000
vn 0.000000 0.000000 -1.000000
vn -0.000000 0.000000 -1.000000
vn 0.000000 0.000000 -1.000000
vn 0.000000 0.000000 -1.000000
vn 0.000000 0.000000 -1.000000
vn -0.000000 0.000000 -1.000000
vn 0.000000 0.000000 -1.000000
vn 0.000000 0.000000 -1.000000
vn 0.000000 0.000000 -1.000000
vn -0.000000 0.000000 -1.000000
vn 0.000000 0.000000 -1.000000
vn 0.000000 0.000000 -1.000000
vn 0.000000 0.000000 -1.000000
vn -0.000000 0.000000 -1.000000
vn 0.000000 0.000000 -1.000000
vn 0.000000 0.000000 -1.000000
vn -0.000000 0.000000 -1.000000
vn -0.000000 0.000000 -1.000000
vn 0.000000 0.000000 -1.000000
vn 0.000000 0.000000 -1.000000
vn 0.000000 0.000000 -1.000000
vn -0.000000 0.000000 -1.000000
vn 0.000000 0.000000 -1.000000
vn 0.000000 0.000000 -1.000000
vn 0.000000 0.000000 -1.000000
vn 0.000000 0.000000 -1.000000
vn -0.000000 0.000000 -1.000000
vn 0.000000 0.000000 -1.000000
vn 0.000000 0.000000 -1.000000
vn 0.000000 0.000000 -1.000000
vn -0.000000 0.000000 -1.000000
vn 0.000000 0.000000 -1.000000
vn 0.000000 0.000000 -1.000000
vn 0.000000 0.000000 -1.000000
vn 0.000000 0.000000 -1.000000
vn -0.000000 0.000000 -1.000000
vn 0.000000 0.000000 -1.000000
vn 0.000000 0.000000 -1.000000
vn 0.000000 0.000000 -1.000000
vn -0.000000 0.000000 -1.000000
vn 0.000000 0.000000 -1.000000
vn 0.000000 0.000000 -1.000000
vn 0.000000 0.000000 -1.000000
vn -0.000000 0.000000 -1.000000
vn 0.000000 0.000000 -1.000000
vn 0.000000 0.000000 -1.000000
vn 0.000000 0.000000 -1.000000
vn -0.000000 0.000000 -1.000000
vn 0.000000 0.000000 -1.000000
vn 0.000000 0.000000 -1.000000
vn -0.000000 0.000000 -1.000000
vn 0.000000 0.000000 -1.000000
vn 0.000000 0.000000 -1.000000
vn 0.000000 0.000000 -1.000000
vn 0.000000 0.000000 -1.000000
vn -0.000000 0.000000 -1.000000
vn 0.000000 0.000000 -1.000000
vn 0.000000 0.000000 -1.000000
vn -0.000000 0.000000 -1.000000
vn 0.000000 0.000000 -1.000000
vn 0.000000 0.000000 -1.000000
vn 0.000000 0.000000 -1.000000
vn -0.000000 0.000000 -1.000000
vn 0.000000 0.000000 -1.000000
vn 0.000000 0.000000 -1.000000
vn 0.000000 0.000000 -1.000000
vn -0.000000 0.000000 -1.000000
vn 0.000000 0.000000 -1.000000
vn 0.000000 0.000000 -1.000000
vn 0.000000 0.000000 -1.000000
vn 0.000000 0.000000 -1.000000
vn -0.000000 0.000000 -1.000000
vn 0.000000 0.000000 -1.000000
vn 0.000000 0.000000 -1.000000
vn -0.000000 0.000000 -1.000000
vn 0.000000 0.000000 -1.000000
vn 0.000000 0.000000 -1.000000
vn 0.000000 0.000000 -1.000000
vn -0.000000 0.000000 -1.000000
vn 0.000000 0.000000 -1.000000
vn -0.000000 0.000000 -1.000000
vn -0.000000 0.000000 -1.000000
vn 0.000000 0.000000 -1.000000
vn -0.000000 0.000000 -1.000000
vn 0.000000 0.000000 -1.000000
vn 0.000000 0.000000 -1.000000
vn -0.000000 0.000000 -1.000000
vn -0.000000 0.000000 -1.000000
vn 0.000000 0.000000 -1.000000
vn 0.000000 0.000000 -1.000000
vn -0.000000 0.000000 -1.000000
vn 0.000000 0.000000 -1.000000
vn 0.000000 0.000000 -1.000000
vn 0.000000 0.000000 -1.000000
vn -0.000000 0.000000 -1.000000
vn 0.000000 0.000000 -1.000000
vn 0.000000 0.000000 -1.000000
vn -0.000000 0.000000 -1.000000
vn 0.000000 0.000000 -1.000000
vn 0.000000 0.000000 -1.000000
vn 0.000000 0.000000 -1.000000
vn -0.000000 0.000000 -1.000000
vn 0.000000 0.000000 -1.000000
vn 0.000000 0.000000 -1.000000
vn 0.000000 0.000000 -1.000000
vn -0.000000 0.000000 -1.000000
vn 0.000000 0.000000 -1.000000
vn 0.000000 0.000000 -1.000000
vn 0.000000 0.000000 -1.000000
vn -0.000000 0.000000 -1.000000
vn 0.000000 0.000000 -1.000000
vn 0.000000 0.000000 -1.000000
vn 0.000000 0.000000 -1.000000
vn -0.000000 0.000000 -1.000000
vn 0.000000 0.000000 -1.000000
vn 0.000000 0.000000 -1.000000
vn 0.000000 0.000000 -1.000000
vn -0.000000 0.000000 -1.000000
vn 0.000000 0.000000 -1.000000
vn 0.000000 0.000000 -1.000000
vn 0.000000 0.000000 -1.000000
vn 0.000000 0.000000 -1.000000
vn -0.000000 0.000000 -1.000000
vn 0.000000 0.000000 -1.000000
vn 0.000000 0.000000 -1.000000
vn 0.000000 0.000000 -1.000000
vn -0.000000 0.000000 -1.000000
vn 0.000000 0.000000 -1.000000
vn 0.000000 0.000000 -1.000000
vn 0.000000 0.000000 -1.000000
vn -0.000000 0.000000 -1.000000
vn 0.000000 0.000000 -1.000000
vn 0.000000 0.000000 -1.000000
vn 0.000000 0.000000 -1.000000
vn -0.000000 0.000000 -1.000000
vn 0.000000 0.000000 -1.000000
vn 0.000000 0.000000 -1.000000
vn 0.000000 0.000000 -1.000000
vn 0.000000 0.000000 -1.000000
vn -0.000000 0.000000 -1.000000
vn 0.000000 0.000000 -1.000000
vn 0.000000 0.000000 -1.000000
vn 0.000000 0.000000 -1.000000
vn -0.000000 0.000000 -1.000000
vn 0.000000 0.000000 -1.000000
vn 0.999570 0.029337 0.000000
vn 0.999570 0.029337 -0.000000
vn 0.999790 -0.020490 0.000000
vn 0.997523 -0.070340 0.000000
vn 0.999790 -0.020490 0.000000
vn 0.997523 -0.070340 -0.000000
vn 0.992781 -0.119942 -0.000000
vn 0.985566 -0.169290 0.000000
vn 0.992781 -0.119942 0.000000
vn 0.975895 -0.218240 0.000000
vn 0.985566 -0.169290 -0.000000
vn 0.975895 -0.218240 -0.000000
vn 0.963819 -0.266556 -0.000000
vn 0.963819 -0.266556 0.000000
vn 0.949322 -0.314306 0.000000
vn 0.932475 -0.361234 0.000000
vn 0.949322 -0.314306 0.000000
vn 0.932475 -0.361234 -0.000000
vn 0.913316 -0.407251 0.000000
vn 0.913316 -0.407251 0.000000
vn 0.891877 -0.452277 0.000000
vn 0.891877 -0.452277 -0.000000
vn 0.868228 -0.496165 0.000000
vn 0.868228 -0.496165 -0.000000
vn 0.842414 -0.538832 0.000000
vn 0.842414 -0.538832 0.000000
vn 0.814512 -0.580147 0.000000
vn 0.814512 -0.580147 0.000000
vn 0.784571 -0.620040 -0.000000
vn 0.784571 -0.620040 0.000000
vn 0.752700 -0.658364 -0.000000
vn 0.752700 -0.658364 0.000000
vn 0.718952 -0.695060 -0.000000
vn 0.718952 -0.695060 0.000000
vn 0.683398 -0.730046 -0.000000
vn 0.683398 -0.730046 0.000000
vn 0.646174 -0.763190 -0.000000
vn 0.646174 -0.763190 0.000000
vn 0.607328 -0.794451 -0.000000
vn 0.607328 -0.794451 0.000000
vn 0.566958 -0.823747 0.000000
vn 0.566958 -0.823747 0.000000
vn 0.525200 -0.850979 0.000000
vn 0.482129 -0.876100 0.000000
vn 0.525200 -0.850979 0.000000
vn 0.482129 -0.876100 -0.000000
vn 0.437856 -0.899045 0.000000
vn 0.392505 -0.919750 0.000000
vn 0.437856 -0.899045 0.000000
vn 0.392505 -0.919750 -0.000000
vn 0.346165 -0.938174 -0.000000
vn 0.346165 -0.938174 0.000000
vn 0.298981 -0.954259 -0.000000
vn 0.251035 -0.967978 0.000000
vn 0.298981 -0.954259 0.000000
vn 0.251035 -0.967978 -0.000000
vn 0.202475 -0.979288 -0.000000
vn 0.202475 -0.979288 0.000000
vn 0.153414 -0.988162 -0.000000
vn 0.103962 -0.994581 0.000000
vn 0.153414 -0.988162 0.000000
vn 0.103962 -0.994581 -0.000000
vn 0.054259 -0.998527 0.000000
vn 0.004419 -0.999990 0.000000
vn 0.054259 -0.998527 0.000000
vn 0.004419 -0.999990 -0.000000
vn -0.045436 -0.998967 0.000000
vn -0.095173 -0.995461 0.000000
vn -0.045436 -0.998967 -0.000000
vn -0.095173 -0.995461 -0.000000
vn -0.144665 -0.989481 -0.000000
vn -0.144665 -0.989481 0.000000
vn -0.193816 -0.981038 -0.000000
vn -0.193816 -0.981038 -0.000000
vn -0.242479 -0.970157 -0.000000
vn -0.242479 -0.970157 -0.000000
vn -0.290527 -0.956867 -0.000000
vn -0.290527 -0.956867 0.000000
vn -0.337861 -0.941196 -0.000000
vn -0.337861 -0.941196 -0.000000
vn -0.384366 -0.923181 -0.000000
vn -0.384366 -0.923181 0.000000
vn -0.429889 -0.902882 -0.000000
vn -0.429889 -0.902882 -0.000000
vn -0.474370 -0.880325 0.000000
vn -0.474370 -0.880325 0.000000
vn -0.517659 -0.855587 -0.000000
vn -0.517659 -0.855587 0.000000
vn -0.559672 -0.828715 0.000000
vn -0.559672 -0.828715 0.000000
vn -0.600270 -0.799798 0.000000
vn -0.600270 -0.799798 -0.000000
vn -0.639403 -0.768872 0.000000
vn -0.639403 -0.768872 -0.000000
vn -0.676920 -0.736057 -0.000000
vn -0.676920 -0.736057 0.000000
vn -0.712776 -0.701392 -0.000000
vn -0.712776 -0.701392 0.000000
vn -0.746853 -0.664989 0.000000
vn -0.746853 -0.664989 -0.000000
vn -0.779068 -0.626940 0.000000
vn -0.779068 -0.626940 -0.000000
vn -0.809353 -0.587323 0.000000
vn -0.809353 -0.587323 -0.000000
vn -0.837619 -0.546255 0.000000
vn -0.837619 -0.546255 -0.000000
vn -0.863810 -0.503818 0.000000
vn -0.863810 -0.503818 -0.000000
vn -0.887843 -0.460146 0.000000
vn -0.887843 -0.460146 -0.000000
vn -0.909682 -0.415305 0.000000
vn -0.929248 -0.369457 0.000000
vn -0.909682 -0.415305 -0.000000
vn -0.929248 -0.369457 0.000000
vn -0.946513 -0.322666 0.000000
vn -0.946513 -0.322666 -0.000000
vn -0.961420 -0.275086 0.000000
vn -0.973935 -0.226828 0.000000
vn -0.961420 -0.275086 -0.000000
vn -0.984031 -0.177997 0.000000
vn -0.973935 -0.226828 0.000000
vn -0.984031 -0.177997 -0.000000
vn -0.991681 -0.128723 -0.000000
vn -0.991681 -0.128723 -0.000000
vn -0.996863 -0.079146 -0.000000
vn -0.996863 -0.079146 -0.000000
vn -0.999570 -0.029338 -0.000000
vn -0.999570 -0.029338 0.000000
vn -0.999790 0.020511 0.000000
vn -0.999790 0.020511 -0.000000
vn -0.997524 0.070321 0.000000
vn -0.997524 0.070321 -0.000000
vn -0.992779 0.119959 0.000000
vn -0.992779 0.119959 -0.000000
vn -0.985566 0.169293 0.000000
vn -0.985566 0.169293 0.000000
vn -0.975904 0.218202 0.000000
vn -0.975904 0.218202 -0.000000
vn -0.963809 0.266594 0.000000
vn -0.963809 0.266594 0.000000
vn -0.949327 0.314289 0.000000
vn -0.949327 0.314289 -0.000000
vn -0.932475 0.361234 0.000000
vn -0.932475 0.361234 -0.000000
vn -0.913318 0.407248 0.000000
vn -0.913318 0.407248 0.000000
vn -0.891876 0.452281 0.000000
vn -0.891876 0.452281 -0.000000
vn -0.868228 0.496165 0.000000
vn -0.868228 0.496165 -0.000000
vn -0.842416 0.538827 0.000000
vn -0.842416 0.538827 0.000000
vn -0.814512 0.580147 0.000000
vn -0.814512 0.580147 0.000000
vn -0.784580 0.620028 0.000000
vn -0.784580 0.620028 0.000000
vn -0.752690 0.658375 0.000000
vn -0.752690 0.658375 0.000000
vn -0.718947 0.695065 0.000000
vn -0.718947 0.695065 -0.000000
vn -0.683404 0.730040 0.000000
vn -0.683404 0.730040 0.000000
vn -0.646173 0.763191 0.000000
vn -0.646173 0.763191 0.000000
vn -0.607314 0.794462 0.000000
vn -0.607314 0.794462 0.000000
vn -0.566966 0.823741 -0.000000
vn -0.525200 0.850979 0.000000
vn -0.566966 0.823741 0.000000
vn -0.482136 0.876096 0.000000
vn -0.525200 0.850979 0.000000
vn -0.482136 0.876096 -0.000000
vn -0.437856 0.899045 0.000000
vn -0.437856 0.899045 0.000000
vn -0.392499 0.919752 0.000000
vn -0.392499 0.919752 0.000000
vn -0.346176 0.938170 0.000000
vn -0.346176 0.938170 0.000000
vn -0.298968 0.954263 0.000000
vn -0.298968 0.954263 0.000000
vn -0.251040 0.967977 0.000000
vn -0.251040 0.967977 0.000000
vn -0.202477 0.979287 0.000000
vn -0.202477 0.979287 0.000000
vn -0.153404 0.988163 0.000000
vn -0.153404 0.988163 0.000000
vn -0.103962 0.994581 0.000000
vn -0.103962 0.994581 -0.000000
vn -0.054258 0.998527 0.000000
vn -0.054258 0.998527 0.000000
vn -0.004421 0.999990 0.000000
vn -0.004421 0.999990 0.000000
vn 0.045428 0.998968 0.000000
vn 0.045428 0.998968 -0.000000
vn 0.095169 0.995461 0.000000
vn 0.095169 0.995461 -0.000000
vn 0.144680 0.989478 -0.000000
vn 0.144680 0.989478 -0.000000
vn 0.193811 0.981039 -0.000000
vn 0.193811 0.981039 0.000000
vn 0.242469 0.970159 -0.000000
vn 0.242469 0.970159 0.000000
vn 0.290532 0.956865 0.000000
vn 0.290532 0.956865 0.000000
vn 0.337861 0.941196 -0.000000
vn 0.337861 0.941196 0.000000
vn 0.384359 0.923184 0.000000
vn 0.384359 0.923184 0.000000
vn 0.429905 0.902874 -0.000000
vn 0.429905 0.902874 0.000000
vn 0.474361 0.880330 0.000000
vn 0.474361 0.880330 0.000000
vn 0.517661 0.855586 -0.000000
vn 0.559672 0.828714 -0.000000
vn 0.517661 0.855586 0.000000
vn 0.559672 0.828714 0.000000
vn 0.600275 0.799794 0.000000
vn 0.639399 0.768876 -0.000000
vn 0.600275 0.799794 0.000000
vn 0.639399 0.768876 0.000000
vn 0.676929 0.736048 -0.000000
vn 0.676929 0.736048 0.000000
vn 0.712765 0.701403 0.000000
vn 0.712765 0.701403 -0.000000
vn 0.746854 0.664988 0.000000
vn 0.746854 0.664988 0.000000
vn 0.779071 0.626936 0.000000
vn 0.779071 0.626936 0.000000
vn 0.809353 0.587323 0.000000
vn 0.809353 0.587323 -0.000000
vn 0.837616 0.546259 -0.000000
vn 0.837616 0.546259 0.000000
vn 0.863812 0.503815 0.000000
vn 0.863812 0.503815 0.000000
vn 0.887843 0.460146 0.000000
vn 0.887843 0.460146 0.000000
vn 0.909675 0.415321 -0.000000
vn 0.909675 0.415321 0.000000
vn 0.929260 0.369425 -0.000000
vn 0.929260 0.369425 0.000000
vn 0.946502 0.322698 0.000000
vn 0.946502 0.322698 0.000000
vn 0.961419 0.275089 0.000000
vn 0.961419 0.275089 0.000000
vn 0.973939 0.226811 0.000000
vn 0.973939 0.226811 0.000000
vn 0.984028 0.178013 -0.000000
vn 0.984028 0.178013 0.000000
vn 0.991683 0.128706 0.000000
vn 0.991683 0.128706 0.000000
vn 0.996863 0.079146 0.000000
vn 0.996863 0.079146 0.000000
vn 0.000000 0.000000 -1.000000
vn 0.000000 0.000000 -1.000000
vn 0.000000 0.000000 -1.000000
vn 0.000000 0.000000 -1.000000
vn 0.000000 0.000000 -1.000000
vn 0.000000 0.000000 -1.000000
vn 0.000000 0.000000 -1.000000
vn 0.000000 0.000000 -1.000000
vn 0.000000 0.000000 -1.000000
vn 0.000000 0.000000 -1.000000
vn 0.000000 0.000000 -1.000000
vn 0.000000 0.000000 -1.000000
vn 0.000000 0.000000 -1.000000
vn 0.000000 0.000000 -1.000000
vn 0.000000 0.000000 -1.000000
vn 0.000000 0.000000 -1.000000
vn 0.000000 0.000000 -1.000000
vn 0.000000 0.000000 -1.000000
vn 0.000000 0.000000 -1.000000
vn 0.000000 0.000000 -1.000000
vn 0.000000 0.000000 -1.000000
vn 0.000000 0.000000 -1.000000
vn 0.000000 0.000000 -1.000000
vn 0.000000 0.000000 -1.000000
vn 0.000000 0.000000 -1.000000
vn 0.000000 0.000000 -1.000000
vn 0.000000 0.000000 -1.000000
vn 0.000000 0.000000 -1.000000
vn 0.000000 0.000000 -1.000000
vn 0.000000 0.000000 -1.000000
vn 0.000000 0.000000 -1.000000
vn 0.000000 0.000000 -1.000000
vn 0.000000 0.000000 -1.000000
vn 0.000000 0.000000 -1.000000
vn 0.000000 0.000000 -1.000000
vn 0.000000 0.000000 -1.000000
vn 0.000000 0.000000 -1.000000
vn 0.000000 0.000000 -1.000000
vn 0.000000 0.000000 -1.000000
vn 0.000000 0.000000 -1.000000
vn 0.000000 0.000000 -1.000000
vn 0.000000 0.000000 -1.000000
vn 0.000000 0.000000 -1.000000
vn 0.000000 0.000000 -1.000000
vn 0.000000 0.000000 -1.000000
vn 0.000000 0.000000 -1.000000
vn 0.000000 0.000000 -1.000000
vn 0.000000 0.000000 -1.000000
vn 0.000000 0.000000 -1.000000
vn 0.000000 0.000000 -1.000000
vn 0.000000 0.000000 -1.000000
vn 0.000000 0.000000 -1.000000
vn 0.000000 0.000000 -1.000000
vn 0.000000 0.000000 -1.000000
vn 0.000000 0.000000 -1.000000
vn 0.000000 0.000000 -1.000000
vn 0.000000 0.000000 -1.000000
vn 0.000000 0.000000 -1.000000
vn 0.000000 0.000000 -1.000000
vn 0.000000 0.000000 -1.000000
vn 0.000000 0.000000 -1.000000
vn 0.000000 0.000000 -1.000000
vn 0.000000 0.000000 -1.000000
vn 0.000000 0.000000 -1.000000
vn 0.000000 0.000000 -1.000000
vn 0.000000 0.000000 -1.000000
vn 0.000000 0.000000 -1.000000
vn 0.000000 0.000000 -1.000000
vn 0.000000 0.000000 -1.000000
vn 0.000000 0.000000 -1.000000
vn 0.000000 0.000000 -1.000000
vn 0.000000 0.000000 -1.000000
vn 0.000000 0.000000 -1.000000
vn 0.000000 0.000000 -1.000000
vn 0.000000 0.000000 -1.000000
vn 0.000000 0.000000 -1.000000
vn 0.000000 0.000000 -1.000000
vn 0.000000 0.000000 -1.000000
vn 0.000000 0.000000 -1.000000
vn 0.000000 0.000000 -1.000000
vn 0.000000 0.000000 -1.000000
vn 0.000000 0.000000 -1.000000
vn 0.000000 0.000000 -1.000000
vn 0.000000 0.000000 -1.000000
vn -0.000000 0.000000 -1.000000
vn 0.000000 0.000000 -1.000000
vn 0.000000 0.000000 -1.000000
vn 0.000000 0.000000 -1.000000
vn 0.000000 0.000000 -1.000000
vn 0.000000 0.000000 -1.000000
vn 0.000000 0.000000 -1.000000
vn 0.000000 0.000000 -1.000000
vn 0.000000 0.000000 -1.000000
vn 0.000000 0.000000 -1.000000
vn 0.000000 0.000000 -1.000000
vn 0.000000 0.000000 -1.000000
vn 0.000000 0.000000 -1.000000
vn 0.000000 0.000000 -1.000000
vn 0.000000 0.000000 -1.000000
vn 0.000000 0.000000 -1.000000
vn 0.000000 0.000000 -1.000000
vn 0.000000 0.000000 -1.000000
vn 0.000000 0.000000 -1.000000
vn 0.000000 0.000000 -1.000000
vn 0.000000 0.000000 -1.000000
vn 0.000000 0.000000 -1.000000
vn 0.000000 0.000000 -1.000000
vn 0.000000 0.000000 -1.000000
vn 0.000000 0.000000 -1.000000
vn 0.000000 0.000000 -1.000000
vn 0.000000 0.000000 -1.000000
vn 0.000000 0.000000 -1.000000
vn 0.000000 0.000000 -1.000000
vn 0.000000 0.000000 -1.000000
vn 0.000000 0.000000 -1.000000
vn 0.000000 0.000000 -1.000000
vn 0.000000 0.000000 -1.000000
vn 0.000000 0.000000 -1.000000
vn 0.000000 0.000000 -1.000000
vn 0.000000 0.000000 -1.000000
vn 0.000000 0.000000 -1.000000
vn 0.000000 0.000000 -1.000000
vn 0.000000 0.000000 -1.000000
vn -0.000000 0.000000 -1.000000
f 1//1 2//1 3//1
f 1//2 3//2 4//2
f 5//3 1//3 6//3
f 5//4 2//4 1//4
f 7//5 8//5 9//5
f 7//6 9//6 2//6
f 7//7 2//7 5//7
f 10//8 7//8 5//8
f 11//9 5//9 12//9
f 11//10 10//10 5//10
f 13//11 14//11 7//11
f 13//12 7//12 10//12
f 15//13 10//13 16//13
f 16//14 10//14 11//14
f 12//15 17//15 11//15
f 18//16 17//16 12//16
f 13//17 19//17 20//17
f 20//18 21//18 13//18
f 13//19 22//19 19//19
f 21//20 23//20 13//20
f 13//21 24//21 22//21
f 23//22 25//22 13//22
f 13//23 26//23 24//23
f 25//24 27//24 13//24
f 13//25 28//25 26//25
f 27//26 29//26 13//26
f 13//27 30//27 28//27
f 29//28 31//28 13//28
f 13//29 32//29 30//29
f 31//30 33//30 13//30
f 13//31 34//31 32//31
f 33//32 35//32 13//32
f 13//33 36//33 34//33
f 13//34 37//34 36//34
f 13//35 38//35 37//35
f 13//36 39//36 38//36
f 13//37 40//37 39//37
f 13//38 41//38 40//38
f 13//39 42//39 41//39
f 13//40 43//40 42//40
f 13//41 44//41 43//41
f 13//42 45//42 44//42
f 13//43 46//43 45//43
f 13//44 47//44 46//44
f 47//45 10//45 48//45
f 48//46 10//46 49//46
f 49//47 10//47 50//47
f 50//48 10//48 51//48
f 51//49 10//49 52//49
f 52//50 10//50 53//50
f 53//51 10//51 54//51
f 54//52 10//52 55//52
f 55//53 10//53 56//53
f 56//54 10//54 57//54
f 57//55 10//55 58//55
f 13//56 10//56 47//56
f 10//57 59//57 58//57
f 10//58 60//58 59//58
f 10//59 61//59 60//59
f 10//60 62//60 61//60
f 10//61 63//61 62//61
f 10//62 64//62 63//62
f 10//63 65//63 64//63
f 10//64 66//64 65//64
f 10//65 67//65 66//65
f 10//66 68//66 67//66
f 10//67 69//67 68//67
f 10//68 70//68 69//68
f 10//69 71//69 70//69
f 10//70 72//70 71//70
f 10//71 73//71 72//71
f 10//72 74//72 73//72
f 10//73 75//73 74//73
f 10//74 76//74 75//74
f 10//75 77//75 76//75
f 10//76 78//76 77//76
f 79//77 80//77 81//77
f 80//78 82//78 81//78
f 81//79 82//79 83//79
f 84//80 85//80 79//80
f 79//81 85//81 80//81
f 83//82 86//82 87//82
f 82//83 86//83 83//83
f 88//84 89//84 84//84
f 84//85 89//85 85//85
f 87//86 90//86 91//86
f 86//87 90//87 87//87
f 92//88 93//88 88//88
f 88//89 93//89 89//89
f 91//90 94//90 95//90
f 90//91 94//91 91//91
f 96//92 97//92 92//92
f 92//93 97//93 93//93
f 95//94 98//94 99//94
f 94//95 98//95 95//95
f 100//96 101//96 96//96
f 96//97 101//97 97//97
f 99//98 102//98 103//98
f 98//99 102//99 99//99
f 100//100 104//100 101//100
f 105//101 104//101 100//101
f 103//102 106//102 107//102
f 107//103 106//103 108//103
f 102//104 106//104 103//104
f 105//105 109//105 104//105
f 110//106 109//106 105//106
f 110//107 111//107 109//107
f 112//108 111//108 110//108
f 112//109 113//109 111//109
f 114//110 113//110 112//110
f 114//111 115//111 113//111
f 116//112 115//112 114//112
f 116//113 117//113 115//113
f 118//114 117//114 116//114
f 118//115 119//115 117//115
f 120//116 119//116 118//116
f 120//117 121//117 119//117
f 122//118 121//118 120//118
f 123//119 124//119 122//119
f 122//120 124//120 121//120
f 125//121 126//121 123//121
f 123//122 126//122 124//122
f 127//123 128//123 125//123
f 125//124 128//124 126//124
f 129//125 130//125 127//125
f 127//126 130//126 128//126
f 129//127 131//127 130//127
f 132//128 131//128 129//128
f 132//129 133//129 131//129
f 134//130 133//130 132//130
f 134//131 135//131 133//131
f 136//132 135//132 134//132
f 136//133 137//133 135//133
f 138//134 137//134 136//134
f 138//135 139//135 137//135
f 140//136 139//136 138//136
f 140//137 141//137 139//137
f 142//138 141//138 140//138
f 142//139 143//139 141//139
f 144//140 143//140 142//140
f 144//141 145//141 143//141
f 146//142 145//142 144//142
f 146//143 147//143 145//143
f 148//144 147//144 146//144
f 148//145 149//145 147//145
f 150//146 149//146 148//146
f 150//147 151//147 149//147
f 152//148 151//148 150//148
f 152//149 153//149 151//149
f 154//150 153//150 152//150
f 154//151 155//151 153//151
f 156//152 155//152 154//152
f 156//153 157//153 155//153
f 158//154 157//154 156//154
f 158//155 159//155 157//155
f 160//156 159//156 158//156
f 160//157 161//157 159//157
f 162//158 161//158 160//158
f 162//159 163//159 161//159
f 164//160 163//160 162//160
f 164//161 165//161 163//161
f 166//162 165//162 164//162
f 166//163 167//163 165//163
f 168//164 167//164 166//164
f 168//165 169//165 167//165
f 170//166 169//166 168//166
f 171//167 172//167 170//167
f 170//168 172//168 169//168
f 171//169 173//169 172//169
f 174//170 173//170 171//170
f 175//171 176//171 177//171
f 177//172 176//172 178//172
f 178//173 176//173 179//173
f 179//174 176//174 180//174
f 180//175 176//175 181//175
f 181//176 176//176 182//176
f 182//177 176//177 183//177
f 183//178 176//178 184//178
f 184//179 176//179 185//179
f 185//180 176//180 186//180
f 186//181 176//181 187//181
f 187//182 176//182 188//182
f 188//183 176//183 189//183
f 189//184 176//184 190//184
f 190//185 176//185 191//185
f 191//186 176//186 192//186
f 192//187 176//187 193//187
f 193//188 176//188 194//188
f 194//189 176//189 195//189
f 195//190 176//190 196//190
f 196//191 176//191 197//191
f 175//192 198//192 176//192
f 198//193 199//193 176//193
f 199//194 200//194 176//194
f 200//195 201//195 176//195
f 201//196 202//196 176//196
f 202//197 203//197 176//197
f 203//198 15//198 176//198
f 204//199 15//199 205//199
f 205//200 15//200 206//200
f 206//201 15//201 207//201
f 207//202 15//202 208//202
f 208//203 15//203 209//203
f 209//204 15//204 210//204
f 210//205 15//205 211//205
f 211//206 15//206 212//206
f 212//207 15//207 213//207
f 213//208 15//208 214//208
f 214//209 15//209 215//209
f 215//210 15//210 216//210
f 216//211 15//211 217//211
f 217//212 15//212 218//212
f 218//213 15//213 219//213
f 219//214 15//214 220//214
f 220//215 15//215 221//215
f 221//216 15//216 222//216
f 222//217 15//217 223//217
f 223//218 15//218 224//218
f 224//219 15//219 225//219
f 225//220 15//220 226//220
f 226//221 15//221 227//221
f 227//222 15//222 228//222
f 228//223 15//223 229//223
f 229//224 15//224 230//224
f 230//225 15//225 231//225
f 231//226 15//226 232//226
f 232//227 15//227 233//227
f 233//228 15//228 234//228
f 234//229 15//229 203//229
f 10//230 15//230 78//230
f 78//231 15//231 235//231
f 235//232 15//232 236//232
f 236//233 15//233 237//233
f 237//234 15//234 174//234
f 174//235 15//235 204//235
f 174//236 204//236 238//236
f 174//237 238//237 239//237
f 174//238 239//238 240//238
f 174//239 240//239 173//239
f 241//240 5//240 242//240
f 241//241 12//241 5//241
f 243//242 14//242 13//242
f 35//243 243//243 13//243
f 5//244 244//244 242//244
f 5//245 6//245 244//245
f 245//246 246//246 247//246
f 247//247 248//247 245//247
f 246//248 249//248 247//248
f 247//249 250//249 248//249
f 249//250 251//250 247//250
f 247//251 252//251 250//251
f 251//252 253//252 247//252
f 247//253 254//253 252//253
f 253//254 255//254 247//254
f 247//255 256//255 254//255
f 255//256 257//256 247//256
f 247//257 258//257 256//257
f 257//258 259//258 247//258
f 247//259 260//259 258//259
f 247//260 261//260 260//260
f 247//261 262//261 261//261
f 247//262 263//262 262//262
f 247//263 264//263 263//263
f 247//264 265//264 264//264
f 247//265 266//265 265//265
f 247//266 267//266 266//266
f 247//267 268//267 267//267
f 247//268 269//268 268//268
f 247//269 270//269 269//269
f 247//270 271//270 270//270
f 247//271 272//271 271//271
f 247//272 273//272 272//272
f 274//273 275//273 276//273
f 277//274 275//274 274//274
f 278//275 275//275 277//275
f 279//276 275//276 278//276
f 280//277 275//277 279//277
f 281//278 275//278 280//278
f 282//279 275//279 281//279
f 283//280 275//280 282//280
f 247//281 275//281 273//281
f 284//282 275//282 283//282
f 285//283 275//283 284//283
f 286//284 275//284 285//284
f 273//285 275//285 286//285
f 275//286 287//286 276//286
f 275//287 288//287 287//287
f 275//288 289//288 288//288
f 275//289 290//289 289//289
f 275//290 291//290 290//290
f 275//291 292//291 291//291
f 275//292 293//292 292//292
f 275//293 294//293 293//293
f 275//294 295//294 294//294
f 275//295 296//295 295//295
f 275//296 297//296 296//296
f 275//297 298//297 297//297
f 275//298 299//298 298//298
f 275//299 300//299 299//299
f 275//300 301//300 300//300
f 275//301 302//301 301//301
f 275//302 303//302 302//302
f 275//303 304//303 303//303
f 275//304 305//304 304//304
f 306//305 307//305 308//305
f 306//306 309//306 307//306
f 310//307 309//307 306//307
f 307//308 311//308 308//308
f 308//309 311//309 312//309
f 313//310 314//310 310//310
f 310//311 314//311 309//311
f 312//312 315//312 316//312
f 311//313 315//313 312//313
f 317//314 318//314 313//314
f 313//315 318//315 314//315
f 316//316 319//316 320//316
f 315//317 319//317 316//317
f 321//318 322//318 317//318
f 317//319 322//319 318//319
f 320//320 323//320 324//320
f 319//321 323//321 320//321
f 321//322 325//322 322//322
f 326//323 325//323 321//323
f 324//324 327//324 328//324
f 323//325 327//325 324//325
f 329//326 330//326 326//326
f 326//327 330//327 325//327
f 328//328 331//328 332//328
f 327//329 331//329 328//329
f 333//330 334//330 329//330
f 329//331 334//331 330//331
f 331//332 335//332 332//332
f 336//333 337//333 333//333
f 333//334 337//334 334//334
f 335//335 338//335 332//335
f 339//336 340//336 336//336
f 336//337 340//337 337//337
f 341//338 342//338 339//338
f 339//339 342//339 340//339
f 341//340 343//340 342//340
f 344//341 343//341 341//341
f 345//342 346//342 344//342
f 344//343 346//343 343//343
f 347//344 348//344 345//344
f 345//345 348//345 346//345
f 349//346 350//346 347//346
f 347//347 350//347 348//347
f 351//348 352//348 349//348
f 349//349 352//349 350//349
f 353//350 354//350 351//350
f 351//351 354//351 352//351
f 355//352 356//352 353//352
f 353//353 356//353 354//353
f 355//354 357//354 356//354
f 358//355 357//355 355//355
f 358//356 359//356 357//356
f 360//357 359//357 358//357
f 361//358 362//358 360//358
f 360//359 362//359 359//359
f 363//360 364//360 361//360
f 361//361 364//361 362//361
f 363//362 365//362 364//362
f 366//363 365//363 363//363
f 367//364 368//364 366//364
f 366//365 368//365 365//365
f 367//366 369//366 368//366
f 370//367 369//367 367//367
f 370//368 371//368 369//368
f 372//369 371//369 370//369
f 372//370 373//370 371//370
f 374//371 373//371 372//371
f 374//372 375//372 373//372
f 376//373 375//373 374//373
f 376//374 377//374 375//374
f 378//375 377//375 376//375
f 379//376 380//376 378//376
f 378//377 380//377 377//377
f 379//378 381//378 380//378
f 382//379 381//379 379//379
f 383//380 384//380 382//380
f 382//381 384//381 381//381
f 383//382 385//382 384//382
f 386//383 385//383 383//383
f 387//384 388//384 386//384
f 386//385 388//385 385//385
f 389//386 390//386 387//386
f 387//387 390//387 388//387
f 391//388 392//388 389//388
f 389//389 392//389 390//389
f 393//390 394//390 391//390
f 391//391 394//391 392//391
f 395//392 396//392 393//392
f 393//393 396//393 394//393
f 397//394 398//394 395//394
f 395//395 398//395 396//395
f 399//396 400//396 397//396
f 397//397 400//397 398//397
f 399//398 401//398 400//398
f 402//399 14//399 243//399
f 403//400 14//400 402//400
f 404//401 14//401 403//401
f 405//402 14//402 404//402
f 406//403 14//403 405//403
f 407//404 14//404 406//404
f 408//405 14//405 407//405
f 409//406 14//406 408//406
f 410//407 14//407 409//407
f 411//408 14//408 410//408
f 412//409 14//409 411//409
f 413//410 14//410 412//410
f 414//411 14//411 413//411
f 415//412 14//412 414//412
f 416//413 14//413 415//413
f 417//414 14//414 416//414
f 418//415 14//415 417//415
f 419//416 14//416 418//416
f 420//417 14//417 419//417
f 421//418 14//418 420//418
f 422//419 14//419 421//419
f 423//420 14//420 422//420
f 424//421 14//421 423//421
f 424//422 425//422 14//422
f 425//423 426//423 14//423
f 426//424 427//424 14//424
f 427//425 428//425 14//425
f 428//426 429//426 14//426
f 429//427 7//427 14//427
f 430//428 7//428 429//428
f 431//429 7//429 430//429
f 432//430 7//430 431//430
f 433//431 7//431 432//431
f 434//432 7//432 433//432
f 435//433 7//433 434//433
f 436//434 7//434 435//434
f 437//435 7//435 436//435
f 438//436 7//436 437//436
f 439//437 7//437 438//437
f 440//438 7//438 439//438
f 441//439 7//439 440//439
f 442//440 7//440 441//440
f 443//441 7//441 442//441
f 444//442 7//442 443//442
f 445//443 7//443 444//443
f 446//444 7//444 445//444
f 447//445 7//445 446//445
f 448//446 7//446 447//446
f 449//447 7//447 448//447
f 450//448 7//448 449//448
f 451//449 7//449 450//449
f 452//450 7//450 451//450
f 453//451 7//451 452//451
f 454//452 7//452 453//452
f 455//453 7//453 454//453
f 456//454 7//454 455//454
f 457//455 7//455 456//455
f 458//456 7//456 457//456
f 459//457 7//457 458//457
f 460//458 7//458 459//458
f 275//459 7//459 460//459
f 275//460 460//460 461//460
f 275//461 461//461 462//461
f 275//462 462//462 463//462
f 275//463 463//463 401//463
f 275//464 401//464 305//464
f 305//465 401//465 464//465
f 464//466 401//466 465//466
f 465//467 401//467 466//467
f 466//468 401//468 399//468
f 1//469 467//469 6//469
f 6//470 467//470 244//470
f 468//471 8//471 275//471
f 275//472 8//472 7//472
f 469//473 470//473 471//473
f 471//474 472//474 469//474
f 470//475 473//475 471//475
f 471//476 474//476 472//476
f 473//477 475//477 471//477
f 471//478 476//478 474//478
f 475//479 477//479 471//479
f 471//480 478//480 476//480
f 477//481 479//481 471//481
f 471//482 480//482 478//482
f 479//483 481//483 471//483
f 471//484 482//484 480//484
f 471//485 483//485 482//485
f 471//486 484//486 483//486
f 471//487 485//487 484//487
f 471//488 486//488 485//488
f 471//489 487//489 486//489
f 471//490 488//490 487//490
f 471//491 489//491 488//491
f 471//492 490//492 489//492
f 471//493 491//493 490//493
f 471//494 492//494 491//494
f 471//495 493//495 492//495
f 471//496 494//496 493//496
f 471//497 495//497 494//497
f 471//498 496//498 495//498
f 496//499 467//499 497//499
f 497//500 467//500 498//500
f 498//501 467//501 499//501
f 499//502 467//502 500//502
f 500//503 467//503 501//503
f 501//504 467//504 502//504
f 502//505 467//505 503//505
f 503//506 467//506 504//506
f 504//507 467//507 505//507
f 505//508 467//508 506//508
f 506//509 467//509 507//509
f 507//510 467//510 508//510
f 508//511 467//511 509//511
f 471//512 467//512 496//512
f 467//513 510//513 509//513
f 467//514 511//514 510//514
f 467//515 512//515 511//515
f 467//516 513//516 512//516
f 467//517 514//517 513//517
f 467//518 515//518 514//518
f 467//519 516//519 515//519
f 467//520 517//520 516//520
f 467//521 518//521 517//521
f 467//522 519//522 518//522
f 467//523 520//523 519//523
f 467//524 521//524 520//524
f 467//525 522//525 521//525
f 467//526 523//526 522//526
f 467//527 524//527 523//527
f 467//528 525//528 524//528
f 467//529 526//529 525//529
f 467//530 527//530 526//530
f 528//531 529//531 530//531
f 530//532 531//532 532//532
f 529//533 531//533 530//533
f 533//534 534//534 528//534
f 528//535 534//535 529//535
f 532//536 535//536 536//536
f 531//537 535//537 532//537
f 533//538 537//538 534//538
f 538//539 537//539 533//539
f 536//540 539//540 540//540
f 535//541 539//541 536//541
f 541//542 542//542 538//542
f 538//543 542//543 537//543
f 540//544 543//544 544//544
f 544//545 543//545 545//545
f 539//546 543//546 540//546
f 541//547 546//547 542//547
f 547//548 546//548 541//548
f 547//549 548//549 546//549
f 549//550 548//550 547//550
f 549//551 550//551 548//551
f 551//552 550//552 549//552
f 551//553 552//553 550//553
f 553//554 552//554 551//554
f 553//555 554//555 552//555
f 555//556 554//556 553//556
f 555//557 556//557 554//557
f 557//558 556//558 555//558
f 557//559 558//559 556//559
f 559//560 558//560 557//560
f 559//561 560//561 558//561
f 561//562 560//562 559//562
f 561//563 562//563 560//563
f 563//564 562//564 561//564
f 563//565 564//565 562//565
f 565//566 564//566 563//566
f 565//567 566//567 564//567
f 567//568 566//568 565//568
f 567//569 568//569 566//569
f 569//570 568//570 567//570
f 569//571 570//571 568//571
f 571//572 570//572 569//572
f 571//573 572//573 570//573
f 573//574 572//574 571//574
f 573//575 574//575 572//575
f 575//576 574//576 573//576
f 575//577 576//577 574//577
f 577//578 576//578 575//578
f 577//579 578//579 576//579
f 579//580 578//580 577//580
f 579//581 580//581 578//581
f 581//582 580//582 579//582
f 582//583 583//583 581//583
f 581//584 583//584 580//584
f 584//585 585//585 582//585
f 582//586 585//586 583//586
f 586//587 587//587 584//587
f 584//588 587//588 585//588
f 588//589 589//589 586//589
f 586//590 589//590 587//590
f 590//591 591//591 588//591
f 588//592 591//592 589//592
f 592//593 593//593 590//593
f 590//594 593//594 591//594
f 594//595 595//595 592//595
f 592//596 595//596 593//596
f 594//597 596//597 595//597
f 597//598 596//598 594//598
f 597//599 598//599 596//599
f 599//600 598//600 597//600
f 599//601 600//601 598//601
f 601//602 600//602 599//602
f 601//603 602//603 600//603
f 603//604 602//604 601//604
f 603//605 604//605 602//605
f 605//606 604//606 603//606
f 605//607 606//607 604//607
f 607//608 606//608 605//608
f 607//609 608//609 606//609
f 609//610 608//610 607//610
f 609//611 610//611 608//611
f 611//612 610//612 609//612
f 611//613 612//613 610//613
f 613//614 612//614 611//614
f 613//615 614//615 612//615
f 615//616 614//616 613//616
f 615//617 616//617 614//617
f 617//618 616//618 615//618
f 618//619 4//619 619//619
f 619//620 4//620 620//620
f 620//621 4//621 621//621
f 621//622 4//622 622//622
f 622//623 4//623 623//623
f 623//624 4//624 624//624
f 624//625 4//625 625//625
f 625//626 4//626 626//626
f 626//627 4//627 627//627
f 627//628 4//628 628//628
f 628//629 4//629 629//629
f 630//630 4//630 631//630
f 631//631 4//631 632//631
f 632//632 4//632 633//632
f 633//633 4//633 634//633
f 634//634 4//634 635//634
f 635//635 4//635 636//635
f 636//636 4//636 637//636
f 637//637 4//637 638//637
f 638//638 4//638 618//638
f 630//639 639//639 4//639
f 639//640 640//640 4//640
f 640//641 641//641 4//641
f 641//642 642//642 4//642
f 643//643 1//643 644//643
f 644//644 1//644 645//644
f 645//645 1//645 646//645
f 646//646 1//646 647//646
f 647//647 1//647 648//647
f 648//648 1//648 649//648
f 649//649 1//649 650//649
f 650//650 1//650 651//650
f 651//651 1//651 652//651
f 652//652 1//652 653//652
f 653//653 1//653 654//653
f 654//654 1//654 655//654
f 655//655 1//655 656//655
f 656//656 1//656 657//656
f 657//657 1//657 658//657
f 658//658 1//658 659//658
f 659//659 1//659 660//659
f 660//660 1//660 661//660
f 661//661 1//661 662//661
f 662//662 1//662 663//662
f 663//663 1//663 664//663
f 664//664 1//664 665//664
f 665//665 1//665 666//665
f 666//666 1//666 667//666
f 667//667 1//667 668//667
f 642//668 1//668 4//668
f 668//669 1//669 669//669
f 669//670 1//670 670//670
f 670//671 1//671 671//671
f 671//672 1//672 672//672
f 672//673 1//673 673//673
f 673//674 1//674 642//674
f 467//675 1//675 527//675
f 527//676 1//676 674//676
f 674//677 1//677 675//677
f 675//678 1//678 676//678
f 676//679 1//679 617//679
f 617//680 1//680 643//680
f 617//681 643//681 677//681
f 617//682 677//682 678//682
f 617//683 678//683 679//683
f 617//684 679//684 616//684
f 680//685 8//685 681//685
f 9//686 8//686 680//686
f 682//687 629//687 3//687
f 3//688 629//688 4//688
f 9//689 683//689 2//689
f 2//690 683//690 684//690
f 685//691 686//691 3//691
f 3//692 687//692 685//692
f 686//693 688//693 3//693
f 3//694 689//694 687//694
f 688//695 690//695 3//695
f 3//696 691//696 689//696
f 690//697 682//697 3//697
f 3//698 692//698 691//698
f 3//699 693//699 692//699
f 3//700 694//700 693//700
f 3//701 695//701 694//701
f 3//702 696//702 695//702
f 3//703 697//703 696//703
f 3//704 698//704 697//704
f 3//705 699//705 698//705
f 3//706 700//706 699//706
f 3//707 701//707 700//707
f 3//708 702//708 701//708
f 3//709 703//709 702//709
f 3//710 704//710 703//710
f 3//711 705//711 704//711
f 3//712 706//712 705//712
f 3//713 707//713 706//713
f 3//714 708//714 707//714
f 709//715 2//715 710//715
f 711//716 2//716 709//716
f 712//717 2//717 711//717
f 713//718 2//718 712//718
f 714//719 2//719 713//719
f 715//720 2//720 714//720
f 716//721 2//721 715//721
f 717//722 2//722 716//722
f 718//723 2//723 717//723
f 719//724 2//724 718//724
f 720//725 2//725 719//725
f 708//726 2//726 720//726
f 3//727 2//727 708//727
f 2//728 721//728 710//728
f 2//729 722//729 721//729
f 2//730 723//730 722//730
f 2//731 724//731 723//731
f 2//732 725//732 724//732
f 2//733 726//733 725//733
f 2//734 727//734 726//734
f 2//735 728//735 727//735
f 2//736 729//736 728//736
f 2//737 730//737 729//737
f 2//738 731//738 730//738
f 2//739 732//739 731//739
f 2//740 733//740 732//740
f 2//741 734//741 733//741
f 2//742 735//742 734//742
f 2//743 736//743 735//743
f 2//744 737//744 736//744
f 2//745 738//745 737//745
f 2//746 739//746 738//746
f 740//747 741//747 742//747
f 742//748 743//748 744//748
f 741//749 743//749 742//749
f 745//750 746//750 740//750
f 740//751 746//751 741//751
f 743//752 747//752 744//752
f 744//753 747//753 748//753
f 745//754 749//754 746//754
f 750//755 749//755 745//755
f 747//756 751//756 748//756
f 748//757 751//757 752//757
f 753//758 754//758 750//758
f 750//759 754//759 749//759
f 751//760 755//760 752//760
f 752//761 755//761 756//761
f 753//762 757//762 754//762
f 758//763 757//763 753//763
f 755//764 759//764 756//764
f 760//765 761//765 758//765
f 758//766 761//766 757//766
f 759//767 762//767 756//767
f 760//768 763//768 761//768
f 764//769 763//769 760//769
f 764//770 765//770 763//770
f 766//771 765//771 764//771
f 766//772 767//772 765//772
f 768//773 767//773 766//773
f 768//774 769//774 767//774
f 770//775 769//775 768//775
f 770//776 771//776 769//776
f 772//777 771//777 770//777
f 772//778 773//778 771//778
f 774//779 773//779 772//779
f 774//780 775//780 773//780
f 776//781 775//781 774//781
f 776//782 777//782 775//782
f 778//783 777//783 776//783
f 778//784 779//784 777//784
f 780//785 779//785 778//785
f 780//786 781//786 779//786
f 782//787 781//787 780//787
f 782//788 783//788 781//788
f 784//789 783//789 782//789
f 784//790 785//790 783//790
f 786//791 785//791 784//791
f 787//792 788//792 786//792
f 786//793 788//793 785//793
f 787//794 789//794 788//794
f 790//795 789//795 787//795
f 790//796 791//796 789//796
f 792//797 791//797 790//797
f 792//798 793//798 791//798
f 794//799 793//799 792//799
f 794//800 795//800 793//800
f 796//801 795//801 794//801
f 796//802 797//802 795//802
f 798//803 797//803 796//803
f 798//804 799//804 797//804
f 800//805 799//805 798//805
f 800//806 801//806 799//806
f 802//807 801//807 800//807
f 802//808 803//808 801//808
f 804//809 803//809 802//809
f 804//810 805//810 803//810
f 806//811 805//811 804//811
f 806//812 807//812 805//812
f 808//813 807//813 806//813
f 808//814 809//814 807//814
f 810//815 809//815 808//815
f 810//816 811//816 809//816
f 812//817 811//817 810//817
f 812//818 813//818 811//818
f 814//819 813//819 812//819
f 815//820 816//820 814//820
f 814//821 816//821 813//821
f 817//822 818//822 815//822
f 815//823 818//823 816//823
f 817//824 819//824 818//824
f 820//825 819//825 817//825
f 820//826 821//826 819//826
f 822//827 821//827 820//827
f 822//828 823//828 821//828
f 824//829 823//829 822//829
f 824//830 825//830 823//830
f 826//831 825//831 824//831
f 826//832 827//832 825//832
f 828//833 827//833 826//833
f 828//834 829//834 827//834
f 830//835 831//835 832//835
f 833//836 831//836 830//836
f 834//837 831//837 833//837
f 835//838 831//838 834//838
f 836//839 831//839 835//839
f 837//840 831//840 836//840
f 838//841 831//841 837//841
f 839//842 831//842 838//842
f 840//843 831//843 839//843
f 841//844 831//844 840//844
f 842//845 831//845 841//845
f 843//846 831//846 842//846
f 844//847 831//847 843//847
f 845//848 831//848 844//848
f 846//849 831//849 845//849
f 847//850 831//850 846//850
f 848//851 831//851 847//851
f 849//852 831//852 848//852
f 849//853 850//853 831//853
f 850//854 851//854 831//854
f 851//855 852//855 831//855
f 852//856 853//856 831//856
f 853//857 854//857 831//857
f 854//858 855//858 831//858
f 855//859 856//859 831//859
f 856//860 857//860 831//860
f 858//861 684//861 859//861
f 860//862 684//862 858//862
f 861//863 684//863 860//863
f 862//864 684//864 861//864
f 863//865 684//865 862//865
f 864//866 684//866 863//866
f 865//867 684//867 866//867
f 867//868 684//868 864//868
f 868//869 684//869 865//869
f 869//870 684//870 867//870
f 870//871 684//871 868//871
f 871//872 684//872 869//872
f 872//873 684//873 870//873
f 873//874 684//874 871//874
f 866//875 684//875 873//875
f 874//876 684//876 857//876
f 875//877 684//877 874//877
f 876//878 684//878 875//878
f 857//879 684//879 831//879
f 877//880 684//880 876//880
f 878//881 684//881 877//881
f 879//882 684//882 878//882
f 880//883 684//883 879//883
f 881//884 684//884 880//884
f 882//885 684//885 881//885
f 883//886 684//886 882//886
f 884//887 684//887 883//887
f 885//888 684//888 884//888
f 886//889 684//889 885//889
f 887//890 684//890 886//890
f 888//891 684//891 887//891
f 859//892 684//892 888//892
f 2//893 684//893 872//893
f 2//894 872//894 889//894
f 2//895 889//895 890//895
f 2//896 890//896 891//896
f 2//897 891//897 829//897
f 2//898 829//898 739//898
f 739//899 829//899 892//899
f 892//900 829//900 893//900
f 893//901 829//901 894//901
f 894//902 829//902 828//902
f 11//903 895//903 16//903
f 17//904 895//904 11//904
f 242//905 244//905 467//905
f 684//906 467//906 471//906
f 684//907 471//907 831//907
f 684//908 242//908 467//908
f 16//909 241//909 242//909
f 15//910 16//910 242//910
f 275//911 684//911 683//911
f 275//912 242//912 684//912
f 275//913 15//913 242//913
f 247//914 176//914 15//914
f 247//915 15//915 275//915
f 468//916 275//916 683//916
f 896//917 897//917 898//917
f 899//918 898//918 897//918
f 900//919 897//919 896//919
f 901//920 899//920 897//920
f 902//921 897//921 900//921
f 903//922 901//922 897//922
f 904//923 897//923 902//923
f 905//924 903//924 897//924
f 906//925 897//925 904//925
f 907//926 905//926 897//926
f 908//927 897//927 906//927
f 909//928 907//928 897//928
f 910//929 897//929 908//929
f 911//930 909//930 897//930
f 912//931 897//931 910//931
f 913//932 911//932 897//932
f 914//933 897//933 912//933
f 915//934 913//934 897//934
f 916//935 897//935 914//935
f 917//936 915//936 897//936
f 918//937 897//937 916//937
f 919//938 917//938 897//938
f 920//939 897//939 918//939
f 921//940 897//940 920//940
f 922//941 897//941 921//941
f 923//942 897//942 922//942
f 924//943 18//943 897//943
f 924//944 897//944 923//944
f 925//945 18//945 924//945
f 926//946 18//946 925//946
f 927//947 18//947 926//947
f 928//948 18//948 927//948
f 929//949 18//949 928//949
f 930//950 18//950 929//950
f 931//951 18//951 930//951
f 932//952 18//952 931//952
f 933//953 18//953 932//953
f 934//954 18//954 933//954
f 935//955 18//955 934//955
f 895//956 936//956 937//956
f 895//957 938//957 936//957
f 895//958 939//958 938//958
f 895//959 940//959 939//959
f 895//960 941//960 940//960
f 895//961 942//961 941//961
f 895//962 943//962 942//962
f 895//963 944//963 943//963
f 895//964 945//964 944//964
f 895//965 946//965 945//965
f 895//966 919//966 897//966
f 895//967 947//967 919//967
f 895//968 948//968 947//968
f 895//969 949//969 948//969
f 895//970 950//970 949//970
f 895//971 951//971 950//971
f 895//972 937//972 951//972
f 952//973 18//973 935//973
f 953//974 946//974 895//974
f 954//975 18//975 952//975
f 955//976 953//976 895//976
f 956//977 18//977 954//977
f 957//978 955//978 895//978
f 958//979 18//979 956//979
f 959//980 957//980 895//980
f 960//981 18//981 958//981
f 961//982 959//982 895//982
f 962//983 18//983 960//983
f 963//984 961//984 895//984
f 964//985 18//985 962//985
f 965//986 963//986 895//986
f 966//987 18//987 964//987
f 967//988 965//988 895//988
f 968//989 18//989 966//989
f 969//990 967//990 895//990
f 970//991 18//991 968//991
f 971//992 969//992 895//992
f 972//993 18//993 970//993
f 973//994 971//994 895//994
f 974//995 973//995 895//995
f 975//996 974//996 895//996
f 976//997 975//997 895//997
f 977//998 976//998 895//998
f 978//999 977//999 895//999
f 979//1000 978//1000 895//1000
f 980//1001 979//1001 895//1001
f 981//1002 980//1002 895//1002
f 982//1003 981//1003 895//1003
f 17//1004 983//1004 982//1004
f 17//1005 984//1005 983//1005
f 17//1006 985//1006 984//1006
f 17//1007 986//1007 985//1007
f 17//1008 987//1008 986//1008
f 17//1009 988//1009 987//1009
f 17//1010 989//1010 988//1010
f 17//1011 990//1011 989//1011
f 17//1012 991//1012 990//1012
f 17//1013 992//1013 991//1013
f 17//1014 993//1014 992//1014
f 17//1015 994//1015 993//1015
f 17//1016 995//1016 994//1016
f 17//1017 996//1017 995//1017
f 17//1018 997//1018 996//1018
f 17//1019 998//1019 997//1019
f 17//1020 999//1020 998//1020
f 17//1021 1000//1021 999//1021
f 17//1022 1001//1022 1000//1022
f 17//1023 982//1023 895//1023
f 17//1024 1002//1024 1001//1024
f 17//1025 1003//1025 1002//1025
f 17//1026 1004//1026 1003//1026
f 17//1027 1005//1027 1004//1027
f 17//1028 1006//1028 1005//1028
f 17//1029 1007//1029 1006//1029
f 17//1030 1008//1030 1007//1030
f 17//1031 1009//1031 1008//1031
f 17//1032 1010//1032 1009//1032
f 17//1033 1011//1033 1010//1033
f 17//1034 1012//1034 1011//1034
f 17//1035 1013//1035 1012//1035
f 17//1036 1014//1036 1013//1036
f 17//1037 1015//1037 1014//1037
f 17//1038 1016//1038 1015//1038
f 17//1039 18//1039 1016//1039
f 1016//1040 18//1040 1017//1040
f 1017//1041 18//1041 1018//1041
f 1018//1042 18//1042 1019//1042
f 1019//1043 18//1043 1020//1043
f 1020//1044 18//1044 1021//1044
f 1021//1045 18//1045 1022//1045
f 1022//1046 18//1046 972//1046
f 12//1047 241//1047 897//1047
f 12//1048 897//1048 18//1048
f 176//1049 247//1049 259//1049
f 176//1050 259//1050 197//1050
f 106//1051 102//1051 332//1051
f 332//1052 102//1052 328//1052
f 328//1053 98//1053 324//1053
f 102//1054 98//1054 328//1054
f 324//1055 94//1055 320//1055
f 98//1056 94//1056 324//1056
f 320//1057 90//1057 316//1057
f 94//1058 90//1058 320//1058
f 316//1059 86//1059 312//1059
f 90//1060 86//1060 316//1060
f 312//1061 82//1061 308//1061
f 86//1062 82//1062 312//1062
f 308//1063 80//1063 306//1063
f 82//1064 80//1064 308//1064
f 306//1065 85//1065 310//1065
f 80//1066 85//1066 306//1066
f 310//1067 89//1067 313//1067
f 85//1068 89//1068 310//1068
f 313//1069 93//1069 317//1069
f 89//1070 93//1070 313//1070
f 317//1071 97//1071 321//1071
f 93//1072 97//1072 317//1072
f 321//1073 101//1073 326//1073
f 97//1074 101//1074 321//1074
f 326//1075 104//1075 329//1075
f 101//1076 104//1076 326//1076
f 329//1077 109//1077 333//1077
f 104//1078 109//1078 329//1078
f 333//1079 111//1079 336//1079
f 109//1080 111//1080 333//1080
f 336//1081 113//1081 339//1081
f 111//1082 113//1082 336//1082
f 339//1083 115//1083 341//1083
f 113//1084 115//1084 339//1084
f 341//1085 117//1085 344//1085
f 115//1086 117//1086 341//1086
f 344//1087 119//1087 345//1087
f 117//1088 119//1088 344//1088
f 119//1089 121//1089 345//1089
f 345//1090 121//1090 347//1090
f 121//1091 124//1091 347//1091
f 347//1092 124//1092 349//1092
f 124//1093 126//1093 349//1093
f 349//1094 126//1094 351//1094
f 126//1095 128//1095 351//1095
f 351//1096 128//1096 353//1096
f 128//1097 130//1097 353//1097
f 353//1098 130//1098 355//1098
f 130//1099 131//1099 355//1099
f 355//1100 131//1100 358//1100
f 131//1101 133//1101 358//1101
f 358//1102 133//1102 360//1102
f 133//1103 135//1103 360//1103
f 360//1104 135//1104 361//1104
f 135//1105 137//1105 361//1105
f 361//1106 137//1106 363//1106
f 137//1107 139//1107 363//1107
f 363//1108 139//1108 366//1108
f 366//1109 141//1109 367//1109
f 139//1110 141//1110 366//1110
f 367//1111 143//1111 370//1111
f 141//1112 143//1112 367//1112
f 370//1113 145//1113 372//1113
f 143//1114 145//1114 370//1114
f 372//1115 147//1115 374//1115
f 145//1116 147//1116 372//1116
f 374//1117 149//1117 376//1117
f 147//1118 149//1118 374//1118
f 376//1119 151//1119 378//1119
f 149//1120 151//1120 376//1120
f 378//1121 153//1121 379//1121
f 151//1122 153//1122 378//1122
f 379//1123 155//1123 382//1123
f 153//1124 155//1124 379//1124
f 382//1125 157//1125 383//1125
f 155//1126 157//1126 382//1126
f 383//1127 159//1127 386//1127
f 157//1128 159//1128 383//1128
f 386//1129 161//1129 387//1129
f 387//1130 161//1130 389//1130
f 159//1131 161//1131 386//1131
f 161//1132 163//1132 389//1132
f 389//1133 165//1133 391//1133
f 163//1134 165//1134 389//1134
f 391//1135 167//1135 393//1135
f 165//1136 167//1136 391//1136
f 393//1137 169//1137 395//1137
f 167//1138 169//1138 393//1138
f 395//1139 172//1139 397//1139
f 169//1140 172//1140 395//1140
f 172//1141 173//1141 397//1141
f 397//1142 173//1142 399//1142
f 173//1143 240//1143 399//1143
f 399//1144 240//1144 466//1144
f 466//1145 240//1145 465//1145
f 240//1146 239//1146 465//1146
f 239//1147 238//1147 465//1147
f 465//1148 238//1148 464//1148
f 238//1149 204//1149 464//1149
f 464//1150 204//1150 305//1150
f 305//1151 204//1151 304//1151
f 204//1152 205//1152 304//1152
f 205//1153 206//1153 304//1153
f 304//1154 206//1154 303//1154
f 303//1155 206//1155 302//1155
f 206//1156 207//1156 302//1156
f 207//1157 208//1157 302//1157
f 302//1158 208//1158 301//1158
f 301//1159 208//1159 300//1159
f 208//1160 209//1160 300//1160
f 209//1161 210//1161 300//1161
f 300//1162 210//1162 299//1162
f 299//1163 210//1163 298//1163
f 210//1164 211//1164 298//1164
f 211//1165 212//1165 298//1165
f 298//1166 212//1166 297//1166
f 297//1167 212//1167 296//1167
f 212//1168 213//1168 296//1168
f 296//1169 213//1169 295//1169
f 213//1170 214//1170 295//1170
f 295//1171 214//1171 294//1171
f 214//1172 215//1172 294//1172
f 294//1173 215//1173 293//1173
f 215//1174 216//1174 293//1174
f 216//1175 217//1175 293//1175
f 293//1176 217//1176 292//1176
f 292//1177 217//1177 291//1177
f 291//1178 218//1178 290//1178
f 217//1179 218//1179 291//1179
f 290//1180 219//1180 289//1180
f 218//1181 219//1181 290//1181
f 219//1182 220//1182 289//1182
f 289//1183 221//1183 288//1183
f 288//1184 221//1184 287//1184
f 220//1185 221//1185 289//1185
f 287//1186 222//1186 276//1186
f 221//1187 222//1187 287//1187
f 276//1188 223//1188 274//1188
f 222//1189 223//1189 276//1189
f 223//1190 224//1190 274//1190
f 224//1191 225//1191 274//1191
f 274//1192 225//1192 277//1192
f 277//1193 225//1193 278//1193
f 225//1194 226//1194 278//1194
f 278//1195 226//1195 279//1195
f 226//1196 227//1196 279//1196
f 279//1197 227//1197 280//1197
f 227//1198 228//1198 280//1198
f 228//1199 229//1199 280//1199
f 280//1200 229//1200 281//1200
f 229//1201 230//1201 281//1201
f 281//1202 230//1202 282//1202
f 230//1203 231//1203 282//1203
f 282//1204 231//1204 283//1204
f 283//1205 231//1205 284//1205
f 231//1206 232//1206 284//1206
f 284//1207 232//1207 285//1207
f 232//1208 233//1208 285//1208
f 285//1209 233//1209 286//1209
f 233//1210 234//1210 286//1210
f 286//1211 234//1211 273//1211
f 234//1212 203//1212 273//1212
f 203//1213 202//1213 273//1213
f 273//1214 202//1214 272//1214
f 272//1215 202//1215 271//1215
f 202//1216 201//1216 271//1216
f 271//1217 201//1217 270//1217
f 201//1218 200//1218 270//1218
f 270//1219 200//1219 269//1219
f 200//1220 199//1220 269//1220
f 199//1221 198//1221 269//1221
f 269//1222 198//1222 268//1222
f 268//1223 198//1223 267//1223
f 198//1224 175//1224 267//1224
f 267//1225 175//1225 266//1225
f 175//1226 177//1226 266//1226
f 177//1227 178//1227 266//1227
f 266//1228 178//1228 265//1228
f 265//1229 178//1229 264//1229
f 178//1230 179//1230 264//1230
f 264//1231 179//1231 263//1231
f 179//1232 180//1232 263//1232
f 263//1233 180//1233 262//1233
f 262//1234 181//1234 261//1234
f 180//1235 181//1235 262//1235
f 261//1236 182//1236 260//1236
f 181//1237 182//1237 261//1237
f 182//1238 183//1238 260//1238
f 260//1239 184//1239 258//1239
f 258//1240 184//1240 256//1240
f 183//1241 184//1241 260//1241
f 256//1242 185//1242 254//1242
f 184//1243 185//1243 256//1243
f 185//1244 186//1244 254//1244
f 254//1245 187//1245 252//1245
f 252//1246 187//1246 250//1246
f 186//1247 187//1247 254//1247
f 187//1248 188//1248 250//1248
f 250//1249 189//1249 248//1249
f 188//1250 189//1250 250//1250
f 248//1251 190//1251 245//1251
f 245//1252 190//1252 246//1252
f 189//1253 190//1253 248//1253
f 246//1254 191//1254 249//1254
f 190//1255 191//1255 246//1255
f 249//1256 192//1256 251//1256
f 191//1257 192//1257 249//1257
f 251//1258 193//1258 253//1258
f 192//1259 193//1259 251//1259
f 193//1260 194//1260 253//1260
f 253//1261 195//1261 255//1261
f 194//1262 195//1262 253//1262
f 255//1263 196//1263 257//1263
f 195//1264 196//1264 255//1264
f 257//1265 197//1265 259//1265
f 196//1266 197//1266 257//1266
f 332//1267 338//1267 108//1267
f 106//1268 332//1268 108//1268
f 35//1269 33//1269 243//1269
f 243//1270 33//1270 402//1270
f 402//1271 31//1271 403//1271
f 33//1272 31//1272 402//1272
f 403//1273 29//1273 404//1273
f 31//1274 29//1274 403//1274
f 404//1275 27//1275 405//1275
f 29//1276 27//1276 404//1276
f 405//1277 25//1277 406//1277
f 27//1278 25//1278 405//1278
f 406//1279 23//1279 407//1279
f 25//1280 23//1280 406//1280
f 407//1281 21//1281 408//1281
f 23//1282 21//1282 407//1282
f 408//1283 20//1283 409//1283
f 21//1284 20//1284 408//1284
f 409//1285 19//1285 410//1285
f 20//1286 19//1286 409//1286
f 410//1287 22//1287 411//1287
f 19//1288 22//1288 410//1288
f 411//1289 24//1289 412//1289
f 22//1290 24//1290 411//1290
f 412//1291 26//1291 413//1291
f 24//1292 26//1292 412//1292
f 413//1293 28//1293 414//1293
f 26//1294 28//1294 413//1294
f 414//1295 30//1295 415//1295
f 28//1296 30//1296 414//1296
f 415//1297 32//1297 416//1297
f 30//1298 32//1298 415//1298
f 416//1299 34//1299 417//1299
f 32//1300 34//1300 416//1300
f 417//1301 36//1301 418//1301
f 34//1302 36//1302 417//1302
f 418//1303 37//1303 419//1303
f 36//1304 37//1304 418//1304
f 37//1305 38//1305 419//1305
f 419//1306 38//1306 420//1306
f 38//1307 39//1307 420//1307
f 420//1308 39//1308 421//1308
f 39//1309 40//1309 421//1309
f 421//1310 40//1310 422//1310
f 40//1311 41//1311 422//1311
f 422//1312 41//1312 423//1312
f 41//1313 42//1313 423//1313
f 423//1314 42//1314 424//1314
f 42//1315 43//1315 424//1315
f 424//1316 43//1316 425//1316
f 43//1317 44//1317 425//1317
f 425//1318 44//1318 426//1318
f 44//1319 45//1319 426//1319
f 426//1320 45//1320 427//1320
f 45//1321 46//1321 427//1321
f 427//1322 46//1322 428//1322
f 46//1323 47//1323 428//1323
f 428//1324 47//1324 429//1324
f 429//1325 48//1325 430//1325
f 47//1326 48//1326 429//1326
f 430//1327 49//1327 431//1327
f 48//1328 49//1328 430//1328
f 431//1329 50//1329 432//1329
f 49//1330 50//1330 431//1330
f 432//1331 51//1331 433//1331
f 50//1332 51//1332 432//1332
f 433//1333 52//1333 434//1333
f 51//1334 52//1334 433//1334
f 434//1335 53//1335 435//1335
f 52//1336 53//1336 434//1336
f 435//1337 54//1337 436//1337
f 53//1338 54//1338 435//1338
f 436//1339 55//1339 437//1339
f 54//1340 55//1340 436//1340
f 437//1341 56//1341 438//1341
f 55//1342 56//1342 437//1342
f 438//1343 57//1343 439//1343
f 56//1344 57//1344 438//1344
f 439//1345 58//1345 440//1345
f 57//1346 58//1346 439//1346
f 440//1347 59//1347 441//1347
f 58//1348 59//1348 440//1348
f 441//1349 60//1349 442//1349
f 59//1350 60//1350 441//1350
f 442//1351 61//1351 443//1351
f 60//1352 61//1352 442//1352
f 443//1353 62//1353 444//1353
f 61//1354 62//1354 443//1354
f 62//1355 63//1355 444//1355
f 444//1356 63//1356 445//1356
f 63//1357 64//1357 445//1357
f 445//1358 64//1358 446//1358
f 64//1359 65//1359 446//1359
f 446//1360 65//1360 447//1360
f 65//1361 66//1361 447//1361
f 447//1362 66//1362 448//1362
f 66//1363 67//1363 448//1363
f 448//1364 67//1364 449//1364
f 67//1365 68//1365 449//1365
f 449//1366 68//1366 450//1366
f 68//1367 69//1367 450//1367
f 450//1368 69//1368 451//1368
f 69//1369 70//1369 451//1369
f 451//1370 70//1370 452//1370
f 70//1371 71//1371 452//1371
f 452//1372 71//1372 453//1372
f 71//1373 72//1373 453//1373
f 453//1374 72//1374 454//1374
f 72//1375 73//1375 454//1375
f 454//1376 73//1376 455//1376
f 73//1377 74//1377 455//1377
f 455//1378 74//1378 456//1378
f 74//1379 75//1379 456//1379
f 456//1380 75//1380 457//1380
f 457//1381 75//1381 458//1381
f 75//1382 76//1382 458//1382
f 458//1383 76//1383 459//1383
f 76//1384 77//1384 459//1384
f 77//1385 78//1385 459//1385
f 459//1386 78//1386 460//1386
f 78//1387 235//1387 460//1387
f 460//1388 235//1388 461//1388
f 461//1389 235//1389 462//1389
f 235//1390 236//1390 462//1390
f 462//1391 236//1391 463//1391
f 463//1392 237//1392 401//1392
f 236//1393 237//1393 463//1393
f 401//1394 174//1394 400//1394
f 237//1395 174//1395 401//1395
f 174//1396 171//1396 400//1396
f 400//1397 170//1397 398//1397
f 398//1398 170//1398 396//1398
f 171//1399 170//1399 400//1399
f 396//1400 168//1400 394//1400
f 170//1401 168//1401 396//1401
f 394//1402 166//1402 392//1402
f 168//1403 166//1403 394//1403
f 166//1404 164//1404 392//1404
f 164//1405 162//1405 392//1405
f 392//1406 162//1406 390//1406
f 390//1407 162//1407 388//1407
f 162//1408 160//1408 388//1408
f 388//1409 160//1409 385//1409
f 160//1410 158//1410 385//1410
f 385//1411 158//1411 384//1411
f 158//1412 156//1412 384//1412
f 384//1413 156//1413 381//1413
f 156//1414 154//1414 381//1414
f 381//1415 154//1415 380//1415
f 154//1416 152//1416 380//1416
f 380//1417 152//1417 377//1417
f 152//1418 150//1418 377//1418
f 377//1419 150//1419 375//1419
f 150//1420 148//1420 375//1420
f 375//1421 148//1421 373//1421
f 148//1422 146//1422 373//1422
f 373//1423 146//1423 371//1423
f 146//1424 144//1424 371//1424
f 371//1425 144//1425 369//1425
f 144//1426 142//1426 369//1426
f 369//1427 142//1427 368//1427
f 142//1428 140//1428 368//1428
f 368//1429 140//1429 365//1429
f 140//1430 138//1430 365//1430
f 365//1431 138//1431 364//1431
f 138//1432 136//1432 364//1432
f 364//1433 136//1433 362//1433
f 136//1434 134//1434 362//1434
f 362//1435 134//1435 359//1435
f 134//1436 132//1436 359//1436
f 359//1437 132//1437 357//1437
f 132//1438 129//1438 357//1438
f 357//1439 129//1439 356//1439
f 129//1440 127//1440 356//1440
f 356//1441 127//1441 354//1441
f 127//1442 125//1442 354//1442
f 354//1443 125//1443 352//1443
f 125//1444 123//1444 352//1444
f 352//1445 123//1445 350//1445
f 350//1446 122//1446 348//1446
f 123//1447 122//1447 350//1447
f 348//1448 120//1448 346//1448
f 122//1449 120//1449 348//1449
f 346//1450 118//1450 343//1450
f 120//1451 118//1451 346//1451
f 343//1452 116//1452 342//1452
f 118//1453 116//1453 343//1453
f 342//1454 114//1454 340//1454
f 116//1455 114//1455 342//1455
f 340//1456 112//1456 337//1456
f 114//1457 112//1457 340//1457
f 337//1458 110//1458 334//1458
f 112//1459 110//1459 337//1459
f 110//1460 105//1460 334//1460
f 334//1461 105//1461 330//1461
f 330//1462 100//1462 325//1462
f 105//1463 100//1463 330//1463
f 325//1464 96//1464 322//1464
f 100//1465 96//1465 325//1465
f 322//1466 92//1466 318//1466
f 96//1467 92//1467 322//1467
f 318//1468 88//1468 314//1468
f 92//1469 88//1469 318//1469
f 314//1470 84//1470 309//1470
f 88//1471 84//1471 314//1471
f 309//1472 79//1472 307//1472
f 84//1473 79//1473 309//1473
f 307//1474 81//1474 311//1474
f 79//1475 81//1475 307//1475
f 311//1476 83//1476 315//1476
f 81//1477 83//1477 311//1477
f 315//1478 87//1478 319//1478
f 83//1479 87//1479 315//1479
f 319//1480 91//1480 323//1480
f 87//1481 91//1481 319//1481
f 323//1482 95//1482 327//1482
f 91//1483 95//1483 323//1483
f 327//1484 99//1484 331//1484
f 95//1485 99//1485 327//1485
f 331//1486 103//1486 335//1486
f 99//1487 103//1487 331//1487
f 335//1488 107//1488 338//1488
f 103//1489 107//1489 335//1489
f 107//1490 108//1490 338//1490
f 1023//1491 681//1491 468//1491
f 468//1492 681//1492 8//1492
f 543//1493 539//1493 756//1493
f 756//1494 539//1494 752//1494
f 752//1495 535//1495 748//1495
f 539//1496 535//1496 752//1496
f 748//1497 531//1497 744//1497
f 535//1498 531//1498 748//1498
f 744//1499 529//1499 742//1499
f 531//1500 529//1500 744//1500
f 742//1501 534//1501 740//1501
f 529//1502 534//1502 742//1502
f 740//1503 537//1503 745//1503
f 534//1504 537//1504 740//1504
f 745//1505 542//1505 750//1505
f 537//1506 542//1506 745//1506
f 750//1507 546//1507 753//1507
f 542//1508 546//1508 750//1508
f 753//1509 548//1509 758//1509
f 546//1510 548//1510 753//1510
f 758//1511 550//1511 760//1511
f 548//1512 550//1512 758//1512
f 760//1513 552//1513 764//1513
f 550//1514 552//1514 760//1514
f 764//1515 554//1515 766//1515
f 552//1516 554//1516 764//1516
f 766//1517 556//1517 768//1517
f 554//1518 556//1518 766//1518
f 768//1519 558//1519 770//1519
f 556//1520 558//1520 768//1520
f 770//1521 560//1521 772//1521
f 558//1522 560//1522 770//1522
f 772//1523 562//1523 774//1523
f 560//1524 562//1524 772//1524
f 774//1525 564//1525 776//1525
f 562//1526 564//1526 774//1526
f 776//1527 566//1527 778//1527
f 564//1528 566//1528 776//1528
f 778//1529 568//1529 780//1529
f 566//1530 568//1530 778//1530
f 780//1531 570//1531 782//1531
f 568//1532 570//1532 780//1532
f 782//1533 572//1533 784//1533
f 570//1534 572//1534 782//1534
f 784//1535 574//1535 786//1535
f 572//1536 574//1536 784//1536
f 574//1537 576//1537 786//1537
f 786//1538 576//1538 787//1538
f 576//1539 578//1539 787//1539
f 787//1540 578//1540 790//1540
f 578//1541 580//1541 790//1541
f 790//1542 580//1542 792//1542
f 580//1543 583//1543 792//1543
f 792//1544 583//1544 794//1544
f 583//1545 585//1545 794//1545
f 794//1546 585//1546 796//1546
f 585//1547 587//1547 796//1547
f 796//1548 587//1548 798//1548
f 587//1549 589//1549 798//1549
f 798//1550 589//1550 800//1550
f 589//1551 591//1551 800//1551
f 800//1552 591//1552 802//1552
f 802//1553 593//1553 804//1553
f 591//1554 593//1554 802//1554
f 804//1555 595//1555 806//1555
f 593//1556 595//1556 804//1556
f 806//1557 596//1557 808//1557
f 595//1558 596//1558 806//1558
f 808//1559 598//1559 810//1559
f 810//1560 598//1560 812//1560
f 596//1561 598//1561 808//1561
f 598//1562 600//1562 812//1562
f 812//1563 600//1563 814//1563
f 814//1564 602//1564 815//1564
f 600//1565 602//1565 814//1565
f 815//1566 604//1566 817//1566
f 602//1567 604//1567 815//1567
f 817//1568 606//1568 820//1568
f 604//1569 606//1569 817//1569
f 820//1570 608//1570 822//1570
f 606//1571 608//1571 820//1571
f 608//1572 610//1572 822//1572
f 822//1573 612//1573 824//1573
f 824//1574 612//1574 826//1574
f 610//1575 612//1575 822//1575
f 826//1576 614//1576 828//1576
f 612//1577 614//1577 826//1577
f 828//1578 616//1578 894//1578
f 614//1579 616//1579 828//1579
f 894//1580 679//1580 893//1580
f 616//1581 679//1581 894//1581
f 893//1582 678//1582 892//1582
f 679//1583 678//1583 893//1583
f 678//1584 677//1584 892//1584
f 892//1585 643//1585 739//1585
f 739//1586 643//1586 738//1586
f 677//1587 643//1587 892//1587
f 738//1588 644//1588 737//1588
f 643//1589 644//1589 738//1589
f 644//1590 645//1590 737//1590
f 737//1591 645//1591 736//1591
f 645//1592 646//1592 736//1592
f 646//1593 647//1593 736//1593
f 736//1594 647//1594 735//1594
f 647//1595 648//1595 735//1595
f 735//1596 648//1596 734//1596
f 734//1597 648//1597 733//1597
f 648//1598 649//1598 733//1598
f 649//1599 650//1599 733//1599
f 733//1600 650//1600 732//1600
f 732//1601 650//1601 731//1601
f 650//1602 651//1602 731//1602
f 651//1603 652//1603 731//1603
f 731//1604 652//1604 730//1604
f 730//1605 652//1605 729//1605
f 652//1606 653//1606 729//1606
f 729//1607 653//1607 728//1607
f 653//1608 654//1608 728//1608
f 654//1609 655//1609 728//1609
f 728//1610 655//1610 727//1610
f 655//1611 656//1611 727//1611
f 727//1612 656//1612 726//1612
f 656//1613 657//1613 726//1613
f 726//1614 657//1614 725//1614
f 725//1615 657//1615 724//1615
f 657//1616 658//1616 724//1616
f 658//1617 659//1617 724//1617
f 724//1618 659//1618 723//1618
f 659//1619 660//1619 723//1619
f 723//1620 660//1620 722//1620
f 722//1621 660//1621 721//1621
f 721//1622 661//1622 710//1622
f 660//1623 661//1623 721//1623
f 661//1624 662//1624 710//1624
f 710//1625 663//1625 709//1625
f 709//1626 663//1626 711//1626
f 662//1627 663//1627 710//1627
f 663//1628 664//1628 711//1628
f 711//1629 665//1629 712//1629
f 712//1630 665//1630 713//1630
f 664//1631 665//1631 711//1631
f 665//1632 666//1632 713//1632
f 713//1633 667//1633 714//1633
f 666//1634 667//1634 713//1634
f 714//1635 668//1635 715//1635
f 667//1636 668//1636 714//1636
f 715//1637 669//1637 716//1637
f 716//1638 669//1638 717//1638
f 668//1639 669//1639 715//1639
f 669//1640 670//1640 717//1640
f 670//1641 671//1641 717//1641
f 717//1642 671//1642 718//1642
f 718//1643 671//1643 719//1643
f 671//1644 672//1644 719//1644
f 719//1645 672//1645 720//1645
f 672//1646 673//1646 720//1646
f 720//1647 673//1647 708//1647
f 673//1648 642//1648 708//1648
f 642//1649 641//1649 708//1649
f 708//1650 641//1650 707//1650
f 707//1651 641//1651 706//1651
f 641//1652 640//1652 706//1652
f 640//1653 639//1653 706//1653
f 706//1654 639//1654 705//1654
f 705//1655 639//1655 704//1655
f 639//1656 630//1656 704//1656
f 630//1657 631//1657 704//1657
f 704//1658 631//1658 703//1658
f 631//1659 632//1659 703//1659
f 703//1660 632//1660 702//1660
f 702//1661 632//1661 701//1661
f 632//1662 633//1662 701//1662
f 701//1663 633//1663 700//1663
f 633//1664 634//1664 700//1664
f 700//1665 634//1665 699//1665
f 634//1666 635//1666 699//1666
f 635//1667 636//1667 699//1667
f 699//1668 636//1668 698//1668
f 636//1669 637//1669 698//1669
f 698//1670 637//1670 697//1670
f 697//1671 637//1671 696//1671
f 637//1672 638//1672 696//1672
f 696//1673 638//1673 695//1673
f 638//1674 618//1674 695//1674
f 618//1675 619//1675 695//1675
f 695//1676 619//1676 694//1676
f 619//1677 620//1677 694//1677
f 694//1678 620//1678 693//1678
f 620//1679 621//1679 693//1679
f 693//1680 621//1680 692//1680
f 692//1681 621//1681 691//1681
f 621//1682 622//1682 691//1682
f 691//1683 622//1683 689//1683
f 622//1684 623//1684 689//1684
f 687//1685 624//1685 685//1685
f 623//1686 624//1686 689//1686
f 689//1687 624//1687 687//1687
f 624//1688 625//1688 685//1688
f 685//1689 626//1689 686//1689
f 686//1690 626//1690 688//1690
f 625//1691 626//1691 685//1691
f 688//1692 627//1692 690//1692
f 626//1693 627//1693 688//1693
f 627//1694 628//1694 690//1694
f 690//1695 629//1695 682//1695
f 628//1696 629//1696 690//1696
f 762//1697 545//1697 756//1697
f 756//1698 545//1698 543//1698
f 481//1699 479//1699 832//1699
f 832//1700 479//1700 830//1700
f 830//1701 477//1701 833//1701
f 479//1702 477//1702 830//1702
f 833//1703 475//1703 834//1703
f 477//1704 475//1704 833//1704
f 834//1705 473//1705 835//1705
f 475//1706 473//1706 834//1706
f 835//1707 470//1707 836//1707
f 473//1708 470//1708 835//1708
f 836//1709 469//1709 837//1709
f 470//1710 469//1710 836//1710
f 837//1711 472//1711 838//1711
f 469//1712 472//1712 837//1712
f 838//1713 474//1713 839//1713
f 472//1714 474//1714 838//1714
f 839//1715 476//1715 840//1715
f 474//1716 476//1716 839//1716
f 840//1717 478//1717 841//1717
f 476//1718 478//1718 840//1718
f 841//1719 480//1719 842//1719
f 478//1720 480//1720 841//1720
f 842//1721 482//1721 843//1721
f 480//1722 482//1722 842//1722
f 843//1723 483//1723 844//1723
f 482//1724 483//1724 843//1724
f 844//1725 484//1725 845//1725
f 483//1726 484//1726 844//1726
f 845//1727 485//1727 846//1727
f 484//1728 485//1728 845//1728
f 846//1729 486//1729 847//1729
f 485//1730 486//1730 846//1730
f 847//1731 487//1731 848//1731
f 486//1732 487//1732 847//1732
f 848//1733 488//1733 849//1733
f 487//1734 488//1734 848//1734
f 849//1735 489//1735 850//1735
f 488//1736 489//1736 849//1736
f 850//1737 490//1737 851//1737
f 489//1738 490//1738 850//1738
f 490//1739 491//1739 851//1739
f 851//1740 491//1740 852//1740
f 491//1741 492//1741 852//1741
f 852//1742 492//1742 853//1742
f 492//1743 493//1743 853//1743
f 853//1744 493//1744 854//1744
f 493//1745 494//1745 854//1745
f 854//1746 494//1746 855//1746
f 494//1747 495//1747 855//1747
f 855//1748 495//1748 856//1748
f 495//1749 496//1749 856//1749
f 856//1750 496//1750 857//1750
f 496//1751 497//1751 857//1751
f 857//1752 497//1752 874//1752
f 497//1753 498//1753 874//1753
f 874//1754 498//1754 875//1754
f 498//1755 499//1755 875//1755
f 875//1756 499//1756 876//1756
f 499//1757 500//1757 876//1757
f 876//1758 500//1758 877//1758
f 877//1759 501//1759 878//1759
f 500//1760 501//1760 877//1760
f 878//1761 502//1761 879//1761
f 501//1762 502//1762 878//1762
f 879//1763 503//1763 880//1763
f 502//1764 503//1764 879//1764
f 880//1765 504//1765 881//1765
f 503//1766 504//1766 880//1766
f 881//1767 505//1767 882//1767
f 504//1768 505//1768 881//1768
f 882//1769 506//1769 883//1769
f 505//1770 506//1770 882//1770
f 883//1771 507//1771 884//1771
f 506//1772 507//1772 883//1772
f 884//1773 508//1773 885//1773
f 507//1774 508//1774 884//1774
f 885//1775 509//1775 886//1775
f 508//1776 509//1776 885//1776
f 886//1777 510//1777 887//1777
f 509//1778 510//1778 886//1778
f 887//1779 511//1779 888//1779
f 510//1780 511//1780 887//1780
f 888//1781 512//1781 859//1781
f 511//1782 512//1782 888//1782
f 859//1783 513//1783 858//1783
f 512//1784 513//1784 859//1784
f 858//1785 514//1785 860//1785
f 513//1786 514//1786 858//1786
f 860//1787 515//1787 861//1787
f 514//1788 515//1788 860//1788
f 861//1789 516//1789 862//1789
f 515//1790 516//1790 861//1790
f 516//1791 517//1791 862//1791
f 862//1792 517//1792 863//1792
f 517//1793 518//1793 863//1793
f 863//1794 518//1794 864//1794
f 518//1795 519//1795 864//1795
f 864//1796 519//1796 867//1796
f 519//1797 520//1797 867//1797
f 867//1798 520//1798 869//1798
f 520//1799 521//1799 869//1799
f 869//1800 521//1800 871//1800
f 521//1801 522//1801 871//1801
f 871//1802 522//1802 873//1802
f 522//1803 523//1803 873//1803
f 873//1804 523//1804 866//1804
f 523//1805 524//1805 866//1805
f 866//1806 524//1806 865//1806
f 524//1807 525//1807 865//1807
f 865//1808 525//1808 868//1808
f 525//1809 526//1809 868//1809
f 868//1810 526//1810 870//1810
f 526//1811 527//1811 870//1811
f 870//1812 527//1812 872//1812
f 872//1813 527//1813 889//1813
f 527//1814 674//1814 889//1814
f 889//1815 674//1815 890//1815
f 674//1816 675//1816 890//1816
f 890//1817 675//1817 891//1817
f 675//1818 676//1818 891//1818
f 891//1819 676//1819 829//1819
f 676//1820 617//1820 829//1820
f 617//1821 615//1821 829//1821
f 829//1822 615//1822 827//1822
f 615//1823 613//1823 827//1823
f 827//1824 613//1824 825//1824
f 825//1825 613//1825 823//1825
f 613//1826 611//1826 823//1826
f 823//1827 609//1827 821//1827
f 821//1828 609//1828 819//1828
f 611//1829 609//1829 823//1829
f 819//1830 607//1830 818//1830
f 609//1831 607//1831 819//1831
f 607//1832 605//1832 818//1832
f 818//1833 603//1833 816//1833
f 816//1834 603//1834 813//1834
f 605//1835 603//1835 818//1835
f 813//1836 601//1836 811//1836
f 603//1837 601//1837 813//1837
f 811//1838 599//1838 809//1838
f 601//1839 599//1839 811//1839
f 809//1840 597//1840 807//1840
f 599//1841 597//1841 809//1841
f 597//1842 594//1842 807//1842
f 807//1843 594//1843 805//1843
f 594//1844 592//1844 805//1844
f 592//1845 590//1845 805//1845
f 805//1846 590//1846 803//1846
f 803//1847 590//1847 801//1847
f 590//1848 588//1848 801//1848
f 588//1849 586//1849 801//1849
f 801//1850 586//1850 799//1850
f 799//1851 586//1851 797//1851
f 586//1852 584//1852 797//1852
f 584//1853 582//1853 797//1853
f 797//1854 582//1854 795//1854
f 795//1855 582//1855 793//1855
f 582//1856 581//1856 793//1856
f 581//1857 579//1857 793//1857
f 793//1858 579//1858 791//1858
f 579//1859 577//1859 791//1859
f 791//1860 577//1860 789//1860
f 789//1861 577//1861 788//1861
f 577//1862 575//1862 788//1862
f 788//1863 575//1863 785//1863
f 575//1864 573//1864 785//1864
f 573//1865 571//1865 785//1865
f 785//1866 571//1866 783//1866
f 783//1867 571//1867 781//1867
f 571//1868 569//1868 781//1868
f 781//1869 569//1869 779//1869
f 569//1870 567//1870 779//1870
f 779//1871 567//1871 777//1871
f 567//1872 565//1872 777//1872
f 777//1873 565//1873 775//1873
f 565//1874 563//1874 775//1874
f 775//1875 563//1875 773//1875
f 563//1876 561//1876 773//1876
f 561//1877 559//1877 773//1877
f 773//1878 559//1878 771//1878
f 771//1879 559//1879 769//1879
f 559//1880 557//1880 769//1880
f 557//1881 555//1881 769//1881
f 769//1882 555//1882 767//1882
f 767//1883 555//1883 765//1883
f 555//1884 553//1884 765//1884
f 765//1885 551//1885 763//1885
f 553//1886 551//1886 765//1886
f 763//1887 549//1887 761//1887
f 761//1888 549//1888 757//1888
f 551//1889 549//1889 763//1889
f 757//1890 547//1890 754//1890
f 549//1891 547//1891 757//1891
f 547//1892 541//1892 754//1892
f 754//1893 538//1893 749//1893
f 749//1894 538//1894 746//1894
f 541//1895 538//1895 754//1895
f 746//1896 533//1896 741//1896
f 538//1897 533//1897 746//1897
f 533//1898 528//1898 741//1898
f 741//1899 530//1899 743//1899
f 528//1900 530//1900 741//1900
f 743//1901 532//1901 747//1901
f 530//1902 532//1902 743//1902
f 747//1903 536//1903 751//1903
f 751//1904 536//1904 755//1904
f 532//1905 536//1905 747//1905
f 755//1906 540//1906 759//1906
f 536//1907 540//1907 755//1907
f 759//1908 544//1908 762//1908
f 540//1909 544//1909 759//1909
f 544//1910 545//1910 762//1910
f 831//1911 471//1911 832//1911
f 832//1912 471//1912 481//1912
f 1024//1913 681//1913 1023//1913
f 680//1914 681//1914 1024//1914
f 1024//1915 9//1915 680//1915
f 683//1916 9//1916 1024//1916
f 895//1917 897//1917 241//1917
f 895//1918 241//1918 16//1918
f 1023//1919 683//1919 1024//1919
f 468//1920 683//1920 1023//1920
f 982//1921 983//1921 1025//1921
f 1025//1922 983//1922 1026//1922
f 1026//1923 984//1923 1027//1923
f 983//1924 984//1924 1026//1924
f 1027//1925 985//1925 1028//1925
f 984//1926 985//1926 1027//1926
f 1028//1927 986//1927 1029//1927
f 985//1928 986//1928 1028//1928
f 1029//1929 987//1929 1030//1929
f 986//1930 987//1930 1029//1930
f 1030//1931 988//1931 1031//1931
f 987//1932 988//1932 1030//1932
f 1031//1933 989//1933 1032//1933
f 988//1934 989//1934 1031//1934
f 1032//1935 990//1935 1033//1935
f 989//1936 990//1936 1032//1936
f 1033//1937 991//1937 1034//1937
f 990//1938 991//1938 1033//1938
f 1034//1939 992//1939 1035//1939
f 991//1940 992//1940 1034//1940
f 992//1941 993//1941 1035//1941
f 1035//1942 993//1942 1036//1942
f 993//1943 994//1943 1036//1943
f 1036//1944 994//1944 1037//1944
f 994//1945 995//1945 1037//1945
f 1037//1946 995//1946 1038//1946
f 995//1947 996//1947 1038//1947
f 1038//1948 996//1948 1039//1948
f 1039//1949 997//1949 1040//1949
f 996//1950 997//1950 1039//1950
f 1040//1951 998//1951 1041//1951
f 997//1952 998//1952 1040//1952
f 1041//1953 999//1953 1042//1953
f 998//1954 999//1954 1041//1954
f 1042//1955 1000//1955 1043//1955
f 999//1956 1000//1956 1042//1956
f 1043//1957 1001//1957 1044//1957
f 1044//1958 1001//1958 1045//1958
f 1000//1959 1001//1959 1043//1959
f 1045//1960 1002//1960 1046//1960
f 1001//1961 1002//1961 1045//1961
f 1002//1962 1003//1962 1046//1962
f 1046//1963 1004//1963 1047//1963
f 1003//1964 1004//1964 1046//1964
f 1047//1965 1005//1965 1048//1965
f 1004//1966 1005//1966 1047//1966
f 1048//1967 1006//1967 1049//1967
f 1005//1968 1006//1968 1048//1968
f 1049//1969 1007//1969 1050//1969
f 1006//1970 1007//1970 1049//1970
f 1050//1971 1008//1971 1051//1971
f 1007//1972 1008//1972 1050//1972
f 1051//1973 1009//1973 1052//1973
f 1008//1974 1009//1974 1051//1974
f 1052//1975 1010//1975 1053//1975
f 1009//1976 1010//1976 1052//1976
f 1053//1977 1011//1977 1054//1977
f 1010//1978 1011//1978 1053//1978
f 1054//1979 1012//1979 1055//1979
f 1011//1980 1012//1980 1054//1980
f 1055//1981 1013//1981 1056//1981
f 1012//1982 1013//1982 1055//1982
f 1056//1983 1014//1983 1057//1983
f 1057//1984 1014//1984 1058//1984
f 1013//1985 1014//1985 1056//1985
f 1014//1986 1015//1986 1058//1986
f 1058//1987 1016//1987 1059//1987
f 1015//1988 1016//1988 1058//1988
f 1059//1989 1017//1989 1060//1989
f 1016//1990 1017//1990 1059//1990
f 1060//1991 1018//1991 1061//1991
f 1017//1992 1018//1992 1060//1992
f 1061//1993 1019//1993 1062//1993
f 1018//1994 1019//1994 1061//1994
f 1019//1995 1020//1995 1062//1995
f 1062//1996 1020//1996 1063//1996
f 1020//1997 1021//1997 1063//1997
f 1063//1998 1021//1998 1064//1998
f 1021//1999 1022//1999 1064//1999
f 1064//2000 1022//2000 1065//2000
f 1022//2001 972//2001 1065//2001
f 1065//2002 972//2002 1066//2002
f 1066//2003 972//2003 1067//2003
f 972//2004 970//2004 1067//2004
f 970//2005 968//2005 1067//2005
f 1067//2006 968//2006 1068//2006
f 968//2007 966//2007 1068//2007
f 1068//2008 966//2008 1069//2008
f 966//2009 964//2009 1069//2009
f 1069//2010 964//2010 1070//2010
f 1070//2011 964//2011 1071//2011
f 964//2012 962//2012 1071//2012
f 962//2013 960//2013 1071//2013
f 1071//2014 960//2014 1072//2014
f 1072//2015 958//2015 1073//2015
f 960//2016 958//2016 1072//2016
f 1073//2017 958//2017 1074//2017
f 958//2018 956//2018 1074//2018
f 956//2019 954//2019 1074//2019
f 1074//2020 954//2020 1075//2020
f 1075//2021 952//2021 1076//2021
f 954//2022 952//2022 1075//2022
f 1076//2023 935//2023 1077//2023
f 952//2024 935//2024 1076//2024
f 1077//2025 934//2025 1078//2025
f 1078//2026 934//2026 1079//2026
f 935//2027 934//2027 1077//2027
f 934//2028 933//2028 1079//2028
f 1079//2029 932//2029 1080//2029
f 933//2030 932//2030 1079//2030
f 1080//2031 931//2031 1081//2031
f 932//2032 931//2032 1080//2032
f 1081//2033 930//2033 1082//2033
f 931//2034 930//2034 1081//2034
f 1082//2035 929//2035 1083//2035
f 930//2036 929//2036 1082//2036
f 1083//2037 928//2037 1084//2037
f 929//2038 928//2038 1083//2038
f 1084//2039 927//2039 1085//2039
f 928//2040 927//2040 1084//2040
f 1085//2041 926//2041 1086//2041
f 1086//2042 926//2042 1087//2042
f 927//2043 926//2043 1085//2043
f 926//2044 925//2044 1087//2044
f 1087//2045 925//2045 1088//2045
f 925//2046 924//2046 1088//2046
f 924//2047 923//2047 1088//2047
f 1088//2048 923//2048 1089//2048
f 923//2049 922//2049 1089//2049
f 1089//2050 922//2050 1090//2050
f 1090//2051 922//2051 1091//2051
f 922//2052 921//2052 1091//2052
f 921//2053 920//2053 1091//2053
f 1091//2054 920//2054 1092//2054
f 920//2055 918//2055 1092//2055
f 1092//2056 918//2056 1093//2056
f 918//2057 916//2057 1093//2057
f 1093//2058 916//2058 1094//2058
f 916//2059 914//2059 1094//2059
f 1094//2060 914//2060 1095//2060
f 914//2061 912//2061 1095//2061
f 1095//2062 912//2062 1096//2062
f 1096//2063 912//2063 1097//2063
f 912//2064 910//2064 1097//2064
f 910//2065 908//2065 1097//2065
f 1097//2066 908//2066 1098//2066
f 1098//2067 908//2067 1099//2067
f 908//2068 906//2068 1099//2068
f 906//2069 904//2069 1099//2069
f 1099//2070 904//2070 1100//2070
f 904//2071 902//2071 1100//2071
f 1100//2072 902//2072 1101//2072
f 1101//2073 902//2073 1102//2073
f 902//2074 900//2074 1102//2074
f 1102//2075 900//2075 1103//2075
f 900//2076 896//2076 1103//2076
f 896//2077 898//2077 1103//2077
f 1103//2078 898//2078 1104//2078
f 898//2079 899//2079 1104//2079
f 1104//2080 899//2080 1105//2080
f 899//2081 901//2081 1105//2081
f 1105//2082 901//2082 1106//2082
f 901//2083 903//2083 1106//2083
f 1106//2084 903//2084 1107//2084
f 1107//2085 905//2085 1108//2085
f 903//2086 905//2086 1107//2086
f 1108//2087 907//2087 1109//2087
f 1109//2088 907//2088 1110//2088
f 905//2089 907//2089 1108//2089
f 907//2090 909//2090 1110//2090
f 1110//2091 911//2091 1111//2091
f 1111//2092 911//2092 1112//2092
f 909//2093 911//2093 1110//2093
f 911//2094 913//2094 1112//2094
f 913//2095 915//2095 1112//2095
f 1112//2096 915//2096 1113//2096
f 915//2097 917//2097 1113//2097
f 1113//2098 917//2098 1114//2098
f 917//2099 919//2099 1114//2099
f 1114//2100 919//2100 1115//2100
f 919//2101 947//2101 1115//2101
f 1115//2102 947//2102 1116//2102
f 947//2103 948//2103 1116//2103
f 1116//2104 948//2104 1117//2104
f 948//2105 949//2105 1117//2105
f 1117//2106 949//2106 1118//2106
f 949//2107 950//2107 1118//2107
f 1118//2108 950//2108 1119//2108
f 950//2109 951//2109 1119//2109
f 1119//2110 951//2110 1120//2110
f 951//2111 937//2111 1120//2111
f 1120//2112 937//2112 1121//2112
f 937//2113 936//2113 1121//2113
f 1121//2114 936//2114 1122//2114
f 936//2115 938//2115 1122//2115
f 1122//2116 938//2116 1123//2116
f 1123//2117 938//2117 1124//2117
f 938//2118 939//2118 1124//2118
f 1124//2119 940//2119 1125//2119
f 939//2120 940//2120 1124//2120
f 1125//2121 941//2121 1126//2121
f 1126//2122 941//2122 1127//2122
f 940//2123 941//2123 1125//2123
f 941//2124 942//2124 1127//2124
f 1127//2125 943//2125 1128//2125
f 1128//2126 943//2126 1129//2126
f 942//2127 943//2127 1127//2127
f 943//2128 944//2128 1129//2128
f 1129//2129 945//2129 1130//2129
f 1130//2130 945//2130 1131//2130
f 944//2131 945//2131 1129//2131
f 945//2132 946//2132 1131//2132
f 1131//2133 953//2133 1132//2133
f 946//2134 953//2134 1131//2134
f 1132//2135 955//2135 1133//2135
f 953//2136 955//2136 1132//2136
f 1133//2137 957//2137 1134//2137
f 955//2138 957//2138 1133//2138
f 1134//2139 959//2139 1135//2139
f 957//2140 959//2140 1134//2140
f 1135//2141 961//2141 1136//2141
f 959//2142 961//2142 1135//2142
f 961//2143 963//2143 1136//2143
f 1136//2144 963//2144 1137//2144
f 963//2145 965//2145 1137//2145
f 1137//2146 965//2146 1138//2146
f 965//2147 967//2147 1138//2147
f 1138//2148 967//2148 1139//2148
f 1139//2149 967//2149 1140//2149
f 967//2150 969//2150 1140//2150
f 969//2151 971//2151 1140//2151
f 1140//2152 971//2152 1141//2152
f 1141//2153 973//2153 1142//2153
f 1142//2154 973//2154 1143//2154
f 971//2155 973//2155 1141//2155
f 973//2156 974//2156 1143//2156
f 1143//2157 975//2157 1144//2157
f 974//2158 975//2158 1143//2158
f 1144//2159 976//2159 1145//2159
f 1145//2160 976//2160 1146//2160
f 975//2161 976//2161 1144//2161
f 976//2162 977//2162 1146//2162
f 1146//2163 978//2163 1147//2163
f 977//2164 978//2164 1146//2164
f 1147//2165 979//2165 1148//2165
f 978//2166 979//2166 1147//2166
f 1148//2167 980//2167 1149//2167
f 979//2168 980//2168 1148//2168
f 1149//2169 981//2169 1150//2169
f 980//2170 981//2170 1149//2170
f 1150//2171 982//2171 1025//2171
f 981//2172 982//2172 1150//2172
f 1151//2173 1103//2173 1104//2173
f 1152//2174 1103//2174 1151//2174
f 1152//2175 1102//2175 1103//2175
f 1153//2176 1151//2176 1104//2176
f 1153//2177 1104//2177 1105//2177
f 1154//2178 1102//2178 1152//2178
f 1154//2179 1101//2179 1102//2179
f 1155//2180 1153//2180 1105//2180
f 1155//2181 1105//2181 1106//2181
f 1156//2182 1101//2182 1154//2182
f 1156//2183 1100//2183 1101//2183
f 1157//2184 1155//2184 1106//2184
f 1157//2185 1106//2185 1107//2185
f 1158//2186 1100//2186 1156//2186
f 1158//2187 1099//2187 1100//2187
f 1159//2188 1157//2188 1107//2188
f 1159//2189 1107//2189 1108//2189
f 1160//2190 1099//2190 1158//2190
f 1160//2191 1098//2191 1099//2191
f 1161//2192 1159//2192 1108//2192
f 1161//2193 1108//2193 1109//2193
f 1162//2194 1097//2194 1098//2194
f 1162//2195 1098//2195 1160//2195
f 1163//2196 1161//2196 1109//2196
f 1163//2197 1109//2197 1110//2197
f 1163//2198 1110//2198 1111//2198
f 1164//2199 1096//2199 1097//2199
f 1164//2200 1097//2200 1162//2200
f 1165//2201 1111//2201 1112//2201
f 1165//2202 1163//2202 1111//2202
f 1166//2203 1095//2203 1096//2203
f 1166//2204 1096//2204 1164//2204
f 1167//2205 1165//2205 1112//2205
f 1167//2206 1112//2206 1113//2206
f 1168//2207 1094//2207 1095//2207
f 1168//2208 1095//2208 1166//2208
f 1169//2209 1167//2209 1113//2209
f 1169//2210 1113//2210 1114//2210
f 1170//2211 1094//2211 1168//2211
f 1170//2212 1093//2212 1094//2212
f 1171//2213 1114//2213 1115//2213
f 1171//2214 1169//2214 1114//2214
f 1172//2215 1093//2215 1170//2215
f 1172//2216 1092//2216 1093//2216
f 1173//2217 1115//2217 1116//2217
f 1173//2218 1171//2218 1115//2218
f 1174//2219 1091//2219 1092//2219
f 1174//2220 1092//2220 1172//2220
f 1175//2221 1173//2221 1116//2221
f 1175//2222 1116//2222 1117//2222
f 1176//2223 1091//2223 1174//2223
f 1176//2224 1090//2224 1091//2224
f 1177//2225 1175//2225 1117//2225
f 1177//2226 1117//2226 1118//2226
f 1178//2227 1090//2227 1176//2227
f 1178//2228 1089//2228 1090//2228
f 1179//2229 1177//2229 1118//2229
f 1179//2230 1118//2230 1119//2230
f 1180//2231 1089//2231 1178//2231
f 1180//2232 1088//2232 1089//2232
f 1181//2233 1179//2233 1119//2233
f 1181//2234 1119//2234 1120//2234
f 1182//2235 1088//2235 1180//2235
f 1182//2236 1087//2236 1088//2236
f 1183//2237 1181//2237 1120//2237
f 1183//2238 1120//2238 1121//2238
f 1184//2239 1087//2239 1182//2239
f 1184//2240 1085//2240 1086//2240
f 1184//2241 1086//2241 1087//2241
f 1185//2242 1183//2242 1121//2242
f 1185//2243 1121//2243 1122//2243
f 1186//2244 1085//2244 1184//2244
f 1186//2245 1084//2245 1085//2245
f 1187//2246 1185//2246 1122//2246
f 1187//2247 1122//2247 1123//2247
f 1188//2248 1084//2248 1186//2248
f 1188//2249 1083//2249 1084//2249
f 1189//2250 1187//2250 1123//2250
f 1189//2251 1123//2251 1124//2251
f 1190//2252 1083//2252 1188//2252
f 1190//2253 1082//2253 1083//2253
f 1191//2254 1189//2254 1124//2254
f 1191//2255 1124//2255 1125//2255
f 1192//2256 1082//2256 1190//2256
f 1192//2257 1081//2257 1082//2257
f 1193//2258 1125//2258 1126//2258
f 1193//2259 1191//2259 1125//2259
f 1194//2260 1081//2260 1192//2260
f 1194//2261 1080//2261 1081//2261
f 1195//2262 1126//2262 1127//2262
f 1195//2263 1193//2263 1126//2263
f 1196//2264 1079//2264 1080//2264
f 1196//2265 1080//2265 1194//2265
f 1197//2266 1127//2266 1128//2266
f 1197//2267 1195//2267 1127//2267
f 1198//2268 1079//2268 1196//2268
f 1198//2269 1078//2269 1079//2269
f 1199//2270 1128//2270 1129//2270
f 1199//2271 1197//2271 1128//2271
f 1200//2272 1078//2272 1198//2272
f 1200//2273 1077//2273 1078//2273
f 1201//2274 1129//2274 1130//2274
f 1201//2275 1199//2275 1129//2275
f 1202//2276 1076//2276 1077//2276
f 1202//2277 1077//2277 1200//2277
f 1203//2278 1130//2278 1131//2278
f 1203//2279 1201//2279 1130//2279
f 1204//2280 1075//2280 1076//2280
f 1204//2281 1076//2281 1202//2281
f 1205//2282 1131//2282 1132//2282
f 1205//2283 1203//2283 1131//2283
f 1206//2284 1074//2284 1075//2284
f 1206//2285 1075//2285 1204//2285
f 1207//2286 1132//2286 1133//2286
f 1207//2287 1205//2287 1132//2287
f 1208//2288 1073//2288 1074//2288
f 1208//2289 1074//2289 1206//2289
f 1209//2290 1133//2290 1134//2290
f 1209//2291 1134//2291 1135//2291
f 1209//2292 1207//2292 1133//2292
f 1210//2293 1073//2293 1208//2293
f 1072//2294 1073//2294 1210//2294
f 1211//2295 1209//2295 1135//2295
f 1212//2296 1072//2296 1210//2296
f 1136//2297 1211//2297 1135//2297
f 1136//2298 1213//2298 1211//2298
f 1071//2299 1212//2299 1214//2299
f 1071//2300 1072//2300 1212//2300
f 1137//2301 1213//2301 1136//2301
f 1137//2302 1215//2302 1213//2302
f 1070//2303 1071//2303 1214//2303
f 1070//2304 1216//2304 1217//2304
f 1070//2305 1214//2305 1216//2305
f 1138//2306 1215//2306 1137//2306
f 1138//2307 1218//2307 1215//2307
f 1069//2308 1070//2308 1217//2308
f 1069//2309 1217//2309 1219//2309
f 1139//2310 1218//2310 1138//2310
f 1139//2311 1220//2311 1218//2311
f 1068//2312 1069//2312 1219//2312
f 1068//2313 1219//2313 1221//2313
f 1140//2314 1222//2314 1220//2314
f 1140//2315 1220//2315 1139//2315
f 1067//2316 1068//2316 1221//2316
f 1067//2317 1221//2317 1223//2317
f 1141//2318 1224//2318 1222//2318
f 1141//2319 1222//2319 1140//2319
f 1066//2320 1223//2320 1225//2320
f 1066//2321 1067//2321 1223//2321
f 1142//2322 1226//2322 1224//2322
f 1142//2323 1224//2323 1141//2323
f 1065//2324 1066//2324 1225//2324
f 1065//2325 1225//2325 1227//2325
f 1143//2326 1228//2326 1226//2326
f 1143//2327 1226//2327 1142//2327
f 1064//2328 1065//2328 1227//2328
f 1064//2329 1227//2329 1229//2329
f 1144//2330 1228//2330 1143//2330
f 1144//2331 1230//2331 1228//2331
f 1063//2332 1064//2332 1229//2332
f 1063//2333 1229//2333 1231//2333
f 1145//2334 1232//2334 1230//2334
f 1145//2335 1230//2335 1144//2335
f 1062//2336 1231//2336 1233//2336
f 1062//2337 1063//2337 1231//2337
f 1146//2338 1232//2338 1145//2338
f 1146//2339 1234//2339 1232//2339
f 1061//2340 1233//2340 1235//2340
f 1061//2341 1062//2341 1233//2341
f 1147//2342 1234//2342 1146//2342
f 1147//2343 1236//2343 1234//2343
f 1060//2344 1235//2344 1237//2344
f 1060//2345 1061//2345 1235//2345
f 1148//2346 1236//2346 1147//2346
f 1148//2347 1238//2347 1236//2347
f 1059//2348 1237//2348 1239//2348
f 1059//2349 1060//2349 1237//2349
f 1149//2350 1240//2350 1238//2350
f 1149//2351 1238//2351 1148//2351
f 1058//2352 1059//2352 1239//2352
f 1058//2353 1239//2353 1241//2353
f 1150//2354 1240//2354 1149//2354
f 1150//2355 1242//2355 1240//2355
f 1150//2356 1243//2356 1242//2356
f 1057//2357 1241//2357 1244//2357
f 1057//2358 1058//2358 1241//2358
f 1025//2359 1245//2359 1243//2359
f 1025//2360 1243//2360 1150//2360
f 1056//2361 1057//2361 1244//2361
f 1056//2362 1244//2362 1246//2362
f 1026//2363 1245//2363 1025//2363
f 1026//2364 1247//2364 1245//2364
f 1055//2365 1246//2365 1248//2365
f 1055//2366 1056//2366 1246//2366
f 1027//2367 1249//2367 1247//2367
f 1027//2368 1247//2368 1026//2368
f 1054//2369 1248//2369 1250//2369
f 1054//2370 1055//2370 1248//2370
f 1028//2371 1251//2371 1249//2371
f 1028//2372 1249//2372 1027//2372
f 1053//2373 1250//2373 1252//2373
f 1053//2374 1054//2374 1250//2374
f 1029//2375 1253//2375 1251//2375
f 1029//2376 1251//2376 1028//2376
f 1052//2377 1053//2377 1252//2377
f 1052//2378 1252//2378 1254//2378
f 1030//2379 1253//2379 1029//2379
f 1030//2380 1255//2380 1253//2380
f 1051//2381 1052//2381 1254//2381
f 1051//2382 1254//2382 1256//2382
f 1031//2383 1255//2383 1030//2383
f 1031//2384 1257//2384 1255//2384
f 1050//2385 1051//2385 1256//2385
f 1050//2386 1256//2386 1258//2386
f 1032//2387 1259//2387 1257//2387
f 1032//2388 1257//2388 1031//2388
f 1049//2389 1050//2389 1258//2389
f 1049//2390 1258//2390 1260//2390
f 1033//2391 1259//2391 1032//2391
f 1033//2392 1261//2392 1259//2392
f 1048//2393 1049//2393 1260//2393
f 1048//2394 1260//2394 1262//2394
f 1034//2395 1263//2395 1261//2395
f 1034//2396 1261//2396 1033//2396
f 1047//2397 1048//2397 1262//2397
f 1047//2398 1264//2398 1265//2398
f 1047//2399 1262//2399 1264//2399
f 1035//2400 1263//2400 1034//2400
f 1035//2401 1266//2401 1263//2401
f 1046//2402 1047//2402 1265//2402
f 1046//2403 1265//2403 1267//2403
f 1036//2404 1266//2404 1035//2404
f 1036//2405 1268//2405 1266//2405
f 1045//2406 1046//2406 1267//2406
f 1045//2407 1267//2407 1269//2407
f 1037//2408 1268//2408 1036//2408
f 1037//2409 1270//2409 1268//2409
f 1044//2410 1045//2410 1269//2410
f 1044//2411 1269//2411 1271//2411
f 1038//2412 1270//2412 1037//2412
f 1038//2413 1272//2413 1270//2413
f 1043//2414 1044//2414 1271//2414
f 1043//2415 1271//2415 1273//2415
f 1039//2416 1272//2416 1038//2416
f 1039//2417 1274//2417 1272//2417
f 1042//2418 1273//2418 1275//2418
f 1042//2419 1043//2419 1273//2419
f 1040//2420 1276//2420 1274//2420
f 1040//2421 1274//2421 1039//2421
f 1041//2422 1275//2422 1276//2422
f 1041//2423 1042//2423 1275//2423
f 1041//2424 1276//2424 1040//2424
f 1245//2425 1247//2425 1277//2425
f 1277//2426 1247//2426 1278//2426
f 1278//2427 1249//2427 1279//2427
f 1279//2428 1249//2428 1280//2428
f 1247//2429 1249//2429 1278//2429
f 1249//2430 1251//2430 1280//2430
f 1280//2431 1253//2431 1281//2431
f 1281//2432 1253//2432 1282//2432
f 1251//2433 1253//2433 1280//2433
f 1282//2434 1255//2434 1283//2434
f 1253//2435 1255//2435 1282//2435
f 1255//2436 1257//2436 1283//2436
f 1283//2437 1259//2437 1284//2437
f 1257//2438 1259//2438 1283//2438
f 1284//2439 1261//2439 1285//2439
f 1285//2440 1261//2440 1286//2440
f 1259//2441 1261//2441 1284//2441
f 1261//2442 1263//2442 1286//2442
f 1286//2443 1266//2443 1287//2443
f 1263//2444 1266//2444 1286//2444
f 1266//2445 1268//2445 1287//2445
f 1287//2446 1268//2446 1288//2446
f 1268//2447 1270//2447 1288//2447
f 1288//2448 1270//2448 1289//2448
f 1270//2449 1272//2449 1289//2449
f 1289//2450 1272//2450 1290//2450
f 1272//2451 1274//2451 1290//2451
f 1290//2452 1274//2452 1291//2452
f 1291//2453 1276//2453 1292//2453
f 1274//2454 1276//2454 1291//2454
f 1292//2455 1275//2455 1293//2455
f 1276//2456 1275//2456 1292//2456
f 1293//2457 1273//2457 1294//2457
f 1275//2458 1273//2458 1293//2458
f 1294//2459 1271//2459 1295//2459
f 1273//2460 1271//2460 1294//2460
f 1295//2461 1269//2461 1296//2461
f 1271//2462 1269//2462 1295//2462
f 1296//2463 1267//2463 1297//2463
f 1269//2464 1267//2464 1296//2464
f 1297//2465 1265//2465 1298//2465
f 1267//2466 1265//2466 1297//2466
f 1298//2467 1264//2467 1299//2467
f 1299//2468 1264//2468 1300//2468
f 1265//2469 1264//2469 1298//2469
f 1264//2470 1262//2470 1300//2470
f 1300//2471 1260//2471 1301//2471
f 1301//2472 1260//2472 1302//2472
f 1262//2473 1260//2473 1300//2473
f 1260//2474 1258//2474 1302//2474
f 1302//2475 1256//2475 1303//2475
f 1258//2476 1256//2476 1302//2476
f 1303//2477 1254//2477 1304//2477
f 1304//2478 1254//2478 1305//2478
f 1256//2479 1254//2479 1303//2479
f 1254//2480 1252//2480 1305//2480
f 1305//2481 1250//2481 1306//2481
f 1252//2482 1250//2482 1305//2482
f 1306//2483 1248//2483 1307//2483
f 1307//2484 1248//2484 1308//2484
f 1250//2485 1248//2485 1306//2485
f 1248//2486 1246//2486 1308//2486
f 1308//2487 1244//2487 1309//2487
f 1309//2488 1244//2488 1310//2488
f 1246//2489 1244//2489 1308//2489
f 1244//2490 1241//2490 1310//2490
f 1310//2491 1239//2491 1311//2491
f 1311//2492 1239//2492 1312//2492
f 1241//2493 1239//2493 1310//2493
f 1239//2494 1237//2494 1312//2494
f 1237//2495 1235//2495 1312//2495
f 1312//2496 1235//2496 1313//2496
f 1313//2497 1233//2497 1314//2497
f 1235//2498 1233//2498 1313//2498
f 1233//2499 1231//2499 1314//2499
f 1314//2500 1231//2500 1315//2500
f 1231//2501 1229//2501 1315//2501
f 1315//2502 1229//2502 1316//2502
f 1229//2503 1227//2503 1316//2503
f 1316//2504 1227//2504 1317//2504
f 1227//2505 1225//2505 1317//2505
f 1317//2506 1225//2506 1318//2506
f 1225//2507 1223//2507 1318//2507
f 1318//2508 1223//2508 1319//2508
f 1319//2509 1223//2509 1320//2509
f 1223//2510 1221//2510 1320//2510
f 1221//2511 1219//2511 1320//2511
f 1320//2512 1219//2512 1321//2512
f 1321//2513 1219//2513 1322//2513
f 1219//2514 1217//2514 1322//2514
f 1322//2515 1217//2515 1323//2515
f 1217//2516 1216//2516 1323//2516
f 1323//2517 1216//2517 1324//2517
f 1216//2518 1214//2518 1324//2518
f 1214//2519 1212//2519 1324//2519
f 1324//2520 1212//2520 1325//2520
f 1212//2521 1210//2521 1325//2521
f 1325//2522 1210//2522 1326//2522
f 1326//2523 1208//2523 1327//2523
f 1210//2524 1208//2524 1326//2524
f 1327//2525 1206//2525 1328//2525
f 1208//2526 1206//2526 1327//2526
f 1328//2527 1204//2527 1329//2527
f 1206//2528 1204//2528 1328//2528
f 1329//2529 1202//2529 1330//2529
f 1204//2530 1202//2530 1329//2530
f 1330//2531 1200//2531 1331//2531
f 1202//2532 1200//2532 1330//2532
f 1331//2533 1198//2533 1332//2533
f 1200//2534 1198//2534 1331//2534
f 1332//2535 1196//2535 1333//2535
f 1333//2536 1196//2536 1334//2536
f 1198//2537 1196//2537 1332//2537
f 1196//2538 1194//2538 1334//2538
f 1334//2539 1194//2539 1335//2539
f 1194//2540 1192//2540 1335//2540
f 1335//2541 1190//2541 1336//2541
f 1336//2542 1190//2542 1337//2542
f 1192//2543 1190//2543 1335//2543
f 1337//2544 1188//2544 1338//2544
f 1190//2545 1188//2545 1337//2545
f 1188//2546 1186//2546 1338//2546
f 1186//2547 1184//2547 1338//2547
f 1338//2548 1184//2548 1339//2548
f 1184//2549 1182//2549 1339//2549
f 1339//2550 1182//2550 1340//2550
f 1182//2551 1180//2551 1340//2551
f 1340//2552 1180//2552 1341//2552
f 1180//2553 1178//2553 1341//2553
f 1341//2554 1178//2554 1342//2554
f 1178//2555 1176//2555 1342//2555
f 1342//2556 1176//2556 1343//2556
f 1176//2557 1174//2557 1343//2557
f 1343//2558 1174//2558 1344//2558
f 1174//2559 1172//2559 1344//2559
f 1344//2560 1172//2560 1345//2560
f 1172//2561 1170//2561 1345//2561
f 1345//2562 1170//2562 1346//2562
f 1170//2563 1168//2563 1346//2563
f 1346//2564 1168//2564 1347//2564
f 1168//2565 1166//2565 1347//2565
f 1347//2566 1166//2566 1348//2566
f 1166//2567 1164//2567 1348//2567
f 1348//2568 1164//2568 1349//2568
f 1164//2569 1162//2569 1349//2569
f 1349//2570 1162//2570 1350//2570
f 1162//2571 1160//2571 1350//2571
f 1350//2572 1160//2572 1351//2572
f 1160//2573 1158//2573 1351//2573
f 1351//2574 1158//2574 1352//2574
f 1158//2575 1156//2575 1352//2575
f 1352//2576 1156//2576 1353//2576
f 1156//2577 1154//2577 1353//2577
f 1353//2578 1154//2578 1354//2578
f 1154//2579 1152//2579 1354//2579
f 1354//2580 1152//2580 1355//2580
f 1152//2581 1151//2581 1355//2581
f 1355//2582 1151//2582 1356//2582
f 1151//2583 1153//2583 1356//2583
f 1356//2584 1153//2584 1357//2584
f 1153//2585 1155//2585 1357//2585
f 1357//2586 1155//2586 1358//2586
f 1358//2587 1155//2587 1359//2587
f 1155//2588 1157//2588 1359//2588
f 1359//2589 1159//2589 1360//2589
f 1157//2590 1159//2590 1359//2590
f 1360//2591 1161//2591 1361//2591
f 1361//2592 1161//2592 1362//2592
f 1159//2593 1161//2593 1360//2593
f 1362//2594 1163//2594 1363//2594
f 1161//2595 1163//2595 1362//2595
f 1163//2596 1165//2596 1363//2596
f 1363//2597 1167//2597 1364//2597
f 1165//2598 1167//2598 1363//2598
f 1167//2599 1169//2599 1364//2599
f 1364//2600 1169//2600 1365//2600
f 1169//2601 1171//2601 1365//2601
f 1365//2602 1171//2602 1366//2602
f 1171//2603 1173//2603 1366//2603
f 1366//2604 1173//2604 1367//2604
f 1173//2605 1175//2605 1367//2605
f 1367//2606 1175//2606 1368//2606
f 1175//2607 1177//2607 1368//2607
f 1368//2608 1177//2608 1369//2608
f 1369//2609 1177//2609 1370//2609
f 1177//2610 1179//2610 1370//2610
f 1370//2611 1179//2611 1371//2611
f 1179//2612 1181//2612 1371//2612
f 1181//2613 1183//2613 1371//2613
f 1371//2614 1183//2614 1372//2614
f 1183//2615 1185//2615 1372//2615
f 1372//2616 1185//2616 1373//2616
f 1185//2617 1187//2617 1373//2617
f 1373//2618 1187//2618 1374//2618
f 1187//2619 1189//2619 1374//2619
f 1374//2620 1189//2620 1375//2620
f 1375//2621 1189//2621 1376//2621
f 1189//2622 1191//2622 1376//2622
f 1376//2623 1193//2623 1377//2623
f 1191//2624 1193//2624 1376//2624
f 1377//2625 1195//2625 1378//2625
f 1193//2626 1195//2626 1377//2626
f 1378//2627 1197//2627 1379//2627
f 1195//2628 1197//2628 1378//2628
f 1379//2629 1199//2629 1380//2629
f 1197//2630 1199//2630 1379//2630
f 1380//2631 1201//2631 1381//2631
f 1199//2632 1201//2632 1380//2632
f 1381//2633 1203//2633 1382//2633
f 1201//2634 1203//2634 1381//2634
f 1382//2635 1205//2635 1383//2635
f 1203//2636 1205//2636 1382//2636
f 1383//2637 1207//2637 1384//2637
f 1384//2638 1207//2638 1385//2638
f 1205//2639 1207//2639 1383//2639
f 1207//2640 1209//2640 1385//2640
f 1385//2641 1211//2641 1386//2641
f 1386//2642 1211//2642 1387//2642
f 1209//2643 1211//2643 1385//2643
f 1211//2644 1213//2644 1387//2644
f 1387//2645 1215//2645 1388//2645
f 1213//2646 1215//2646 1387//2646
f 1215//2647 1218//2647 1388//2647
f 1388//2648 1218//2648 1389//2648
f 1218//2649 1220//2649 1389//2649
f 1389//2650 1220//2650 1390//2650
f 1220//2651 1222//2651 1390//2651
f 1390//2652 1222//2652 1391//2652
f 1222//2653 1224//2653 1391//2653
f 1391//2654 1224//2654 1392//2654
f 1392//2655 1226//2655 1393//2655
f 1224//2656 1226//2656 1392//2656
f 1393//2657 1228//2657 1394//2657
f 1226//2658 1228//2658 1393//2658
f 1394//2659 1230//2659 1395//2659
f 1228//2660 1230//2660 1394//2660
f 1395//2661 1232//2661 1396//2661
f 1230//2662 1232//2662 1395//2662
f 1396//2663 1234//2663 1397//2663
f 1232//2664 1234//2664 1396//2664
f 1397//2665 1236//2665 1398//2665
f 1234//2666 1236//2666 1397//2666
f 1398//2667 1238//2667 1399//2667
f 1236//2668 1238//2668 1398//2668
f 1399//2669 1240//2669 1400//2669
f 1238//2670 1240//2670 1399//2670
f 1400//2671 1242//2671 1401//2671
f 1240//2672 1242//2672 1400//2672
f 1401//2673 1243//2673 1402//2673
f 1242//2674 1243//2674 1401//2674
f 1402//2675 1245//2675 1277//2675
f 1243//2676 1245//2676 1402//2676
f 1360//2677 1358//2677 1359//2677
f 1361//2678 1358//2678 1360//2678
f 1361//2679 1356//2679 1357//2679
f 1361//2680 1357//2680 1358//2680
f 1364//2681 1362//2681 1363//2681
f 1365//2682 1362//2682 1364//2682
f 1365//2683 1361//2683 1362//2683
f 1346//2684 1347//2684 1348//2684
f 1369//2685 1365//2685 1366//2685
f 1369//2686 1366//2686 1367//2686
f 1369//2687 1367//2687 1368//2687
f 1340//2688 1346//2688 1348//2688
f 1340//2689 1341//2689 1342//2689
f 1340//2690 1342//2690 1343//2690
f 1340//2691 1343//2691 1344//2691
f 1340//2692 1344//2692 1345//2692
f 1340//2693 1345//2693 1346//2693
f 1340//2694 1348//2694 1349//2694
f 1340//2695 1349//2695 1350//2695
f 1340//2696 1350//2696 1351//2696
f 1340//2697 1351//2697 1352//2697
f 1340//2698 1352//2698 1353//2698
f 1338//2699 1339//2699 1340//2699
f 1374//2700 1372//2700 1373//2700
f 1334//2701 1335//2701 1336//2701
f 1334//2702 1336//2702 1337//2702
f 1334//2703 1337//2703 1338//2703
f 1334//2704 1353//2704 1354//2704
f 1334//2705 1354//2705 1355//2705
f 1334//2706 1340//2706 1353//2706
f 1334//2707 1355//2707 1356//2707
f 1334//2708 1338//2708 1340//2708
f 1379//2709 1377//2709 1378//2709
f 1380//2710 1375//2710 1376//2710
f 1380//2711 1377//2711 1379//2711
f 1380//2712 1376//2712 1377//2712
f 1331//2713 1332//2713 1333//2713
f 1381//2714 1372//2714 1374//2714
f 1381//2715 1375//2715 1380//2715
f 1381//2716 1371//2716 1372//2716
f 1381//2717 1374//2717 1375//2717
f 1329//2718 1330//2718 1331//2718
f 1329//2719 1333//2719 1334//2719
f 1329//2720 1331//2720 1333//2720
f 1383//2721 1381//2721 1382//2721
f 1327//2722 1328//2722 1329//2722
f 1385//2723 1383//2723 1384//2723
f 1326//2724 1327//2724 1329//2724
f 1386//2725 1383//2725 1385//2725
f 1386//2726 1381//2726 1383//2726
f 1387//2727 1381//2727 1386//2727
f 1324//2728 1325//2728 1326//2728
f 1389//2729 1387//2729 1388//2729
f 1389//2730 1381//2730 1387//2730
f 1321//2731 1322//2731 1323//2731
f 1321//2732 1324//2732 1326//2732
f 1321//2733 1323//2733 1324//2733
f 1319//2734 1320//2734 1321//2734
f 1318//2735 1319//2735 1321//2735
f 1394//2736 1389//2736 1390//2736
f 1394//2737 1390//2737 1391//2737
f 1394//2738 1391//2738 1392//2738
f 1394//2739 1392//2739 1393//2739
f 1315//2740 1316//2740 1317//2740
f 1397//2741 1394//2741 1395//2741
f 1397//2742 1395//2742 1396//2742
f 1397//2743 1381//2743 1389//2743
f 1397//2744 1389//2744 1394//2744
f 1314//2745 1334//2745 1356//2745
f 1314//2746 1329//2746 1334//2746
f 1314//2747 1326//2747 1329//2747
f 1314//2748 1317//2748 1318//2748
f 1314//2749 1356//2749 1361//2749
f 1314//2750 1321//2750 1326//2750
f 1314//2751 1318//2751 1321//2751
f 1314//2752 1315//2752 1317//2752
f 1314//2753 1361//2753 1365//2753
f 1314//2754 1365//2754 1369//2754
f 1314//2755 1369//2755 1370//2755
f 1314//2756 1370//2756 1371//2756
f 1399//2757 1397//2757 1398//2757
f 1310//2758 1311//2758 1312//2758
f 1277//2759 1400//2759 1401//2759
f 1277//2760 1401//2760 1402//2760
f 1308//2761 1310//2761 1312//2761
f 1308//2762 1309//2762 1310//2762
f 1278//2763 1400//2763 1277//2763
f 1306//2764 1308//2764 1312//2764
f 1306//2765 1307//2765 1308//2765
f 1282//2766 1278//2766 1279//2766
f 1282//2767 1279//2767 1280//2767
f 1282//2768 1280//2768 1281//2768
f 1303//2769 1306//2769 1312//2769
f 1303//2770 1304//2770 1305//2770
f 1303//2771 1305//2771 1306//2771
f 1303//2772 1312//2772 1313//2772
f 1283//2773 1278//2773 1282//2773
f 1302//2774 1303//2774 1313//2774
f 1284//2775 1278//2775 1283//2775
f 1299//2776 1300//2776 1301//2776
f 1288//2777 1284//2777 1285//2777
f 1288//2778 1400//2778 1278//2778
f 1288//2779 1285//2779 1286//2779
f 1288//2780 1286//2780 1287//2780
f 1288//2781 1399//2781 1400//2781
f 1288//2782 1278//2782 1284//2782
f 1288//2783 1397//2783 1399//2783
f 1297//2784 1298//2784 1299//2784
f 1297//2785 1299//2785 1301//2785
f 1295//2786 1296//2786 1297//2786
f 1295//2787 1297//2787 1301//2787
f 1291//2788 1288//2788 1289//2788
f 1291//2789 1289//2789 1290//2789
f 1294//2790 1301//2790 1302//2790
f 1294//2791 1295//2791 1301//2791
f 1292//2792 1288//2792 1291//2792
f 1293//2793 1371//2793 1381//2793
f 1293//2794 1313//2794 1314//2794
f 1293//2795 1302//2795 1313//2795
f 1293//2796 1288//2796 1292//2796
f 1293//2797 1294//2797 1302//2797
f 1293//2798 1397//2798 1288//2798
f 1293//2799 1381//2799 1397//2799
f 1293//2800 1314//2800 1371//2800
