# Created by FreeCAD <https://www.freecad.org>
v -103.156303 -17.202255 106.671844
v -103.319077 -14.206674 106.671844
v -96.329391 -13.826865 106.671844
v -96.166611 -16.822445 106.671844
v -108.448776 -21.170742 106.671844
v -102.956879 -20.872320 106.671844
v -143.760025 -16.392862 106.671844
v -145.317963 12.278069 106.671844
v -104.877625 14.475534 106.671844
v -143.597260 -19.388443 106.671844
v -143.283279 -25.166691 106.671844
v -108.334831 -23.267647 106.671844
v -150.586945 -19.768251 106.671844
v -150.749725 -16.772671 106.671844
v -143.597260 -19.388443 126.671844
v -143.283279 -25.166691 126.671844
v -142.756882 -25.638826 107.171844
v -108.806969 -23.794039 107.171844
v -149.958817 -19.734119 109.603287
v -150.048065 -19.738970 109.689926
v -150.132904 -19.743580 109.780907
v -149.865356 -19.729042 109.521202
v -150.213120 -19.747938 109.876007
v -149.767944 -19.723747 109.443878
v -150.288513 -19.752035 109.974983
v -149.666809 -19.718252 109.371513
v -150.358887 -19.755859 110.077599
v -149.562195 -19.712568 109.304276
v -150.424072 -19.759401 110.183594
v -149.454376 -19.706709 109.242332
v -150.483902 -19.762651 110.292709
v -149.343597 -19.700689 109.185844
v -150.538239 -19.765604 110.404671
v -149.230164 -19.694527 109.134949
v -150.586945 -19.768251 110.519203
v -149.114334 -19.688232 109.089775
v -148.996399 -19.681824 109.050430
v -148.876663 -19.675318 109.017014
v -148.755417 -19.668728 108.989601
v -148.632950 -19.662073 108.968269
v -148.509567 -19.655371 108.953072
v -148.385605 -19.648634 108.944046
v -148.261322 -19.641880 108.941208
v -148.137070 -19.635128 108.944572
v -148.013138 -19.628395 108.954124
v -147.889832 -19.621695 108.969841
v -147.767456 -19.615044 108.991692
v -147.646317 -19.608461 109.019608
v -147.526718 -19.601963 109.053535
v -147.408951 -19.595564 109.093376
v -147.293320 -19.589281 109.139046
v -147.180099 -19.583128 109.190422
v -147.069565 -19.577122 109.247375
v -146.962006 -19.571278 109.309769
v -146.857681 -19.565609 109.377449
v -146.756851 -19.560129 109.450249
v -146.659744 -19.554853 109.527977
v -146.566650 -19.549795 109.610458
v -146.477753 -19.544964 109.697472
v -146.393295 -19.540375 109.788811
v -146.313492 -19.536037 109.884247
v -146.238525 -19.531965 109.983543
v -146.168579 -19.528164 110.086456
v -146.103836 -19.524647 110.192726
v -146.044464 -19.521420 110.302094
v -145.990601 -19.518494 110.414284
v -145.942383 -19.515873 110.529022
v -145.899918 -19.513565 110.646019
v -145.863327 -19.511578 110.764992
v -145.832703 -19.509912 110.885635
v -145.808105 -19.508575 111.007660
v -145.789597 -19.507570 111.130760
v -145.777237 -19.506899 111.254631
v -145.771057 -19.506563 111.378960
v -145.771057 -19.506563 111.503448
v -145.777237 -19.506899 111.627777
v -145.789597 -19.507570 111.751648
v -145.808105 -19.508575 111.874748
v -149.958817 -19.734119 113.279121
v -150.083771 -19.740910 120.282860
v -150.048065 -19.738970 113.192482
v -150.170395 -19.745617 120.372765
v -150.132904 -19.743580 113.101501
v -149.865356 -19.729042 113.361206
v -149.992767 -19.735964 120.197395
v -150.252426 -19.750074 120.466888
v -150.213120 -19.747938 113.006401
v -149.767944 -19.723747 113.438530
v -149.897614 -19.730793 120.116600
v -150.329651 -19.754271 120.565002
v -150.288513 -19.752035 112.907425
v -149.666809 -19.718252 113.510895
v -149.798538 -19.725410 120.040665
v -150.401901 -19.758196 120.666855
v -150.358887 -19.755859 112.804810
v -149.562195 -19.712568 113.578133
v -149.695816 -19.719830 119.969772
v -150.468964 -19.761841 120.772202
v -150.424072 -19.759401 112.698814
v -149.454376 -19.706709 113.640076
v -149.589676 -19.714062 119.904114
v -150.530701 -19.765196 120.880768
v -150.483902 -19.762651 112.589699
v -149.480408 -19.708124 119.843849
v -149.343597 -19.700689 113.696564
v -150.586945 -19.768251 120.992287
v -150.538239 -19.765604 112.477737
v -150.586945 -19.768251 112.363205
v -149.368256 -19.702030 119.789131
v -149.230164 -19.694527 113.747459
v -149.253510 -19.695795 119.740082
v -149.114334 -19.688232 113.792633
v -149.136475 -19.689434 119.696846
v -148.996399 -19.681824 113.831978
v -149.017426 -19.682966 119.659515
v -148.876663 -19.675318 113.865402
v -148.896652 -19.676403 119.628181
v -148.755417 -19.668728 113.892807
v -148.774475 -19.669765 119.602936
v -148.632950 -19.662073 113.914139
v -148.651199 -19.663065 119.583832
v -148.509567 -19.655371 113.929337
v -148.385605 -19.648634 113.938362
v -148.527115 -19.656322 119.570923
v -148.261322 -19.641880 113.941200
v -148.402527 -19.649553 119.564240
v -148.137070 -19.635128 113.937836
v -148.277786 -19.642775 119.563789
v -148.013138 -19.628395 113.928284
v -148.153168 -19.636003 119.569588
v -148.028992 -19.629255 119.581612
v -147.889832 -19.621695 113.912567
v -147.905579 -19.622549 119.599838
v -147.767456 -19.615044 113.890717
v -147.783218 -19.615902 119.624207
v -147.646317 -19.608461 113.862801
v -147.662231 -19.609327 119.654678
v -147.526718 -19.601963 113.828873
v -147.542923 -19.602844 119.691154
v -147.408951 -19.595564 113.789032
v -147.425568 -19.596468 119.733559
v -147.293320 -19.589281 113.743362
v -147.310486 -19.590214 119.781784
v -147.180099 -19.583128 113.691986
v -147.197952 -19.584099 119.835709
v -147.069565 -19.577122 113.635033
v -147.088242 -19.578136 119.895187
v -146.962006 -19.571278 113.572639
v -146.981644 -19.572346 119.960091
v -146.857681 -19.565609 113.504959
v -146.878418 -19.566736 120.030243
v -146.756851 -19.560129 113.432159
v -146.778809 -19.561323 120.105469
v -146.659744 -19.554853 113.354431
v -146.683090 -19.556122 120.185585
v -146.566650 -19.549795 113.271950
v -146.591476 -19.551144 120.270393
v -146.477753 -19.544964 113.184937
v -146.504211 -19.546402 120.359680
v -146.393295 -19.540375 113.093597
v -146.421524 -19.541908 120.453217
v -146.313492 -19.536037 112.998161
v -146.343597 -19.537674 120.550774
v -146.238525 -19.531965 112.898865
v -146.270630 -19.533709 120.652115
v -146.168579 -19.528164 112.795952
v -146.202805 -19.530024 120.756973
v -146.103836 -19.524647 112.689682
v -146.140305 -19.526627 120.865097
v -146.044464 -19.521420 112.580315
v -145.990601 -19.518494 112.468124
v -146.083267 -19.523529 120.976212
v -146.031845 -19.520735 121.090042
v -145.942383 -19.515873 112.353386
v -148.527115 -19.656322 124.555511
v -150.586945 -19.768251 126.671844
v -148.651199 -19.663065 124.542603
v -148.774475 -19.669765 124.523499
v -148.896652 -19.676403 124.498253
v -149.017426 -19.682966 124.466919
v -149.136475 -19.689434 124.429588
v -149.253510 -19.695795 124.386345
v -149.368256 -19.702030 124.337303
v -149.480408 -19.708124 124.282585
v -149.589676 -19.714062 124.222313
v -149.695816 -19.719830 124.156654
v -149.798538 -19.725410 124.085770
v -149.897614 -19.730793 124.009834
v -149.992767 -19.735964 123.929039
v -150.083771 -19.740910 123.843575
v -150.170395 -19.745617 123.753670
v -150.252426 -19.750074 123.659546
v -150.329651 -19.754271 123.561432
v -150.401901 -19.758196 123.459572
v -150.468964 -19.761841 123.354233
v -150.530701 -19.765196 123.245667
v -150.586945 -19.768251 123.134148
v -148.402527 -19.649553 124.562195
v -148.277786 -19.642775 124.562645
v -148.153168 -19.636003 124.556847
v -148.028992 -19.629255 124.544823
v -147.905579 -19.622549 124.526596
v -147.783218 -19.615902 124.502228
v -145.884674 -19.512737 121.566742
v -145.862961 -19.511557 121.689774
v -145.847412 -19.510712 121.813736
v -145.838058 -19.510204 121.938316
v -145.834946 -19.510035 122.063217
v -145.838058 -19.510204 122.188110
v -145.847412 -19.510712 122.312698
v -145.862961 -19.511557 122.436661
v -145.884674 -19.512737 122.559692
v -145.912491 -19.514248 122.681480
v -145.946350 -19.516088 122.801727
v -145.986176 -19.518253 122.920128
v -146.031845 -19.520735 123.036385
v -146.083267 -19.523529 123.150215
v -146.140305 -19.526627 123.261337
v -146.202805 -19.530024 123.369461
v -146.270630 -19.533709 123.474319
v -146.343597 -19.537674 123.575661
v -146.421524 -19.541908 123.673218
v -146.504211 -19.546402 123.766754
v -146.591476 -19.551144 123.856041
v -146.683090 -19.556122 123.940849
v -146.778809 -19.561323 124.020966
v -146.878418 -19.566736 124.096191
v -146.981644 -19.572346 124.166344
v -147.088242 -19.578136 124.231247
v -147.197952 -19.584099 124.290726
v -147.310486 -19.590214 124.344650
v -147.425568 -19.596468 124.392876
v -147.542923 -19.602844 124.435280
v -147.662231 -19.609327 124.471756
v -145.832703 -19.509912 111.996773
v -145.863327 -19.511578 112.117416
v -145.899918 -19.513565 112.236389
v -145.912491 -19.514248 121.444954
v -145.946350 -19.516088 121.324707
v -145.986176 -19.518253 121.206306
v -108.334831 -23.267647 126.671844
v -108.448776 -21.170742 126.671844
v -150.749725 -16.772671 110.519203
v -102.956879 -20.872320 126.671844
v -150.246536 -16.745329 123.843575
v -150.333160 -16.750036 123.753670
v -150.749725 -16.772671 126.671844
v -150.155533 -16.740383 123.929039
v -150.415192 -16.754494 123.659546
v -150.060379 -16.735212 124.009834
v -150.492432 -16.758690 123.561432
v -149.961319 -16.729830 124.085770
v -150.564682 -16.762615 123.459572
v -149.858597 -16.724249 124.156654
v -150.631744 -16.766260 123.354233
v -149.752457 -16.718481 124.222313
v -150.693481 -16.769615 123.245667
v -149.643173 -16.712543 124.282585
v -150.749725 -16.772671 123.134148
v -149.531036 -16.706450 124.337303
v -149.416290 -16.700214 124.386345
v -149.299255 -16.693853 124.429588
v -149.180191 -16.687386 124.466919
v -149.059433 -16.680822 124.498253
v -148.937256 -16.674185 124.523499
v -148.813965 -16.667484 124.542603
v -148.689880 -16.660742 124.555511
v -148.565308 -16.653973 124.562195
v -148.440552 -16.647194 124.562645
v -148.315933 -16.640423 124.556847
v -148.191772 -16.633675 124.544823
v -148.068344 -16.626968 124.526596
v -147.945999 -16.620321 124.502228
v -146.754257 -16.555563 123.856041
v -143.760025 -16.392862 126.671844
v -146.666992 -16.550821 123.766754
v -146.845871 -16.560541 123.940849
v -146.941589 -16.565742 124.020966
v -147.041183 -16.571156 124.096191
v -147.144424 -16.576763 124.166344
v -147.251022 -16.582556 124.231247
v -147.360733 -16.588518 124.290726
v -147.473267 -16.594633 124.344650
v -147.588348 -16.600885 124.392876
v -147.705688 -16.607264 124.435280
v -147.825012 -16.613747 124.471756
v -146.584290 -16.546328 123.673218
v -146.506363 -16.542093 123.575661
v -146.433395 -16.538128 123.474319
v -146.365585 -16.534443 123.369461
v -146.303070 -16.531046 123.261337
v -146.246048 -16.527948 123.150215
v -146.194626 -16.525154 123.036385
v -146.148941 -16.522671 122.920128
v -146.109131 -16.520508 122.801727
v -146.075272 -16.518667 122.681480
v -146.047440 -16.517157 122.559692
v -146.025726 -16.515976 122.436661
v -146.010178 -16.515131 122.312698
v -146.000839 -16.514624 122.188110
v -145.997726 -16.514454 122.063217
v -146.000839 -16.514624 121.938316
v -146.010178 -16.515131 121.813736
v -146.025726 -16.515976 121.689774
v -146.047440 -16.517157 121.566742
v -150.246536 -16.745329 120.282860
v -150.210846 -16.743389 113.192482
v -150.333160 -16.750036 120.372765
v -150.121582 -16.738539 113.279121
v -150.155533 -16.740383 120.197395
v -150.295685 -16.747999 113.101501
v -150.415192 -16.754494 120.466888
v -150.060379 -16.735212 120.116600
v -150.028137 -16.733461 113.361206
v -150.375900 -16.752357 113.006401
v -150.492432 -16.758690 120.565002
v -149.961319 -16.729830 120.040665
v -149.930725 -16.728167 113.438530
v -150.451279 -16.756454 112.907425
v -150.564682 -16.762615 120.666855
v -149.858597 -16.724249 119.969772
v -149.829575 -16.722672 113.510895
v -150.521652 -16.760279 112.804810
v -150.631744 -16.766260 120.772202
v -149.724960 -16.716988 113.578133
v -149.752457 -16.718481 119.904114
v -150.586838 -16.763821 112.698814
v -150.693481 -16.769615 120.880768
v -149.643173 -16.712543 119.843849
v -149.617142 -16.711128 113.640076
v -150.646683 -16.767071 112.589699
v -150.749725 -16.772671 120.992287
v -149.531036 -16.706450 119.789131
v -149.506378 -16.705109 113.696564
v -150.701019 -16.770023 112.477737
v -149.416290 -16.700214 119.740082
v -149.392944 -16.698946 113.747459
v -150.749725 -16.772671 112.363205
v -149.299255 -16.693853 119.696846
v -149.277115 -16.692652 113.792633
v -149.180191 -16.687386 119.659515
v -149.159180 -16.686243 113.831978
v -149.039444 -16.679737 113.865402
v -149.059433 -16.680822 119.628181
v -148.937256 -16.674185 119.602936
v -148.918182 -16.673147 113.892807
v -148.813965 -16.667484 119.583832
v -148.795715 -16.666492 113.914139
v -148.689880 -16.660742 119.570923
v -148.672348 -16.659790 113.929337
v -148.565308 -16.653973 119.564240
v -148.548370 -16.653053 113.938362
v -148.440552 -16.647194 119.563789
v -148.424103 -16.646299 113.941200
v -148.315933 -16.640423 119.569588
v -148.299850 -16.639547 113.937836
v -148.175919 -16.632814 113.928284
v -148.191772 -16.633675 119.581612
v -148.052597 -16.626114 113.912567
v -148.068344 -16.626968 119.599838
v -147.945999 -16.620321 119.624207
v -147.930237 -16.619463 113.890717
v -147.825012 -16.613747 119.654678
v -147.809097 -16.612881 113.862801
v -147.689499 -16.606382 113.828873
v -147.705688 -16.607264 119.691154
v -147.588348 -16.600885 119.733559
v -147.571732 -16.599983 113.789032
v -147.456100 -16.593700 113.743362
v -147.473267 -16.594633 119.781784
v -147.342865 -16.587547 113.691986
v -147.360733 -16.588518 119.835709
v -147.232346 -16.581541 113.635033
v -147.251022 -16.582556 119.895187
v -147.124786 -16.575697 113.572639
v -147.144424 -16.576763 119.960091
v -147.020447 -16.570028 113.504959
v -147.041183 -16.571156 120.030243
v -146.941589 -16.565742 120.105469
v -146.919617 -16.564548 113.432159
v -146.822525 -16.559273 113.354431
v -146.845871 -16.560541 120.185585
v -146.754257 -16.555563 120.270393
v -146.729416 -16.554214 113.271950
v -146.640533 -16.549383 113.184937
v -146.666992 -16.550821 120.359680
v -146.584290 -16.546328 120.453217
v -146.556076 -16.544794 113.093597
v -146.506363 -16.542093 120.550774
v -146.476273 -16.540457 112.998161
v -146.433395 -16.538128 120.652115
v -146.401291 -16.536385 112.898865
v -146.365585 -16.534443 120.756973
v -146.331360 -16.532583 112.795952
v -146.303070 -16.531046 120.865097
v -146.266617 -16.529066 112.689682
v -146.246048 -16.527948 120.976212
v -146.207245 -16.525839 112.580315
v -146.194626 -16.525154 121.090042
v -146.153381 -16.522913 112.468124
v -146.105148 -16.520292 112.353386
v -150.701019 -16.770023 110.404671
v -150.646683 -16.767071 110.292709
v -150.586838 -16.763821 110.183594
v -150.521652 -16.760279 110.077599
v -150.451279 -16.756454 109.974983
v -150.375900 -16.752357 109.876007
v -150.295685 -16.747999 109.780907
v -150.210846 -16.743389 109.689926
v -150.121582 -16.738539 109.603287
v -150.028137 -16.733461 109.521202
v -149.930725 -16.728167 109.443878
v -149.829575 -16.722672 109.371513
v -149.724960 -16.716988 109.304276
v -149.617142 -16.711128 109.242332
v -149.506378 -16.705109 109.185844
v -149.392944 -16.698946 109.134949
v -149.277115 -16.692652 109.089775
v -149.159180 -16.686243 109.050430
v -149.039444 -16.679737 109.017014
v -148.918182 -16.673147 108.989601
v -148.795715 -16.666492 108.968269
v -148.672348 -16.659790 108.953072
v -148.548370 -16.653053 108.944046
v -148.424103 -16.646299 108.941208
v -148.299850 -16.639547 108.944572
v -148.175919 -16.632814 108.954124
v -148.052597 -16.626114 108.969841
v -147.930237 -16.619463 108.991692
v -147.809097 -16.612881 109.019608
v -147.689499 -16.606382 109.053535
v -147.571732 -16.599983 109.093376
v -147.456100 -16.593700 109.139046
v -147.342865 -16.587547 109.190422
v -147.232346 -16.581541 109.247375
v -147.124786 -16.575697 109.309769
v -147.020447 -16.570028 109.377449
v -146.919617 -16.564548 109.450249
v -146.822525 -16.559273 109.527977
v -146.729416 -16.554214 109.610458
v -146.640533 -16.549383 109.697472
v -146.556076 -16.544794 109.788811
v -146.476273 -16.540457 109.884247
v -146.401291 -16.536385 109.983543
v -146.331360 -16.532583 110.086456
v -146.266617 -16.529066 110.192726
v -146.207245 -16.525839 110.302094
v -146.153381 -16.522913 110.414284
v -146.105148 -16.520292 110.529022
v -146.062698 -16.517984 110.646019
v -146.026108 -16.515997 110.764992
v -145.995468 -16.514332 110.885635
v -145.970871 -16.512995 111.007660
v -145.952377 -16.511990 111.130760
v -145.940018 -16.511318 111.254631
v -145.933823 -16.510983 111.378960
v -145.933823 -16.510983 111.503448
v -145.940018 -16.511318 111.627777
v -145.952377 -16.511990 111.751648
v -145.970871 -16.512995 111.874748
v -145.995468 -16.514332 111.996773
v -146.026108 -16.515997 112.117416
v -146.062698 -16.517984 112.236389
v -146.075272 -16.518667 121.444954
v -146.109131 -16.520508 121.324707
v -146.148941 -16.522671 121.206306
v -103.156303 -17.202255 126.671844
v -145.317963 12.278069 126.671844
v -96.613342 -16.846720 124.096550
v -96.526741 -16.842014 124.006584
v -96.166611 -16.822445 126.671844
v -96.704323 -16.851664 124.182068
v -96.444740 -16.837559 123.912399
v -96.799461 -16.856834 124.262924
v -96.367538 -16.833364 123.814224
v -96.898506 -16.862215 124.338921
v -96.295334 -16.829439 123.712311
v -97.001228 -16.867798 124.409866
v -96.228302 -16.825798 123.606918
v -97.107353 -16.873564 124.475586
v -96.166611 -16.822445 123.498291
v -97.216629 -16.879501 124.535912
v -97.328781 -16.885595 124.590691
v -97.443520 -16.891830 124.639786
v -97.560570 -16.898191 124.683083
v -97.679634 -16.904661 124.720467
v -97.800415 -16.911224 124.751846
v -97.922607 -16.917864 124.777145
v -98.045906 -16.924564 124.796288
v -98.170013 -16.931307 124.809250
v -98.294609 -16.938078 124.815971
v -98.419388 -16.944859 124.816460
v -98.544029 -16.951632 124.810699
v -98.668236 -16.958380 124.798706
v -98.791679 -16.965088 124.780518
v -98.914070 -16.971739 124.756172
v -99.035088 -16.978313 124.725731
v -99.154434 -16.984798 124.689278
v -99.271812 -16.991177 124.646889
v -99.386932 -16.997433 124.598686
v -99.499504 -17.003550 124.544777
v -99.609245 -17.009512 124.485306
v -99.715881 -17.015306 124.420418
v -99.819145 -17.020918 124.350273
v -99.918777 -17.026333 124.275047
v -100.014534 -17.031536 124.194931
v -100.106178 -17.036516 124.110123
v -100.193474 -17.041260 124.020828
v -100.276199 -17.045753 123.927284
v -100.354164 -17.049990 123.829720
v -100.427155 -17.053957 123.728371
v -100.495003 -17.057644 123.623497
v -100.557526 -17.061041 123.515358
v -100.614586 -17.064142 123.404221
v -100.666023 -17.066936 123.290375
v -100.711716 -17.069420 123.174095
v -100.751549 -17.071585 123.055672
v -100.785423 -17.073425 122.935402
v -100.813255 -17.074938 122.813591
v -100.834976 -17.076117 122.690536
v -100.850533 -17.076963 122.566551
v -100.859879 -17.077471 122.441940
v -100.862999 -17.077641 122.317017
v -100.859879 -17.077471 122.192093
v -100.850533 -17.076963 122.067482
v -100.834976 -17.076117 121.943497
v -100.813255 -17.074938 121.820442
v -96.613342 -16.846720 120.537483
v -96.484665 -16.839727 113.120781
v -96.526741 -16.842014 120.627449
v -96.398056 -16.835022 113.030830
v -96.444740 -16.837559 120.721634
v -96.704323 -16.851664 120.451965
v -96.575653 -16.844671 113.206276
v -96.316040 -16.830564 112.936668
v -96.367538 -16.833364 120.819809
v -96.670792 -16.849842 113.287117
v -96.799461 -16.856834 120.371109
v -96.238831 -16.826370 112.838509
v -96.295334 -16.829439 120.921722
v -96.898506 -16.862215 120.295113
v -96.769844 -16.855225 113.363098
v -96.166611 -16.822445 112.736618
v -96.228302 -16.825798 121.027115
v -96.166611 -16.822445 121.135742
v -96.872566 -16.860806 113.434029
v -97.001228 -16.867798 120.224167
v -96.978699 -16.866573 113.499725
v -97.107353 -16.873564 120.158447
v -97.087975 -16.872511 113.560028
v -97.216629 -16.879501 120.098122
v -97.200119 -16.878605 113.614792
v -97.328781 -16.885595 120.043343
v -97.314865 -16.884840 113.663872
v -97.443520 -16.891830 119.994247
v -97.431908 -16.891199 113.707153
v -97.560570 -16.898191 119.950951
v -97.550964 -16.897669 113.744522
v -97.679634 -16.904661 119.913567
v -97.671745 -16.904232 113.775887
v -97.800415 -16.911224 119.882187
v -97.793930 -16.910872 113.801163
v -97.922607 -16.917864 119.856888
v -97.917229 -16.917572 113.820297
v -98.045906 -16.924564 119.837746
v -98.041328 -16.924314 113.833244
v -98.170013 -16.931307 119.824791
v -98.165916 -16.931086 113.839958
v -98.294609 -16.938078 119.818062
v -98.290688 -16.937864 113.840431
v -98.419388 -16.944859 119.817574
v -98.415321 -16.944637 113.834656
v -98.544029 -16.951632 119.823334
v -98.539513 -16.951385 113.822655
v -98.668236 -16.958380 119.835327
v -98.662956 -16.958094 113.804459
v -98.791679 -16.965088 119.853516
v -98.785332 -16.964743 113.780098
v -98.914070 -16.971739 119.877861
v -98.906342 -16.971317 113.749657
v -99.035088 -16.978313 119.908302
v -99.154434 -16.984798 119.944756
v -99.025681 -16.977802 113.713188
v -99.271812 -16.991177 119.987144
v -99.143051 -16.984180 113.670799
v -99.386932 -16.997433 120.035347
v -99.258156 -16.990435 113.622589
v -99.499504 -17.003550 120.089256
v -99.370712 -16.996552 113.568672
v -99.609245 -17.009512 120.148727
v -99.480446 -17.002514 113.509201
v -99.715881 -17.015306 120.213615
v -99.587067 -17.008308 113.444305
v -99.819145 -17.020918 120.283760
v -99.690323 -17.013918 113.374161
v -99.789948 -17.019333 113.298935
v -99.918777 -17.026333 120.358986
v -99.885696 -17.024534 113.218819
v -100.014534 -17.031536 120.439102
v -99.977325 -17.029514 113.134010
v -100.106178 -17.036516 120.523911
v -100.064613 -17.034256 113.044724
v -100.193474 -17.041260 120.613205
v -100.147331 -17.038752 112.951180
v -100.276199 -17.045753 120.706749
v -100.225281 -17.042988 112.853607
v -100.354164 -17.049990 120.804314
v -100.298264 -17.046953 112.752266
v -100.427155 -17.053957 120.905663
v -100.366104 -17.050640 112.647392
v -100.495003 -17.057644 121.010536
v -100.428627 -17.054037 112.539261
v -100.557526 -17.061041 121.118675
v -100.485672 -17.057137 112.428131
v -100.614586 -17.064142 121.229813
v -100.537102 -17.059931 112.314293
v -100.666023 -17.066936 121.343658
v -97.200119 -16.878605 109.067192
v -97.087975 -16.872511 109.121956
v -96.978699 -16.866573 109.182259
v -96.872566 -16.860806 109.247955
v -96.769844 -16.855225 109.318886
v -96.670792 -16.849842 109.394867
v -96.575653 -16.844671 109.475700
v -96.484665 -16.839727 109.561203
v -96.398056 -16.835022 109.651154
v -96.316040 -16.830564 109.745316
v -96.238831 -16.826370 109.843475
v -96.166611 -16.822445 109.945366
v -98.290688 -16.937864 108.841553
v -98.165916 -16.931086 108.842026
v -98.041328 -16.924314 108.848740
v -97.917229 -16.917572 108.861687
v -97.793930 -16.910872 108.880821
v -97.671745 -16.904232 108.906097
v -97.550964 -16.897669 108.937462
v -97.431908 -16.891199 108.974831
v -97.314865 -16.884840 109.018112
v -98.415321 -16.944637 108.847328
v -98.539513 -16.951385 108.859329
v -98.662956 -16.958094 108.877525
v -98.785332 -16.964743 108.901878
v -100.684326 -17.067930 111.837532
v -100.706039 -17.069111 111.714485
v -100.721596 -17.069956 111.590508
v -100.730942 -17.070465 111.465904
v -100.734062 -17.070633 111.340988
v -100.730942 -17.070465 111.216080
v -100.721596 -17.069956 111.091476
v -100.706039 -17.069111 110.967491
v -100.684326 -17.067930 110.844452
v -100.656494 -17.066420 110.722641
v -100.622620 -17.064579 110.602379
v -100.582794 -17.062414 110.483971
v -100.537102 -17.059931 110.367691
v -100.485672 -17.057137 110.253845
v -100.428627 -17.054037 110.142723
v -100.366104 -17.050640 110.034584
v -100.298264 -17.046953 109.929718
v -100.225281 -17.042988 109.828369
v -100.147331 -17.038752 109.730804
v -100.064613 -17.034256 109.637260
v -99.977325 -17.029514 109.547974
v -99.885696 -17.024534 109.463165
v -99.789948 -17.019333 109.383049
v -99.690323 -17.013918 109.307823
v -99.587067 -17.008308 109.237679
v -99.480446 -17.002514 109.172783
v -99.370712 -16.996552 109.113304
v -99.258156 -16.990435 109.059395
v -99.143051 -16.984180 109.011185
v -99.025681 -16.977802 108.968796
v -98.906342 -16.971317 108.932327
v -100.785423 -17.073425 121.698631
v -100.751549 -17.071585 121.578362
v -100.711716 -17.069420 121.459938
v -100.656494 -17.066420 111.959335
v -100.622620 -17.064579 112.079597
v -100.582794 -17.062414 112.198013
v -105.930412 15.419803 107.671844
v -144.373703 13.330853 107.671844
v -96.329391 -13.826865 109.945366
v -104.877625 14.475534 126.671844
v -103.319077 -14.206674 126.671844
v -96.647438 -13.844147 109.561203
v -96.560829 -13.839441 109.651154
v -96.738426 -13.849092 109.475700
v -96.478821 -13.834985 109.745316
v -96.833565 -13.854261 109.394867
v -96.401611 -13.830790 109.843475
v -96.932617 -13.859644 109.318886
v -97.035339 -13.865225 109.247955
v -97.141472 -13.870992 109.182259
v -97.250748 -13.876930 109.121956
v -97.362900 -13.883024 109.067192
v -97.477638 -13.889259 109.018112
v -97.594681 -13.895619 108.974831
v -97.713745 -13.902088 108.937462
v -97.834518 -13.908651 108.906097
v -97.956711 -13.915291 108.880821
v -98.080009 -13.921990 108.861687
v -98.204102 -13.928734 108.848740
v -98.328690 -13.935504 108.842026
v -98.453461 -13.942284 108.841553
v -98.578102 -13.949057 108.847328
v -98.702293 -13.955805 108.859329
v -98.825729 -13.962512 108.877525
v -98.948105 -13.969162 108.901878
v -100.140099 -14.033933 109.547974
v -100.227386 -14.038676 109.637260
v -100.048470 -14.028955 109.463165
v -99.952721 -14.023751 109.383049
v -99.853096 -14.018338 109.307823
v -99.749847 -14.012727 109.237679
v -99.643219 -14.006933 109.172783
v -99.533493 -14.000971 109.113304
v -99.420929 -13.994855 109.059395
v -99.305824 -13.988600 109.011185
v -99.188454 -13.982222 108.968796
v -99.069115 -13.975738 108.932327
v -100.310104 -14.043171 109.730804
v -100.388054 -14.047406 109.828369
v -100.461044 -14.051373 109.929718
v -100.528877 -14.055058 110.034584
v -100.591400 -14.058456 110.142723
v -100.648445 -14.061556 110.253845
v -100.699883 -14.064351 110.367691
v -100.745567 -14.066833 110.483971
v -100.785400 -14.068997 110.602379
v -100.819267 -14.070838 110.722641
v -100.847099 -14.072351 110.844452
v -100.868820 -14.073530 110.967491
v -100.884369 -14.074375 111.091476
v -100.893715 -14.074883 111.216080
v -100.896835 -14.075053 111.340988
v -100.893715 -14.074883 111.465904
v -100.884369 -14.074375 111.590508
v -100.868820 -14.073530 111.714485
v -100.847099 -14.072351 111.837532
v -96.738426 -13.849092 113.206276
v -96.776123 -13.851139 120.537483
v -96.647438 -13.844147 113.120781
v -96.689522 -13.846434 120.627449
v -96.560829 -13.839441 113.030830
v -96.833565 -13.854261 113.287117
v -96.867104 -13.856083 120.451965
v -96.607513 -13.841978 120.721634
v -96.478821 -13.834985 112.936668
v -96.962234 -13.861253 120.371109
v -96.932617 -13.859644 113.363098
v -96.530319 -13.837783 120.819809
v -96.401611 -13.830790 112.838509
v -97.035339 -13.865225 113.434029
v -97.061287 -13.866635 120.295113
v -96.458107 -13.833859 120.921722
v -96.329391 -13.826865 112.736618
v -97.164001 -13.872216 120.224167
v -97.141472 -13.870992 113.499725
v -96.391075 -13.830217 121.027115
v -97.250748 -13.876930 113.560028
v -97.270134 -13.877983 120.158447
v -96.329391 -13.826865 121.135742
v -97.379410 -13.883922 120.098122
v -97.362900 -13.883024 113.614792
v -97.491554 -13.890016 120.043343
v -97.477638 -13.889259 113.663872
v -97.606300 -13.896250 119.994247
v -97.594681 -13.895619 113.707153
v -97.723343 -13.902611 119.950951
v -97.713745 -13.902088 113.744522
v -97.842407 -13.909080 119.913567
v -97.834518 -13.908651 113.775887
v -97.963188 -13.915643 119.882187
v -97.956711 -13.915291 113.801163
v -98.085381 -13.922283 119.856888
v -98.080009 -13.921990 113.820297
v -98.208687 -13.928983 119.837746
v -98.204102 -13.928734 113.833244
v -98.332787 -13.935726 119.824791
v -98.328690 -13.935504 113.839958
v -98.457382 -13.942497 119.818062
v -98.453461 -13.942284 113.840431
v -98.582161 -13.949277 119.817574
v -98.578102 -13.949057 113.834656
v -98.706810 -13.956050 119.823334
v -98.702293 -13.955805 113.822655
v -98.825729 -13.962512 113.804459
v -98.831009 -13.962799 119.835327
v -98.954453 -13.969507 119.853516
v -98.948105 -13.969162 113.780098
v -99.076843 -13.976157 119.877861
v -99.069115 -13.975738 113.749657
v -99.197861 -13.982734 119.908302
v -99.188454 -13.982222 113.713188
v -99.317207 -13.989219 119.944756
v -99.305824 -13.988600 113.670799
v -99.434593 -13.995597 119.987144
v -99.420929 -13.994855 113.622589
v -99.549706 -14.001852 120.035347
v -99.533493 -14.000971 113.568672
v -99.662277 -14.007969 120.089256
v -99.643219 -14.006933 113.509201
v -99.772018 -14.013932 120.148727
v -99.749847 -14.012727 113.444305
v -99.878654 -14.019727 120.213615
v -99.853096 -14.018338 113.374161
v -99.981918 -14.025338 120.283760
v -99.952721 -14.023751 113.298935
v -100.081551 -14.030752 120.358986
v -100.048470 -14.028955 113.218819
v -100.177315 -14.035955 120.439102
v -100.140099 -14.033933 113.134010
v -100.268951 -14.040935 120.523911
v -100.227386 -14.038676 113.044724
v -100.310104 -14.043171 112.951180
v -100.356247 -14.045678 120.613205
v -100.388054 -14.047406 112.853607
v -100.438980 -14.050174 120.706749
v -100.516937 -14.054410 120.804314
v -100.461044 -14.051373 112.752266
v -100.589928 -14.058376 120.905663
v -100.528877 -14.055058 112.647392
v -100.657776 -14.062063 121.010536
v -100.591400 -14.058456 112.539261
v -100.720306 -14.065460 121.118675
v -100.648445 -14.061556 112.428131
v -100.777359 -14.068561 121.229813
v -100.699883 -14.064351 112.314293
v -100.828796 -14.071356 121.343658
v -96.391075 -13.830217 123.606918
v -96.329391 -13.826865 126.671844
v -96.329391 -13.826865 123.498291
v -96.458107 -13.833859 123.712311
v -96.530319 -13.837783 123.814224
v -96.607513 -13.841978 123.912399
v -96.689522 -13.846434 124.006584
v -96.776123 -13.851139 124.096550
v -96.867104 -13.856083 124.182068
v -96.962234 -13.861253 124.262924
v -97.061287 -13.866635 124.338921
v -97.164001 -13.872216 124.409866
v -97.270134 -13.877983 124.475586
v -97.379410 -13.883922 124.535912
v -97.491554 -13.890016 124.590691
v -97.606300 -13.896250 124.639786
v -97.723343 -13.902611 124.683083
v -97.842407 -13.909080 124.720467
v -97.963188 -13.915643 124.751846
v -98.085381 -13.922283 124.777145
v -98.208687 -13.928983 124.796288
v -98.332787 -13.935726 124.809250
v -98.457382 -13.942497 124.815971
v -98.582161 -13.949277 124.816460
v -98.706810 -13.956050 124.810699
v -98.831009 -13.962799 124.798706
v -98.954453 -13.969507 124.780518
v -99.076843 -13.976157 124.756172
v -100.720306 -14.065460 123.515358
v -100.657776 -14.062063 123.623497
v -100.777359 -14.068561 123.404221
v -100.828796 -14.071356 123.290375
v -100.874489 -14.073838 123.174095
v -100.914322 -14.076003 123.055672
v -100.948204 -14.077844 122.935402
v -101.022652 -14.081890 122.192093
v -101.025772 -14.082059 122.317017
v -100.976036 -14.079356 122.813591
v -101.013306 -14.081382 122.067482
v -100.997757 -14.080537 122.690536
v -100.997757 -14.080537 121.943497
v -101.013306 -14.081382 122.566551
v -100.976036 -14.079356 121.820442
v -101.022652 -14.081890 122.441940
v -99.197861 -13.982734 124.725731
v -99.317207 -13.989219 124.689278
v -99.434593 -13.995597 124.646889
v -99.549706 -14.001852 124.598686
v -99.662277 -14.007969 124.544777
v -99.772018 -14.013932 124.485306
v -99.878654 -14.019727 124.420418
v -99.981918 -14.025338 124.350273
v -100.081551 -14.030752 124.275047
v -100.177315 -14.035955 124.194931
v -100.268951 -14.040935 124.110123
v -100.356247 -14.045678 124.020828
v -100.438980 -14.050174 123.927284
v -100.516937 -14.054410 123.829720
v -100.589928 -14.058376 123.728371
v -100.948204 -14.077844 121.698631
v -100.914322 -14.076003 121.578362
v -100.874489 -14.073838 121.459938
v -100.819267 -14.070838 111.959335
v -100.785400 -14.068997 112.079597
v -100.745567 -14.066833 112.198013
v -142.756882 -25.638826 126.171844
v -130.411499 -24.967997 120.605545
v -108.806969 -23.794039 126.171844
v -130.620071 -24.979330 120.819710
v -130.839066 -24.991230 121.023193
v -130.213837 -24.957256 120.381233
v -131.067902 -25.003664 121.215492
v -130.027573 -24.947134 120.147331
v -131.306030 -25.016603 121.396133
v -129.853195 -24.937660 119.904427
v -131.552841 -25.030016 121.564659
v -129.691116 -24.928852 119.653114
v -131.807739 -25.043867 121.720657
v -129.541763 -24.920736 119.394028
v -132.070099 -25.058123 121.863739
v -129.405472 -24.913330 119.127808
v -132.339233 -25.072746 121.993538
v -129.282608 -24.906654 118.855118
v -132.614517 -25.087706 122.109749
v -129.173477 -24.900724 118.576630
v -132.895218 -25.102959 122.212067
v -129.078339 -24.895555 118.293037
v -133.180679 -25.118469 122.300255
v -128.997421 -24.891157 118.005051
v -133.470169 -25.134199 122.374077
v -128.930954 -24.887547 117.713387
v -128.879074 -24.884727 117.418762
v -128.841934 -24.882710 117.121910
v -128.819611 -24.881496 116.823578
v -128.812164 -24.881092 116.524506
v -128.819611 -24.881496 116.225433
v -128.841934 -24.882710 115.927101
v -128.879074 -24.884727 115.630249
v -128.930954 -24.887547 115.335632
v -128.997421 -24.891157 115.043961
v -129.078339 -24.895555 114.755974
v -129.173477 -24.900724 114.472382
v -129.282608 -24.906654 114.193893
v -129.405472 -24.913330 113.921204
v -129.541763 -24.920736 113.654984
v -129.691116 -24.928852 113.395897
v -135.548294 -25.247122 122.477943
v -135.251038 -25.230970 122.507729
v -135.843674 -25.263172 122.433350
v -136.136490 -25.279083 122.374077
v -136.425980 -25.294813 122.300255
v -136.711426 -25.310326 122.212067
v -136.992142 -25.325579 122.109749
v -137.267410 -25.340536 121.993538
v -137.536560 -25.355162 121.863739
v -137.798904 -25.369417 121.720657
v -138.053802 -25.383268 121.564659
v -133.762970 -25.150110 122.433350
v -134.058365 -25.166162 122.477943
v -134.355606 -25.182314 122.507729
v -134.653961 -25.198526 122.522644
v -134.952698 -25.214758 122.522644
v -129.853195 -24.937660 113.144585
v -138.300629 -25.396679 121.396133
v -130.027573 -24.947134 112.901680
v -138.538757 -25.409620 121.215492
v -130.213837 -24.957256 112.667778
v -138.767593 -25.422054 121.023193
v -130.411499 -24.967997 112.443466
v -138.986572 -25.433954 120.819710
v -130.620071 -24.979330 112.229301
v -139.195160 -25.445288 120.605545
v -130.839066 -24.991230 112.025818
v -139.392822 -25.456028 120.381233
v -131.067902 -25.003664 111.833519
v -139.579071 -25.466148 120.147331
v -131.306030 -25.016603 111.652878
v -139.753448 -25.475624 119.904427
v -131.552841 -25.030016 111.484352
v -139.915527 -25.484430 119.653114
v -131.807739 -25.043867 111.328354
v -140.064896 -25.492548 119.394028
v -132.070099 -25.058123 111.185272
v -140.201172 -25.499952 119.127808
v -140.324036 -25.506628 118.855118
v -140.433182 -25.512560 118.576630
v -140.528320 -25.517729 118.293037
v -140.609222 -25.522125 118.005051
v -140.675705 -25.525738 117.713387
v -140.727570 -25.528557 117.418762
v -140.764709 -25.530575 117.121910
v -140.787033 -25.531788 116.823578
v -140.794495 -25.532192 116.524506
v -140.787033 -25.531788 116.225433
v -140.764709 -25.530575 115.927101
v -140.727570 -25.528557 115.630249
v -140.675705 -25.525738 115.335632
v -140.609222 -25.522125 115.043961
v -140.528320 -25.517729 114.755974
v -140.433182 -25.512560 114.472382
v -140.324036 -25.506628 114.193893
v -140.201172 -25.499952 113.921204
v -140.064896 -25.492548 113.654984
v -139.915527 -25.484430 113.395897
v -139.753448 -25.475624 113.144585
v -139.579071 -25.466148 112.901680
v -139.392822 -25.456028 112.667778
v -139.195160 -25.445288 112.443466
v -138.986572 -25.433954 112.229301
v -138.767593 -25.422054 112.025818
v -138.538757 -25.409620 111.833519
v -138.300629 -25.396679 111.652878
v -138.053802 -25.383268 111.484352
v -137.798904 -25.369417 111.328354
v -137.536560 -25.355162 111.185272
v -137.267410 -25.340536 111.055473
v -136.992142 -25.325579 110.939262
v -136.711426 -25.310326 110.836945
v -136.425980 -25.294813 110.748764
v -136.136490 -25.279083 110.674942
v -135.843674 -25.263172 110.615662
v -135.548294 -25.247122 110.571068
v -135.251038 -25.230970 110.541283
v -134.952698 -25.214758 110.526375
v -134.653961 -25.198526 110.526375
v -134.355606 -25.182314 110.541283
v -134.058365 -25.166162 110.571068
v -133.762970 -25.150110 110.615662
v -133.470169 -25.134199 110.674942
v -133.180679 -25.118469 110.748764
v -132.895218 -25.102959 110.836945
v -132.614517 -25.087706 110.939262
v -132.339233 -25.072746 111.055473
v -144.373703 13.330853 125.671844
v -105.930412 15.419803 125.671844
v -140.740234 -26.530720 116.524506
v -140.732788 -26.530315 116.225433
v -140.710464 -26.529102 115.927101
v -140.673309 -26.527082 115.630249
v -140.621445 -26.524265 115.335632
v -140.554962 -26.520653 115.043961
v -140.474060 -26.516256 114.755974
v -140.378922 -26.511086 114.472382
v -140.269775 -26.505156 114.193893
v -140.146927 -26.498480 113.921204
v -140.010635 -26.491074 113.654984
v -139.861267 -26.482958 113.395897
v -139.699203 -26.474152 113.144585
v -139.524811 -26.464676 112.901680
v -139.338562 -26.454556 112.667778
v -139.140900 -26.443813 112.443466
v -138.932312 -26.432480 112.229301
v -138.713333 -26.420582 112.025818
v -138.484497 -26.408146 111.833519
v -138.246368 -26.395206 111.652878
v -137.999557 -26.381796 111.484352
v -137.744644 -26.367945 111.328354
v -137.482300 -26.353689 111.185272
v -137.213150 -26.339064 111.055473
v -136.937881 -26.324106 110.939262
v -136.657166 -26.308853 110.836945
v -136.371719 -26.293341 110.748764
v -136.082230 -26.277611 110.674942
v -135.789429 -26.261700 110.615662
v -135.494034 -26.245649 110.571068
v -135.196793 -26.229498 110.541283
v -134.898438 -26.213285 110.526375
v -134.599701 -26.197052 110.526375
v -134.301346 -26.180840 110.541283
v -134.004105 -26.164688 110.571068
v -133.708710 -26.148638 110.615662
v -133.415909 -26.132727 110.674942
v -133.126419 -26.116997 110.748764
v -132.840958 -26.101486 110.836945
v -132.560257 -26.086231 110.939262
v -132.284973 -26.071274 111.055473
v -132.015839 -26.056648 111.185272
v -131.753494 -26.042393 111.328354
v -131.498581 -26.028542 111.484352
v -131.251770 -26.015131 111.652878
v -131.013641 -26.002192 111.833519
v -130.784805 -25.989756 112.025818
v -130.565811 -25.977858 112.229301
v -130.357239 -25.966524 112.443466
v -130.159576 -25.955782 112.667778
v -129.973312 -25.945662 112.901680
v -129.798935 -25.936186 113.144585
v -129.636871 -25.927380 113.395897
v -129.487503 -25.919264 113.654984
v -129.351212 -25.911858 113.921204
v -129.228363 -25.905182 114.193893
v -129.119217 -25.899252 114.472382
v -129.024078 -25.894081 114.755974
v -128.943161 -25.889685 115.043961
v -128.876694 -25.886072 115.335632
v -128.824829 -25.883255 115.630249
v -128.787674 -25.881235 115.927101
v -128.765350 -25.880022 116.225433
v -128.757904 -25.879618 116.524506
v -128.765350 -25.880022 116.823578
v -128.787674 -25.881235 117.121910
v -128.824829 -25.883255 117.418762
v -128.876694 -25.886072 117.713387
v -128.943161 -25.889685 118.005051
v -129.024078 -25.894081 118.293037
v -129.119217 -25.899252 118.576630
v -129.228363 -25.905182 118.855118
v -129.351212 -25.911858 119.127808
v -129.487503 -25.919264 119.394028
v -129.636871 -25.927380 119.653114
v -129.798935 -25.936186 119.904427
v -129.973312 -25.945662 120.147331
v -130.159576 -25.955782 120.381233
v -130.357239 -25.966524 120.605545
v -130.565811 -25.977858 120.819710
v -130.784805 -25.989756 121.023193
v -131.013641 -26.002192 121.215492
v -131.251770 -26.015131 121.396133
v -131.498581 -26.028542 121.564659
v -131.753494 -26.042393 121.720657
v -132.015839 -26.056648 121.863739
v -132.284973 -26.071274 121.993538
v -132.560257 -26.086231 122.109749
v -132.840958 -26.101486 122.212067
v -133.126419 -26.116997 122.300255
v -133.415909 -26.132727 122.374077
v -133.708710 -26.148638 122.433350
v -134.004105 -26.164688 122.477943
v -134.301346 -26.180840 122.507729
v -134.599701 -26.197052 122.522644
v -134.898438 -26.213285 122.522644
v -135.196793 -26.229498 122.507729
v -135.494034 -26.245649 122.477943
v -135.789429 -26.261700 122.433350
v -136.082230 -26.277611 122.374077
v -136.371719 -26.293341 122.300255
v -136.657166 -26.308853 122.212067
v -136.937881 -26.324106 122.109749
v -137.213150 -26.339064 121.993538
v -137.482300 -26.353689 121.863739
v -137.744644 -26.367945 121.720657
v -137.999557 -26.381796 121.564659
v -138.246368 -26.395206 121.396133
v -138.484497 -26.408146 121.215492
v -138.713333 -26.420582 121.023193
v -138.932312 -26.432480 120.819710
v -139.140900 -26.443813 120.605545
v -139.338562 -26.454556 120.381233
v -139.524811 -26.464676 120.147331
v -139.699203 -26.474152 119.904427
v -139.861267 -26.482958 119.653114
v -140.010635 -26.491074 119.394028
v -140.146927 -26.498480 119.127808
v -140.269775 -26.505156 118.855118
v -140.378922 -26.511086 118.576630
v -140.474060 -26.516256 118.293037
v -140.554962 -26.520653 118.005051
v -140.621445 -26.524265 117.713387
v -140.673309 -26.527082 117.418762
v -140.710464 -26.529102 117.121910
v -140.732788 -26.530315 116.823578
v -133.453110 -26.134748 117.764175
v -133.383591 -26.130970 117.692787
v -133.526108 -26.138716 117.832008
v -133.317703 -26.127390 117.618019
v -133.602386 -26.142860 117.896111
v -133.255615 -26.124018 117.540054
v -133.681763 -26.147173 117.956322
v -133.197495 -26.120859 117.459084
v -133.764038 -26.151644 118.012497
v -133.143463 -26.117922 117.375313
v -133.848999 -26.156261 118.064491
v -133.093674 -26.115217 117.288956
v -133.936462 -26.161013 118.112190
v -133.048248 -26.112749 117.200211
v -134.026169 -26.165888 118.155457
v -133.007294 -26.110523 117.109314
v -134.117920 -26.170874 118.194191
v -132.970917 -26.108547 117.016487
v -134.211502 -26.175959 118.228302
v -132.939194 -26.106823 116.921951
v -134.306656 -26.181128 118.257690
v -132.912231 -26.105358 116.825958
v -134.403152 -26.186373 118.282303
v -132.890076 -26.104155 116.728737
v -134.500748 -26.191675 118.302063
v -132.872787 -26.103214 116.630531
v -134.599213 -26.197025 118.316925
v -132.860397 -26.102541 116.531578
v -134.698288 -26.202410 118.326851
v -132.852966 -26.102137 116.432137
v -134.797745 -26.207813 118.331825
v -132.850479 -26.102003 116.332443
v -134.897324 -26.213224 118.331825
v -132.852966 -26.102137 116.232750
v -134.996765 -26.218628 118.326851
v -132.860397 -26.102541 116.133308
v -135.095856 -26.224012 118.316925
v -132.872787 -26.103214 116.034363
v -135.194321 -26.229362 118.302063
v -132.890076 -26.104155 115.936150
v -135.291916 -26.234667 118.282303
v -132.912231 -26.105358 115.838928
v -135.388412 -26.239910 118.257690
v -132.939194 -26.106823 115.742935
v -135.483566 -26.245081 118.228302
v -132.970917 -26.108547 115.648407
v -135.577133 -26.250164 118.194191
v -133.007294 -26.110523 115.555573
v -135.668900 -26.255150 118.155457
v -133.048248 -26.112749 115.464676
v -135.758606 -26.260025 118.112190
v -133.093674 -26.115217 115.375938
v -135.846054 -26.264778 118.064491
v -133.143463 -26.117922 115.289574
v -135.931030 -26.269394 118.012497
v -133.197495 -26.120859 115.205803
v -136.013306 -26.273865 117.956322
v -133.255615 -26.124018 115.124832
v -136.092667 -26.278179 117.896111
v -133.317703 -26.127390 115.046867
v -136.168961 -26.282324 117.832008
v -133.383591 -26.130970 114.972099
v -136.241943 -26.286289 117.764175
v -133.453110 -26.134748 114.900711
v -136.311478 -26.290068 117.692787
v -133.526108 -26.138716 114.832878
v -133.602386 -26.142860 114.768784
v -136.377365 -26.293648 117.618019
v -133.681763 -26.147173 114.708565
v -136.439453 -26.297022 117.540054
v -133.764038 -26.151644 114.652390
v -136.497574 -26.300180 117.459084
v -133.848999 -26.156261 114.600395
v -136.551605 -26.303116 117.375313
v -133.936462 -26.161013 114.552704
v -136.601395 -26.305820 117.288956
v -134.026169 -26.165888 114.509430
v -136.646820 -26.308289 117.200211
v -134.117920 -26.170874 114.470695
v -136.687775 -26.310514 117.109314
v -134.211502 -26.175959 114.436592
v -136.724152 -26.312492 117.016487
v -134.306656 -26.181128 114.407196
v -136.755859 -26.314215 116.921951
v -134.403152 -26.186373 114.382591
v -136.782837 -26.315680 116.825958
v -134.500748 -26.191675 114.362831
v -136.804993 -26.316885 116.728737
v -134.599213 -26.197025 114.347969
v -136.822281 -26.317823 116.630531
v -134.698288 -26.202410 114.338036
v -136.834656 -26.318497 116.531578
v -136.842102 -26.318901 116.432137
v -134.797745 -26.207813 114.333069
v -136.844589 -26.319036 116.332443
v -134.897324 -26.213224 114.333069
v -136.842102 -26.318901 116.232750
v -134.996765 -26.218628 114.338036
v -136.834656 -26.318497 116.133308
v -135.095856 -26.224012 114.347969
v -136.822281 -26.317823 116.034363
v -135.194321 -26.229362 114.362831
v -136.804993 -26.316885 115.936150
v -135.291916 -26.234667 114.382591
v -136.782837 -26.315680 115.838928
v -135.388412 -26.239910 114.407196
v -136.755859 -26.314215 115.742935
v -135.483566 -26.245081 114.436592
v -136.724152 -26.312492 115.648407
v -135.577133 -26.250164 114.470695
v -136.687775 -26.310514 115.555573
v -135.668900 -26.255150 114.509430
v -136.646820 -26.308289 115.464676
v -135.758606 -26.260025 114.552704
v -135.846054 -26.264778 114.600395
v -136.601395 -26.305820 115.375938
v -135.931030 -26.269394 114.652390
v -136.551605 -26.303116 115.289574
v -136.013306 -26.273865 114.708565
v -136.497574 -26.300180 115.205803
v -136.092667 -26.278179 114.768784
v -136.439453 -26.297022 115.124832
v -136.168961 -26.282324 114.832878
v -136.377365 -26.293648 115.046867
v -136.241943 -26.286289 114.900711
v -136.311478 -26.290068 114.972099
v -136.681808 -29.314617 116.332443
v -136.679321 -29.314482 116.232750
v -136.671890 -29.314077 116.133308
v -136.659500 -29.313404 116.034363
v -136.642212 -29.312466 115.936150
v -136.620056 -29.311262 115.838928
v -136.593079 -29.309795 115.742935
v -136.561371 -29.308073 115.648407
v -136.524994 -29.306095 115.555573
v -136.484039 -29.303871 115.464676
v -136.438614 -29.301401 115.375938
v -136.388824 -29.298697 115.289574
v -136.334793 -29.295761 115.205803
v -136.276672 -29.292603 115.124832
v -136.214584 -29.289228 115.046867
v -136.148697 -29.285648 114.972099
v -136.079178 -29.281870 114.900711
v -136.006180 -29.277905 114.832878
v -135.929901 -29.273760 114.768784
v -135.850525 -29.269445 114.708565
v -135.768250 -29.264975 114.652390
v -135.683289 -29.260359 114.600395
v -135.595840 -29.255606 114.552704
v -135.506119 -29.250732 114.509430
v -135.414368 -29.245745 114.470695
v -135.320786 -29.240662 114.436592
v -135.225632 -29.235491 114.407196
v -135.129150 -29.230247 114.382591
v -135.031540 -29.224943 114.362831
v -134.933075 -29.219593 114.347969
v -134.834000 -29.214209 114.338036
v -134.734543 -29.208805 114.333069
v -134.634964 -29.203394 114.333069
v -134.535522 -29.197990 114.338036
v -134.436432 -29.192606 114.347969
v -134.337967 -29.187256 114.362831
v -134.240372 -29.181953 114.382591
v -134.143875 -29.176708 114.407196
v -134.048721 -29.171539 114.436592
v -133.955154 -29.166454 114.470695
v -133.863388 -29.161469 114.509430
v -133.773682 -29.156593 114.552704
v -133.686234 -29.151842 114.600395
v -133.601257 -29.147224 114.652390
v -133.518982 -29.142754 114.708565
v -133.439621 -29.138441 114.768784
v -133.363327 -29.134296 114.832878
v -133.290344 -29.130329 114.900711
v -133.220810 -29.126551 114.972099
v -133.154922 -29.122971 115.046867
v -133.092834 -29.119598 115.124832
v -133.034714 -29.116440 115.205803
v -132.980682 -29.113504 115.289574
v -132.930908 -29.110798 115.375938
v -132.885468 -29.108330 115.464676
v -132.844513 -29.106104 115.555573
v -132.808136 -29.104128 115.648407
v -132.776428 -29.102404 115.742935
v -132.749451 -29.100939 115.838928
v -132.727295 -29.099735 115.936150
v -132.710007 -29.098795 116.034363
v -132.697632 -29.098122 116.133308
v -132.690186 -29.097717 116.232750
v -132.687698 -29.097584 116.332443
v -132.690186 -29.097717 116.432137
v -132.697632 -29.098122 116.531578
v -132.710007 -29.098795 116.630531
v -132.727295 -29.099735 116.728737
v -132.749451 -29.100939 116.825958
v -132.776428 -29.102404 116.921951
v -132.808136 -29.104128 117.016487
v -132.844513 -29.106104 117.109314
v -132.885468 -29.108330 117.200211
v -132.930908 -29.110798 117.288956
v -132.980682 -29.113504 117.375313
v -133.034714 -29.116440 117.459084
v -133.092834 -29.119598 117.540054
v -133.154922 -29.122971 117.618019
v -133.220810 -29.126551 117.692787
v -133.290344 -29.130329 117.764175
v -133.363327 -29.134296 117.832008
v -133.439621 -29.138441 117.896111
v -133.518982 -29.142754 117.956322
v -133.601257 -29.147224 118.012497
v -133.686234 -29.151842 118.064491
v -133.773682 -29.156593 118.112190
v -133.863388 -29.161469 118.155457
v -133.955154 -29.166454 118.194191
v -134.048721 -29.171539 118.228302
v -134.143875 -29.176708 118.257690
v -134.240372 -29.181953 118.282303
v -134.337967 -29.187256 118.302063
v -134.436432 -29.192606 118.316925
v -134.535522 -29.197990 118.326851
v -134.634964 -29.203394 118.331825
v -134.734543 -29.208805 118.331825
v -134.834000 -29.214209 118.326851
v -134.933075 -29.219593 118.316925
v -135.031540 -29.224943 118.302063
v -135.129150 -29.230247 118.282303
v -135.225632 -29.235491 118.257690
v -135.320786 -29.240662 118.228302
v -135.414368 -29.245745 118.194191
v -135.506119 -29.250732 118.155457
v -135.595840 -29.255606 118.112190
v -135.683289 -29.260359 118.064491
v -135.768250 -29.264975 118.012497
v -135.850525 -29.269445 117.956322
v -135.929901 -29.273760 117.896111
v -136.006180 -29.277905 117.832008
v -136.079178 -29.281870 117.764175
v -136.148697 -29.285648 117.692787
v -136.214584 -29.289228 117.618019
v -136.276672 -29.292603 117.540054
v -136.334793 -29.295761 117.459084
v -136.388824 -29.298697 117.375313
v -136.438614 -29.301401 117.288956
v -136.484039 -29.303871 117.200211
v -136.524994 -29.306095 117.109314
v -136.561371 -29.308073 117.016487
v -136.593079 -29.309795 116.921951
v -136.620056 -29.311262 116.825958
v -136.642212 -29.312466 116.728737
v -136.659500 -29.313404 116.630531
v -136.671890 -29.314077 116.531578
v -136.679321 -29.314482 116.432137
vn 0.000000 0.000000 -1.000000
vn 0.000000 0.000000 -1.000000
vn 0.000000 0.000000 -1.000000
vn 0.000000 0.000000 -1.000000
vn 0.000000 0.000000 -1.000000
vn 0.000000 0.000000 -1.000000
vn 0.000000 0.000000 -1.000000
vn 0.000000 0.000000 -1.000000
vn 0.000000 0.000000 -1.000000
vn 0.000000 0.000000 -1.000000
vn 0.000000 0.000000 -1.000000
vn 0.000000 0.000000 -1.000000
vn -0.998527 -0.054258 -0.000000
vn -0.998527 -0.054258 -0.000000
vn 0.038366 -0.706064 -0.707108
vn 0.038367 -0.706066 -0.707106
vn 0.054266 -0.998527 -0.000001
vn 0.054259 -0.998527 -0.000000
vn 0.054249 -0.998527 0.000002
vn 0.054253 -0.998527 0.000001
vn 0.054272 -0.998526 -0.000004
vn 0.054261 -0.998527 -0.000000
vn 0.054255 -0.998527 0.000001
vn 0.054261 -0.998527 -0.000000
vn 0.054253 -0.998527 0.000002
vn 0.054256 -0.998527 0.000000
vn 0.054263 -0.998527 -0.000002
vn 0.054244 -0.998528 0.000001
vn 0.054259 -0.998527 0.000000
vn 0.054259 -0.998527 0.000000
vn 0.054250 -0.998527 0.000004
vn 0.054275 -0.998526 0.000000
vn 0.054260 -0.998527 -0.000001
vn 0.054260 -0.998527 -0.000001
vn 0.054256 -0.998527 0.000001
vn 0.054269 -0.998526 -0.000008
vn 0.054259 -0.998527 0.000000
vn 0.054244 -0.998528 0.000013
vn 0.054265 -0.998527 -0.000006
vn 0.054263 -0.998527 -0.000004
vn 0.054261 -0.998527 -0.000003
vn 0.054247 -0.998528 0.000013
vn 0.054261 -0.998527 -0.000003
vn 0.054271 -0.998526 -0.000015
vn 0.054257 -0.998527 -0.000002
vn 0.054256 -0.998527 -0.000004
vn 0.054258 -0.998527 -0.000001
vn 0.054256 -0.998527 -0.000003
vn 0.054263 -0.998527 0.000007
vn 0.054258 -0.998527 -0.000000
vn 0.054256 -0.998527 -0.000003
vn 0.054257 -0.998527 -0.000001
vn 0.054263 -0.998527 0.000006
vn 0.054253 -0.998527 -0.000005
vn 0.054257 -0.998527 -0.000002
vn 0.054258 -0.998527 0.000001
vn 0.054263 -0.998527 0.000004
vn 0.054257 -0.998527 -0.000001
vn 0.054264 -0.998527 0.000005
vn 0.054250 -0.998527 -0.000007
vn 0.054262 -0.998527 0.000003
vn 0.054252 -0.998527 -0.000005
vn 0.054266 -0.998527 0.000005
vn 0.054251 -0.998527 -0.000005
vn 0.054264 -0.998527 0.000003
vn 0.054262 -0.998527 0.000002
vn 0.054251 -0.998527 -0.000004
vn 0.054269 -0.998526 0.000006
vn 0.054263 -0.998527 0.000003
vn 0.054251 -0.998527 -0.000004
vn 0.054255 -0.998527 -0.000001
vn 0.054256 -0.998527 -0.000001
vn 0.054258 -0.998527 0.000000
vn 0.054260 -0.998527 0.000001
vn 0.054263 -0.998527 0.000002
vn 0.054274 -0.998526 0.000007
vn 0.054267 -0.998526 0.000000
vn 0.054262 -0.998527 0.000000
vn 0.054259 -0.998527 0.000000
vn 0.054247 -0.998528 0.000000
vn 0.054267 -0.998526 0.000000
vn 0.054252 -0.998527 -0.000000
vn 0.054259 -0.998527 0.000000
vn 0.054274 -0.998526 0.000000
vn 0.054262 -0.998527 0.000000
vn 0.054261 -0.998527 0.000000
vn 0.054257 -0.998527 -0.000000
vn 0.054254 -0.998527 -0.000000
vn 0.054248 -0.998527 -0.000000
vn 0.054262 -0.998527 0.000000
vn 0.054249 -0.998527 -0.000000
vn 0.054252 -0.998527 -0.000000
vn 0.054250 -0.998527 -0.000000
vn 0.054256 -0.998527 -0.000000
vn 0.054272 -0.998526 0.000000
vn 0.054265 -0.998527 -0.000000
vn 0.054262 -0.998527 -0.000000
vn 0.054243 -0.998528 -0.000000
vn 0.054264 -0.998527 0.000000
vn 0.054259 -0.998527 -0.000000
vn 0.054259 -0.998527 -0.000000
vn 0.054259 -0.998527 -0.000000
vn 0.054275 -0.998526 0.000000
vn 0.054247 -0.998528 -0.000000
vn 0.054257 -0.998527 -0.000000
vn 0.054248 -0.998527 -0.000000
vn 0.054258 -0.998527 0.000000
vn 0.054261 -0.998527 0.000000
vn 0.054271 -0.998526 0.000000
vn 0.054261 -0.998527 0.000000
vn 0.054249 -0.998527 -0.000000
vn 0.054256 -0.998527 0.000000
vn 0.054263 -0.998527 0.000000
vn 0.054271 -0.998526 0.000000
vn 0.054247 -0.998528 -0.000000
vn 0.054259 -0.998527 -0.000000
vn 0.054274 -0.998526 0.000000
vn 0.054242 -0.998528 -0.000000
vn 0.054265 -0.998527 0.000000
vn 0.054258 -0.998527 0.000000
vn 0.054263 -0.998527 0.000000
vn 0.054252 -0.998527 0.000000
vn 0.054261 -0.998527 0.000000
vn 0.054262 -0.998527 0.000000
vn 0.054248 -0.998528 -0.000000
vn 0.054254 -0.998527 -0.000000
vn 0.054264 -0.998527 0.000000
vn 0.054260 -0.998527 0.000000
vn 0.054260 -0.998527 0.000000
vn 0.054268 -0.998526 0.000000
vn 0.054244 -0.998528 -0.000000
vn 0.054256 -0.998527 -0.000000
vn 0.054262 -0.998527 -0.000000
vn 0.054255 -0.998527 -0.000000
vn 0.054259 -0.998527 -0.000000
vn 0.054257 -0.998527 -0.000000
vn 0.054253 -0.998527 -0.000000
vn 0.054255 -0.998527 -0.000000
vn 0.054266 -0.998527 0.000000
vn 0.054266 -0.998527 0.000000
vn 0.054259 -0.998527 -0.000000
vn 0.054258 -0.998527 -0.000000
vn 0.054266 -0.998527 0.000000
vn 0.054254 -0.998527 0.000000
vn 0.054243 -0.998528 -0.000000
vn 0.054257 -0.998527 -0.000000
vn 0.054262 -0.998527 -0.000000
vn 0.054267 -0.998526 -0.000000
vn 0.054263 -0.998527 -0.000000
vn 0.054249 -0.998527 -0.000000
vn 0.054260 -0.998527 0.000000
vn 0.054255 -0.998527 0.000000
vn 0.054259 -0.998527 0.000000
vn 0.054267 -0.998526 0.000000
vn 0.054256 -0.998527 -0.000000
vn 0.054256 -0.998527 -0.000000
vn 0.054266 -0.998527 0.000000
vn 0.054270 -0.998526 0.000000
vn 0.054257 -0.998527 -0.000000
vn 0.054240 -0.998528 -0.000000
vn 0.054264 -0.998527 0.000000
vn 0.054267 -0.998526 0.000000
vn 0.054251 -0.998527 -0.000000
vn 0.054245 -0.998528 -0.000000
vn 0.054271 -0.998526 0.000000
vn 0.054277 -0.998526 0.000000
vn 0.054240 -0.998528 -0.000000
vn 0.054228 -0.998529 -0.000000
vn 0.054260 -0.998527 0.000000
vn 0.054271 -0.998526 0.000000
vn 0.054258 -0.998527 -0.000001
vn 0.054272 -0.998526 0.000012
vn 0.054249 -0.998527 -0.000008
vn 0.054262 -0.998527 0.000003
vn 0.054251 -0.998527 -0.000005
vn 0.054269 -0.998526 0.000006
vn 0.054258 -0.998527 0.000000
vn 0.054257 -0.998527 -0.000001
vn 0.054259 -0.998527 0.000000
vn 0.054261 -0.998527 0.000001
vn 0.054252 -0.998527 -0.000002
vn 0.054250 -0.998527 -0.000003
vn 0.054261 -0.998527 0.000000
vn 0.054266 -0.998527 0.000001
vn 0.054262 -0.998527 0.000000
vn 0.054259 -0.998527 0.000000
vn 0.054257 -0.998527 -0.000000
vn 0.054250 -0.998527 -0.000001
vn 0.054271 -0.998526 0.000001
vn 0.054263 -0.998527 0.000000
vn 0.054247 -0.998528 0.000000
vn 0.054253 -0.998527 -0.000006
vn 0.054262 -0.998527 0.000004
vn 0.054254 -0.998527 -0.000005
vn 0.054264 -0.998527 0.000007
vn 0.054260 -0.998527 0.000001
vn 0.054239 -0.998528 -0.000025
vn 0.054258 -0.998527 0.000000
vn 0.054235 -0.998528 0.000011
vn 0.054256 -0.998527 0.000001
vn 0.054276 -0.998526 -0.000009
vn 0.054247 -0.998527 0.000005
vn 0.054268 -0.998526 -0.000005
vn 0.054246 -0.998528 0.000006
vn 0.054259 -0.998527 -0.000000
vn 0.054267 -0.998526 -0.000005
vn 0.054249 -0.998527 0.000005
vn 0.054265 -0.998527 -0.000004
vn 0.054265 -0.998527 -0.000004
vn 0.054257 -0.998527 0.000001
vn 0.054259 -0.998527 -0.000000
vn 0.054245 -0.998528 0.000009
vn 0.054264 -0.998527 -0.000005
vn 0.054255 -0.998527 0.000003
vn 0.054261 -0.998527 -0.000002
vn 0.054258 -0.998527 0.000000
vn 0.054262 -0.998527 -0.000003
vn 0.054257 -0.998527 0.000001
vn 0.054258 -0.998527 -0.000000
vn 0.054259 -0.998527 -0.000001
vn 0.054261 -0.998527 -0.000003
vn 0.054260 -0.998527 -0.000003
vn 0.054250 -0.998527 0.000012
vn 0.054263 -0.998527 -0.000007
vn 0.054259 -0.998527 -0.000001
vn 0.054263 -0.998527 -0.000007
vn 0.054255 -0.998527 0.000006
vn 0.054259 -0.998527 -0.000000
vn 0.054261 -0.998527 -0.000004
vn 0.054258 -0.998527 0.000000
vn 0.054269 -0.998526 -0.000002
vn 0.054279 -0.998526 -0.000003
vn 0.054244 -0.998528 0.000002
vn 0.054265 -0.998527 -0.000001
vn 0.054258 -0.998527 -0.000000
vn 0.054225 -0.998529 0.000000
vn 0.054280 -0.998526 0.000000
vn 0.054278 -0.998526 0.000000
vn 0.054255 -0.998527 -0.000000
vn 0.998527 0.054260 0.000000
vn 0.998527 0.054260 0.000000
vn -0.998527 -0.054260 -0.000000
vn -0.998527 -0.054260 -0.000000
vn 0.054259 -0.998527 0.000000
vn 0.054259 -0.998527 -0.000000
vn -0.054261 0.998527 -0.000001
vn -0.054265 0.998527 -0.000001
vn -0.054258 0.998527 -0.000000
vn -0.054261 0.998527 -0.000001
vn -0.054247 0.998528 0.000001
vn -0.054257 0.998527 0.000001
vn -0.054250 0.998527 0.000001
vn -0.054252 0.998527 0.000002
vn -0.054271 0.998526 -0.000001
vn -0.054261 0.998527 -0.000001
vn -0.054263 0.998527 -0.000000
vn -0.054253 0.998527 0.000002
vn -0.054247 0.998528 0.000000
vn -0.054263 0.998527 -0.000003
vn -0.054258 0.998527 -0.000000
vn -0.054269 0.998526 -0.000006
vn -0.054245 0.998528 0.000009
vn -0.054268 0.998526 -0.000007
vn -0.054249 0.998527 0.000008
vn -0.054266 0.998526 -0.000007
vn -0.054258 0.998527 0.000001
vn -0.054259 0.998527 -0.000001
vn -0.054256 0.998527 0.000003
vn -0.054254 0.998527 0.000004
vn -0.054272 0.998526 -0.000016
vn -0.054252 0.998527 0.000008
vn -0.054248 0.998527 0.000013
vn -0.054257 0.998527 -0.000001
vn -0.054258 0.998527 0.000000
vn -0.054259 0.998527 0.000001
vn -0.054265 0.998527 0.000008
vn -0.054246 0.998528 -0.000016
vn -0.054259 0.998527 0.000002
vn -0.054263 0.998527 0.000007
vn -0.054259 0.998527 0.000001
vn -0.054258 0.998527 -0.000000
vn -0.054253 0.998527 -0.000009
vn -0.054269 0.998526 0.000019
vn -0.054254 0.998527 -0.000008
vn -0.054261 0.998527 0.000004
vn -0.054257 0.998527 -0.000001
vn -0.054258 0.998527 -0.000000
vn -0.054261 0.998527 0.000002
vn -0.054260 0.998527 0.000002
vn -0.054258 0.998527 0.000000
vn -0.054251 0.998527 -0.000005
vn -0.054259 0.998527 0.000000
vn -0.054266 0.998527 0.000005
vn -0.054255 0.998527 -0.000001
vn -0.054265 0.998527 0.000004
vn -0.054240 0.998528 -0.000010
vn -0.054267 0.998526 0.000005
vn -0.054259 0.998527 0.000000
vn -0.054257 0.998527 -0.000000
vn -0.054267 0.998526 0.000005
vn -0.054247 0.998527 -0.000005
vn -0.054259 0.998527 0.000001
vn -0.054256 0.998527 -0.000001
vn -0.054235 0.998528 -0.000011
vn -0.054262 0.998527 0.000000
vn -0.054258 0.998527 0.000000
vn -0.054267 0.998526 -0.000000
vn -0.054259 0.998527 0.000000
vn -0.054259 0.998527 0.000000
vn -0.054262 0.998527 -0.000000
vn -0.054255 0.998527 -0.000000
vn -0.054246 0.998528 0.000000
vn -0.054253 0.998527 0.000000
vn -0.054256 0.998527 0.000000
vn -0.054274 0.998526 -0.000000
vn -0.054250 0.998527 -0.000000
vn -0.054272 0.998526 -0.000000
vn -0.054250 0.998527 0.000000
vn -0.054246 0.998528 0.000000
vn -0.054272 0.998526 -0.000000
vn -0.054262 0.998527 -0.000000
vn -0.054252 0.998527 0.000000
vn -0.054262 0.998527 -0.000000
vn -0.054264 0.998527 -0.000000
vn -0.054256 0.998527 -0.000000
vn -0.054252 0.998527 0.000000
vn -0.054265 0.998527 -0.000000
vn -0.054247 0.998528 0.000000
vn -0.054230 0.998528 0.000000
vn -0.054264 0.998527 0.000000
vn -0.054266 0.998526 0.000000
vn -0.054259 0.998527 0.000000
vn -0.054258 0.998527 -0.000000
vn -0.054248 0.998527 0.000000
vn -0.054275 0.998526 0.000000
vn -0.054271 0.998526 -0.000000
vn -0.054261 0.998527 -0.000000
vn -0.054242 0.998528 0.000000
vn -0.054261 0.998527 -0.000000
vn -0.054256 0.998527 0.000000
vn -0.054270 0.998526 -0.000000
vn -0.054247 0.998528 0.000000
vn -0.054264 0.998527 -0.000000
vn -0.054267 0.998526 0.000000
vn -0.054259 0.998527 0.000000
vn -0.054258 0.998527 -0.000000
vn -0.054249 0.998527 0.000000
vn -0.054259 0.998527 -0.000000
vn -0.054258 0.998527 -0.000000
vn -0.054256 0.998527 0.000000
vn -0.054270 0.998526 -0.000000
vn -0.054255 0.998527 0.000000
vn -0.054261 0.998527 0.000000
vn -0.054248 0.998528 0.000000
vn -0.054270 0.998526 -0.000000
vn -0.054254 0.998527 -0.000000
vn -0.054253 0.998527 -0.000000
vn -0.054251 0.998527 0.000000
vn -0.054275 0.998526 -0.000000
vn -0.054262 0.998527 0.000000
vn -0.054256 0.998527 0.000000
vn -0.054255 0.998527 0.000000
vn -0.054252 0.998527 0.000000
vn -0.054276 0.998526 -0.000000
vn -0.054257 0.998527 0.000000
vn -0.054255 0.998527 -0.000000
vn -0.054249 0.998527 0.000000
vn -0.054259 0.998527 -0.000000
vn -0.054259 0.998527 -0.000000
vn -0.054266 0.998527 -0.000000
vn -0.054266 0.998527 -0.000000
vn -0.054254 0.998527 -0.000000
vn -0.054261 0.998527 -0.000000
vn -0.054249 0.998527 -0.000000
vn -0.054236 0.998528 0.000000
vn -0.054271 0.998526 -0.000000
vn -0.054267 0.998526 0.000000
vn -0.054258 0.998527 0.000000
vn -0.054260 0.998527 -0.000000
vn -0.054259 0.998527 -0.000000
vn -0.054246 0.998528 0.000000
vn -0.054276 0.998526 -0.000000
vn -0.054256 0.998527 0.000000
vn -0.054256 0.998527 0.000000
vn -0.054256 0.998527 0.000000
vn -0.054257 0.998527 0.000000
vn -0.054270 0.998526 0.000000
vn -0.054264 0.998527 -0.000000
vn -0.054229 0.998529 0.000000
vn -0.054263 0.998527 -0.000000
vn -0.054279 0.998526 -0.000000
vn -0.054258 0.998527 -0.000000
vn -0.054245 0.998528 0.000000
vn -0.054242 0.998528 0.000000
vn -0.054276 0.998526 -0.000000
vn -0.054260 0.998527 -0.000000
vn -0.054240 0.998528 0.000000
vn -0.054254 0.998527 0.000000
vn -0.054275 0.998526 0.000000
vn -0.054259 0.998527 -0.000000
vn -0.054231 0.998528 -0.000001
vn -0.054256 0.998527 0.000000
vn -0.054261 0.998527 0.000001
vn -0.054270 0.998526 0.000001
vn -0.054253 0.998527 -0.000001
vn -0.054259 0.998527 0.000000
vn -0.054258 0.998527 -0.000000
vn -0.054256 0.998527 -0.000000
vn -0.054272 0.998526 0.000004
vn -0.054248 0.998527 -0.000003
vn -0.054253 0.998527 -0.000002
vn -0.054263 0.998527 0.000002
vn -0.054265 0.998527 0.000003
vn -0.054250 0.998527 -0.000004
vn -0.054260 0.998527 0.000001
vn -0.054260 0.998527 0.000001
vn -0.054256 0.998527 -0.000001
vn -0.054263 0.998527 0.000004
vn -0.054259 0.998527 0.000000
vn -0.054250 0.998527 -0.000007
vn -0.054258 0.998527 0.000000
vn -0.054269 0.998526 0.000011
vn -0.054261 0.998527 0.000003
vn -0.054247 0.998528 -0.000013
vn -0.054253 0.998527 -0.000006
vn -0.054280 0.998526 0.000025
vn -0.054258 0.998527 -0.000001
vn -0.054257 0.998527 0.000002
vn -0.054256 0.998527 0.000004
vn -0.054258 0.998527 0.000001
vn -0.054256 0.998527 0.000003
vn -0.054259 0.998527 -0.000001
vn -0.054262 0.998527 -0.000006
vn -0.054256 0.998527 0.000003
vn -0.054253 0.998527 0.000006
vn -0.054263 0.998527 -0.000006
vn -0.054258 0.998527 0.000000
vn -0.054252 0.998527 0.000006
vn -0.054267 0.998526 -0.000009
vn -0.054257 0.998527 0.000001
vn -0.054264 0.998527 -0.000005
vn -0.054244 0.998528 0.000011
vn -0.054268 0.998526 -0.000007
vn -0.054252 0.998527 0.000004
vn -0.054266 0.998527 -0.000006
vn -0.054250 0.998527 0.000005
vn -0.054257 0.998527 0.000001
vn -0.054269 0.998526 -0.000007
vn -0.054250 0.998527 0.000004
vn -0.054260 0.998527 -0.000001
vn -0.054263 0.998527 -0.000003
vn -0.054261 0.998527 -0.000002
vn -0.054255 0.998527 0.000001
vn -0.054243 0.998528 0.000007
vn -0.054258 0.998527 0.000000
vn -0.054277 0.998526 -0.000008
vn -0.054263 0.998527 -0.000002
vn -0.054250 0.998527 0.000003
vn -0.054258 0.998527 0.000000
vn -0.054269 0.998526 0.000002
vn -0.054262 0.998527 0.000001
vn -0.054244 0.998528 -0.000002
vn -0.054278 0.998526 0.000003
vn -0.054258 0.998527 0.000000
vn -0.054195 0.998530 -0.000000
vn -0.054280 0.998526 -0.000000
vn -0.054251 0.998527 -0.000000
vn -0.054278 0.998526 -0.000000
vn 0.998527 0.054258 -0.000000
vn 0.998527 0.054258 -0.000000
vn -0.998527 -0.054259 -0.000000
vn -0.998527 -0.054259 -0.000000
vn 0.054255 -0.998527 0.000001
vn 0.054259 -0.998527 -0.000000
vn 0.054256 -0.998527 0.000000
vn 0.054269 -0.998526 -0.000002
vn 0.054250 -0.998527 0.000001
vn 0.054248 -0.998527 0.000003
vn 0.054282 -0.998526 -0.000001
vn 0.054267 -0.998526 -0.000003
vn 0.054240 -0.998528 0.000001
vn 0.054253 -0.998527 0.000003
vn 0.054273 -0.998526 0.000000
vn 0.054256 -0.998527 0.000001
vn 0.054257 -0.998527 0.000001
vn 0.054261 -0.998527 -0.000002
vn 0.054263 -0.998527 -0.000003
vn 0.054258 -0.998527 0.000001
vn 0.054259 -0.998527 -0.000000
vn 0.054257 -0.998527 0.000002
vn 0.054263 -0.998527 -0.000004
vn 0.054249 -0.998527 0.000010
vn 0.054264 -0.998527 -0.000006
vn 0.054261 -0.998527 -0.000003
vn 0.054260 -0.998527 -0.000001
vn 0.054249 -0.998527 0.000013
vn 0.054262 -0.998527 -0.000005
vn 0.054263 -0.998527 -0.000006
vn 0.054252 -0.998527 -0.000015
vn 0.054258 -0.998527 -0.000002
vn 0.054259 -0.998527 -0.000000
vn 0.054262 -0.998527 0.000006
vn 0.054258 -0.998527 -0.000001
vn 0.054255 -0.998527 -0.000007
vn 0.054259 -0.998527 0.000000
vn 0.054260 -0.998527 0.000001
vn 0.054264 -0.998527 0.000007
vn 0.054258 -0.998527 -0.000000
vn 0.054260 -0.998527 0.000002
vn 0.054259 -0.998527 0.000000
vn 0.054251 -0.998527 -0.000009
vn 0.054259 -0.998527 0.000000
vn 0.054257 -0.998527 -0.000002
vn 0.054265 -0.998527 0.000006
vn 0.054259 -0.998527 0.000001
vn 0.054256 -0.998527 -0.000002
vn 0.054264 -0.998527 0.000004
vn 0.054253 -0.998527 -0.000004
vn 0.054262 -0.998527 0.000003
vn 0.054262 -0.998527 0.000002
vn 0.054257 -0.998527 -0.000001
vn 0.054260 -0.998527 0.000001
vn 0.054242 -0.998528 -0.000010
vn 0.054277 -0.998526 0.000010
vn 0.054252 -0.998527 -0.000004
vn 0.054261 -0.998527 0.000001
vn 0.054255 -0.998527 -0.000002
vn 0.054268 -0.998526 0.000005
vn 0.054225 -0.998529 -0.000017
vn 0.054299 -0.998525 0.000020
vn 0.054254 -0.998527 -0.000000
vn 0.054256 -0.998527 -0.000000
vn 0.054249 -0.998527 -0.000000
vn 0.054260 -0.998527 -0.000000
vn 0.054255 -0.998527 -0.000000
vn 0.054249 -0.998527 -0.000000
vn 0.054269 -0.998526 0.000000
vn 0.054270 -0.998526 0.000000
vn 0.054270 -0.998526 0.000000
vn 0.054283 -0.998526 0.000000
vn 0.054243 -0.998528 -0.000000
vn 0.054245 -0.998528 -0.000000
vn 0.054260 -0.998527 -0.000000
vn 0.054240 -0.998528 -0.000000
vn 0.054273 -0.998526 0.000000
vn 0.054273 -0.998526 0.000000
vn 0.054250 -0.998527 -0.000000
vn 0.054269 -0.998526 0.000000
vn 0.054265 -0.998527 -0.000000
vn 0.054251 -0.998527 -0.000000
vn 0.054256 -0.998527 0.000000
vn 0.054256 -0.998527 0.000000
vn 0.054260 -0.998527 0.000000
vn 0.054257 -0.998527 0.000000
vn 0.054258 -0.998527 0.000000
vn 0.054262 -0.998527 0.000000
vn 0.054251 -0.998527 -0.000000
vn 0.054264 -0.998527 -0.000000
vn 0.054261 -0.998527 -0.000000
vn 0.054258 -0.998527 -0.000000
vn 0.054260 -0.998527 -0.000000
vn 0.054260 -0.998527 -0.000000
vn 0.054260 -0.998527 -0.000000
vn 0.054256 -0.998527 -0.000000
vn 0.054264 -0.998527 0.000000
vn 0.054264 -0.998527 0.000000
vn 0.054251 -0.998527 -0.000000
vn 0.054248 -0.998527 -0.000000
vn 0.054268 -0.998526 0.000000
vn 0.054264 -0.998527 0.000000
vn 0.054249 -0.998527 -0.000000
vn 0.054261 -0.998527 -0.000000
vn 0.054263 -0.998527 -0.000000
vn 0.054260 -0.998527 -0.000000
vn 0.054257 -0.998527 -0.000000
vn 0.054250 -0.998527 -0.000000
vn 0.054262 -0.998527 0.000000
vn 0.054262 -0.998527 0.000000
vn 0.054253 -0.998527 -0.000000
vn 0.054262 -0.998527 -0.000000
vn 0.054251 -0.998527 -0.000000
vn 0.054248 -0.998527 -0.000000
vn 0.054257 -0.998527 -0.000000
vn 0.054261 -0.998527 0.000000
vn 0.054259 -0.998527 0.000000
vn 0.054262 -0.998527 0.000000
vn 0.054264 -0.998527 0.000000
vn 0.054255 -0.998527 0.000000
vn 0.054257 -0.998527 0.000000
vn 0.054265 -0.998527 0.000000
vn 0.054251 -0.998527 -0.000000
vn 0.054255 -0.998527 -0.000000
vn 0.054259 -0.998527 0.000000
vn 0.054267 -0.998526 0.000000
vn 0.054261 -0.998527 0.000000
vn 0.054246 -0.998528 -0.000000
vn 0.054273 -0.998526 0.000000
vn 0.054270 -0.998526 0.000000
vn 0.054243 -0.998528 -0.000000
vn 0.054258 -0.998527 -0.000000
vn 0.054270 -0.998526 0.000000
vn 0.054261 -0.998527 0.000000
vn 0.054243 -0.998528 -0.000000
vn 0.054259 -0.998527 -0.000000
vn 0.054269 -0.998526 -0.000000
vn 0.054241 -0.998528 -0.000000
vn 0.054265 -0.998527 0.000000
vn 0.054255 -0.998527 0.000000
vn 0.054253 -0.998527 0.000000
vn 0.054274 -0.998526 0.000000
vn 0.054266 -0.998527 0.000000
vn 0.054261 -0.998527 0.000000
vn 0.054252 -0.998527 -0.000000
vn 0.054252 -0.998527 -0.000000
vn 0.054253 -0.998527 -0.000000
vn 0.054272 -0.998526 0.000000
vn 0.054252 -0.998527 -0.000000
vn 0.054243 -0.998528 -0.000000
vn 0.054260 -0.998527 0.000000
vn 0.054256 -0.998527 -0.000001
vn 0.054264 -0.998527 0.000002
vn 0.054251 -0.998527 -0.000002
vn 0.054260 -0.998527 0.000000
vn 0.054269 -0.998526 0.000002
vn 0.054255 -0.998527 -0.000000
vn 0.054250 -0.998527 -0.000001
vn 0.054268 -0.998526 0.000001
vn 0.054244 -0.998528 -0.000001
vn 0.054272 -0.998526 0.000000
vn 0.054249 -0.998527 -0.000009
vn 0.054267 -0.998526 0.000008
vn 0.054252 -0.998527 -0.000006
vn 0.054263 -0.998527 0.000003
vn 0.054260 -0.998527 0.000001
vn 0.054259 -0.998527 0.000000
vn 0.054261 -0.998527 0.000001
vn 0.054253 -0.998527 -0.000003
vn 0.054259 -0.998527 -0.000000
vn 0.054263 -0.998527 0.000005
vn 0.054257 -0.998527 -0.000002
vn 0.054262 -0.998527 0.000004
vn 0.054251 -0.998527 -0.000009
vn 0.054238 -0.998528 0.000010
vn 0.054267 -0.998526 -0.000004
vn 0.054232 -0.998528 0.000013
vn 0.054287 -0.998525 -0.000014
vn 0.054234 -0.998528 0.000013
vn 0.054277 -0.998526 -0.000010
vn 0.054255 -0.998527 0.000002
vn 0.054267 -0.998526 -0.000005
vn 0.054242 -0.998528 0.000010
vn 0.054257 -0.998527 0.000001
vn 0.054265 -0.998527 -0.000004
vn 0.054263 -0.998527 -0.000003
vn 0.054256 -0.998527 0.000002
vn 0.054256 -0.998527 0.000002
vn 0.054256 -0.998527 0.000002
vn 0.054262 -0.998527 -0.000003
vn 0.054256 -0.998527 0.000002
vn 0.054262 -0.998527 -0.000003
vn 0.054263 -0.998527 -0.000005
vn 0.054251 -0.998527 0.000008
vn 0.054264 -0.998527 -0.000007
vn 0.054251 -0.998527 0.000010
vn 0.054266 -0.998527 -0.000010
vn 0.054252 -0.998527 0.000009
vn 0.054263 -0.998527 -0.000006
vn 0.054259 -0.998527 -0.000000
vn 0.054257 -0.998527 0.000003
vn 0.054262 -0.998527 -0.000006
vn 0.054256 -0.998527 0.000004
vn 0.054261 -0.998527 -0.000004
vn 0.054260 -0.998527 -0.000002
vn 0.054254 -0.998527 0.000009
vn 0.054258 -0.998527 0.000000
vn 0.054262 -0.998527 -0.000001
vn 0.054257 -0.998527 0.000000
vn 0.054265 -0.998527 -0.000001
vn 0.054266 -0.998526 -0.000001
vn 0.054259 -0.998527 -0.000000
vn 0.054196 -0.998530 0.000000
vn 0.054255 -0.998527 0.000000
vn 0.054278 -0.998526 0.000000
vn 0.054269 -0.998526 0.000000
vn -0.038366 0.706065 -0.707107
vn -0.038367 0.706065 -0.707107
vn 0.998527 0.054260 0.000000
vn 0.998527 0.054260 -0.000000
vn 0.998527 0.054258 -0.000000
vn 0.998527 0.054258 -0.000000
vn -0.054250 0.998527 0.000001
vn -0.054265 0.998527 -0.000001
vn -0.054262 0.998527 -0.000000
vn -0.054260 0.998527 -0.000000
vn -0.054256 0.998527 0.000000
vn -0.054260 0.998527 -0.000000
vn -0.054259 0.998527 -0.000000
vn -0.054251 0.998527 0.000002
vn -0.054257 0.998527 0.000000
vn -0.054263 0.998527 -0.000002
vn -0.054257 0.998527 0.000001
vn -0.054261 0.998527 -0.000001
vn -0.054259 0.998527 -0.000000
vn -0.054251 0.998527 0.000004
vn -0.054262 0.998527 -0.000003
vn -0.054256 0.998527 0.000001
vn -0.054256 0.998527 0.000001
vn -0.054262 0.998527 -0.000003
vn -0.054260 0.998527 -0.000001
vn -0.054257 0.998527 0.000001
vn -0.054260 0.998527 -0.000002
vn -0.054257 0.998527 0.000001
vn -0.054257 0.998527 0.000001
vn -0.054261 0.998527 -0.000004
vn -0.054261 0.998527 0.000003
vn -0.054254 0.998527 -0.000005
vn -0.054260 0.998527 0.000003
vn -0.054256 0.998527 -0.000002
vn -0.054264 0.998527 0.000007
vn -0.054256 0.998527 -0.000003
vn -0.054259 0.998527 0.000000
vn -0.054255 0.998527 -0.000005
vn -0.054261 0.998527 0.000005
vn -0.054261 0.998527 0.000004
vn -0.054255 0.998527 -0.000007
vn -0.054259 0.998527 0.000001
vn -0.054258 0.998527 0.000000
vn -0.054258 0.998527 -0.000001
vn -0.054256 0.998527 -0.000002
vn -0.054259 0.998527 0.000001
vn -0.054258 0.998527 0.000000
vn -0.054262 0.998527 0.000003
vn -0.054256 0.998527 -0.000002
vn -0.054260 0.998527 0.000001
vn -0.054258 0.998527 -0.000000
vn -0.054254 0.998527 -0.000003
vn -0.054261 0.998527 0.000002
vn -0.054260 0.998527 0.000001
vn -0.054252 0.998527 -0.000004
vn -0.054259 0.998527 0.000000
vn -0.054264 0.998527 0.000003
vn -0.054261 0.998527 0.000001
vn -0.054255 0.998527 -0.000002
vn -0.054250 0.998527 -0.000004
vn -0.054257 0.998527 -0.000001
vn -0.054274 0.998526 0.000007
vn -0.054266 0.998527 -0.000000
vn -0.054250 0.998527 0.000000
vn -0.054254 0.998527 0.000000
vn -0.054260 0.998527 -0.000000
vn -0.054259 0.998527 -0.000000
vn -0.054251 0.998527 0.000000
vn -0.054262 0.998527 -0.000000
vn -0.054265 0.998527 -0.000000
vn -0.054260 0.998527 -0.000000
vn -0.054266 0.998527 -0.000000
vn -0.054255 0.998527 -0.000000
vn -0.054250 0.998527 0.000000
vn -0.054260 0.998527 -0.000000
vn -0.054252 0.998527 0.000000
vn -0.054259 0.998527 -0.000000
vn -0.054254 0.998527 0.000000
vn -0.054256 0.998527 0.000000
vn -0.054254 0.998527 0.000000
vn -0.054264 0.998527 -0.000000
vn -0.054256 0.998527 0.000000
vn -0.054264 0.998527 -0.000000
vn -0.054264 0.998527 -0.000000
vn -0.054257 0.998527 0.000000
vn -0.054260 0.998527 0.000000
vn -0.054262 0.998527 0.000000
vn -0.054250 0.998527 0.000000
vn -0.054260 0.998527 -0.000000
vn -0.054268 0.998526 -0.000000
vn -0.054250 0.998527 0.000000
vn -0.054250 0.998527 0.000000
vn -0.054263 0.998527 -0.000000
vn -0.054260 0.998527 -0.000000
vn -0.054256 0.998527 -0.000000
vn -0.054264 0.998527 -0.000000
vn -0.054256 0.998527 0.000000
vn -0.054253 0.998527 0.000000
vn -0.054262 0.998527 -0.000000
vn -0.054259 0.998527 -0.000000
vn -0.054260 0.998527 -0.000000
vn -0.054264 0.998527 -0.000000
vn -0.054257 0.998527 0.000000
vn -0.054254 0.998527 0.000000
vn -0.054260 0.998527 -0.000000
vn -0.054256 0.998527 -0.000000
vn -0.054257 0.998527 -0.000000
vn -0.054257 0.998527 0.000000
vn -0.054261 0.998527 -0.000000
vn -0.054262 0.998527 0.000000
vn -0.054261 0.998527 0.000000
vn -0.054254 0.998527 0.000000
vn -0.054259 0.998527 -0.000000
vn -0.054264 0.998527 -0.000000
vn -0.054253 0.998527 0.000000
vn -0.054257 0.998527 0.000000
vn -0.054262 0.998527 0.000000
vn -0.054255 0.998527 0.000000
vn -0.054263 0.998527 -0.000000
vn -0.054260 0.998527 -0.000000
vn -0.054253 0.998527 0.000000
vn -0.054257 0.998527 0.000000
vn -0.054259 0.998527 0.000000
vn -0.054260 0.998527 0.000000
vn -0.054254 0.998527 0.000000
vn -0.054259 0.998527 0.000000
vn -0.054268 0.998526 -0.000000
vn -0.054261 0.998527 -0.000000
vn -0.054255 0.998527 0.000000
vn -0.054260 0.998527 0.000000
vn -0.054263 0.998527 -0.000000
vn -0.054254 0.998527 0.000000
vn -0.054250 0.998527 0.000000
vn -0.054256 0.998527 0.000000
vn -0.054264 0.998527 -0.000000
vn -0.054257 0.998527 -0.000000
vn -0.054259 0.998527 -0.000000
vn -0.054254 0.998527 0.000000
vn -0.054259 0.998527 -0.000000
vn -0.054260 0.998527 0.000000
vn -0.054260 0.998527 0.000000
vn -0.054260 0.998527 0.000000
vn -0.054259 0.998527 0.000000
vn -0.054260 0.998527 0.000000
vn -0.054267 0.998526 -0.000000
vn -0.054245 0.998528 0.000000
vn -0.054253 0.998527 -0.000000
vn -0.054263 0.998527 -0.000000
vn -0.054262 0.998527 -0.000000
vn -0.054262 0.998527 -0.000000
vn -0.054264 0.998527 -0.000000
vn -0.054254 0.998527 -0.000000
vn -0.054252 0.998527 -0.000000
vn -0.054265 0.998527 0.000001
vn -0.054251 0.998527 -0.000001
vn -0.054255 0.998527 -0.000000
vn -0.054259 0.998527 0.000000
vn -0.054264 0.998527 0.000001
vn -0.054260 0.998527 0.000000
vn -0.054255 0.998527 -0.000001
vn -0.054257 0.998527 -0.000000
vn -0.054263 0.998527 0.000002
vn -0.054260 0.998527 0.000001
vn -0.054252 0.998527 -0.000004
vn -0.054266 0.998527 0.000005
vn -0.054252 0.998527 -0.000005
vn -0.054259 0.998527 0.000001
vn -0.054263 0.998527 0.000004
vn -0.054253 0.998527 -0.000005
vn -0.054259 0.998527 0.000001
vn -0.054264 0.998527 0.000006
vn -0.054254 0.998527 -0.000006
vn -0.054256 0.998527 -0.000002
vn -0.054262 0.998527 0.000005
vn -0.054263 0.998527 0.000006
vn -0.054252 0.998527 -0.000009
vn -0.054253 0.998527 0.000005
vn -0.054260 0.998527 -0.000001
vn -0.054260 0.998527 -0.000001
vn -0.054255 0.998527 0.000002
vn -0.054262 0.998527 -0.000002
vn -0.054254 0.998527 0.000003
vn -0.054271 0.998526 -0.000006
vn -0.054260 0.998527 -0.000001
vn -0.054250 0.998527 0.000004
vn -0.054262 0.998527 -0.000002
vn -0.054257 0.998527 0.000001
vn -0.054259 0.998527 -0.000000
vn -0.054249 0.998527 0.000005
vn -0.054264 0.998527 -0.000003
vn -0.054247 0.998528 0.000006
vn -0.054262 0.998527 -0.000007
vn -0.054258 0.998527 0.000001
vn -0.054256 0.998527 0.000004
vn -0.054258 0.998527 0.000000
vn -0.054259 0.998527 -0.000001
vn -0.054258 0.998527 0.000001
vn -0.054259 0.998527 -0.000001
vn -0.054259 0.998527 -0.000001
vn -0.054259 0.998527 -0.000002
vn -0.054259 0.998527 -0.000001
vn -0.054256 0.998527 0.000003
vn -0.054257 0.998527 0.000002
vn -0.054259 0.998527 -0.000000
vn -0.054259 0.998527 -0.000000
vn -0.054259 0.998527 -0.000001
vn -0.054259 0.998527 -0.000001
vn -0.054259 0.998527 -0.000001
vn -0.054259 0.998527 0.000000
vn -0.054262 0.998527 0.000001
vn -0.054249 0.998527 -0.000002
vn -0.054265 0.998527 0.000001
vn -0.054252 0.998527 -0.000001
vn -0.054258 0.998527 -0.000000
vn -0.054265 0.998527 -0.000000
vn -0.054268 0.998526 -0.000000
vn -0.054244 0.998528 0.000000
vn -0.054258 0.998527 -0.000000
vn -0.667696 -0.744434 0.000000
vn -0.667696 -0.744434 0.000000
vn 0.000000 0.000000 1.000000
vn 0.000000 0.000000 1.000000
vn -0.000000 0.000000 1.000000
vn 0.000000 0.000000 1.000000
vn 0.000000 0.000000 1.000000
vn 0.000000 0.000000 1.000000
vn 0.000000 0.000000 1.000000
vn -0.000000 0.000000 1.000000
vn 0.000000 0.000000 1.000000
vn 0.000000 0.000000 1.000000
vn -0.000000 0.000000 1.000000
vn -0.000000 0.000000 1.000000
vn 0.054258 -0.998527 0.000000
vn 0.054259 -0.998527 -0.000001
vn 0.054258 -0.998527 0.000001
vn 0.054258 -0.998527 0.000002
vn 0.054259 -0.998527 -0.000003
vn 0.054258 -0.998527 0.000000
vn 0.054257 -0.998527 0.000005
vn 0.054260 -0.998527 -0.000005
vn 0.054260 -0.998527 -0.000003
vn 0.054259 -0.998527 -0.000002
vn 0.054259 -0.998527 -0.000000
vn 0.054258 -0.998527 0.000004
vn 0.054259 -0.998527 -0.000001
vn 0.054258 -0.998527 0.000004
vn 0.054258 -0.998527 0.000002
vn 0.054259 -0.998527 -0.000005
vn 0.054258 -0.998527 0.000000
vn 0.054259 -0.998527 -0.000001
vn 0.054258 -0.998527 0.000002
vn 0.054257 -0.998527 0.000007
vn 0.054260 -0.998527 -0.000004
vn 0.054258 -0.998527 0.000004
vn 0.054257 -0.998527 0.000004
vn 0.054258 -0.998527 0.000000
vn 0.054258 -0.998527 0.000000
vn 0.054259 -0.998527 -0.000000
vn 0.054258 -0.998527 0.000000
vn 0.054258 -0.998527 0.000001
vn 0.054258 -0.998527 -0.000001
vn 0.054259 -0.998527 0.000000
vn 0.054258 -0.998527 -0.000000
vn 0.054258 -0.998527 -0.000000
vn 0.054257 -0.998527 -0.000004
vn 0.054260 -0.998527 0.000004
vn 0.054258 -0.998527 -0.000002
vn 0.054258 -0.998527 -0.000000
vn 0.054258 -0.998527 -0.000002
vn 0.054259 -0.998527 0.000001
vn 0.054259 -0.998527 0.000000
vn 0.054256 -0.998527 -0.000006
vn 0.054258 -0.998527 -0.000001
vn 0.054258 -0.998527 -0.000001
vn 0.054257 -0.998527 -0.000002
vn 0.054263 -0.998527 0.000006
vn 0.054257 -0.998527 -0.000002
vn 0.054258 -0.998527 -0.000001
vn 0.054259 -0.998527 0.000001
vn 0.054259 -0.998527 0.000000
vn 0.054259 -0.998527 0.000001
vn 0.054258 -0.998527 -0.000000
vn 0.054263 -0.998527 0.000012
vn 0.054263 -0.998527 0.000012
vn 0.054258 -0.998527 -0.000002
vn 0.054260 -0.998527 0.000003
vn 0.054254 -0.998527 -0.000010
vn 0.054262 -0.998527 0.000007
vn 0.054259 -0.998527 0.000003
vn 0.054255 -0.998527 -0.000004
vn 0.054257 -0.998527 -0.000006
vn 0.054263 -0.998527 0.000004
vn 0.054259 -0.998527 0.000003
vn 0.054257 -0.998527 -0.000001
vn 0.054258 -0.998527 -0.000001
vn 0.054261 -0.998527 0.000002
vn 0.054258 -0.998527 -0.000000
vn 0.054256 -0.998527 -0.000002
vn 0.054259 -0.998527 0.000001
vn 0.054257 -0.998527 -0.000001
vn 0.054258 -0.998527 -0.000002
vn 0.054258 -0.998527 -0.000000
vn 0.054258 -0.998527 -0.000000
vn 0.054260 -0.998527 0.000000
vn 0.054259 -0.998527 0.000005
vn 0.054255 -0.998527 -0.000002
vn 0.054259 -0.998527 0.000002
vn 0.054263 -0.998527 0.000002
vn 0.054258 -0.998527 -0.000004
vn 0.054255 -0.998527 -0.000001
vn 0.054256 -0.998527 -0.000001
vn 0.054264 -0.998527 0.000002
vn 0.054254 -0.998527 -0.000001
vn 0.054261 -0.998527 0.000001
vn 0.054258 -0.998527 -0.000000
vn 0.054265 -0.998527 0.000002
vn 0.054257 -0.998527 -0.000000
vn 0.054259 -0.998527 0.000000
vn 0.054243 -0.998528 -0.000003
vn 0.054243 -0.998528 0.000003
vn 0.054259 -0.998527 -0.000000
vn 0.054257 -0.998527 0.000000
vn 0.054265 -0.998527 -0.000002
vn 0.054258 -0.998527 0.000000
vn 0.054261 -0.998527 -0.000001
vn 0.054254 -0.998527 0.000001
vn 0.054264 -0.998527 -0.000002
vn 0.054256 -0.998527 0.000001
vn 0.054256 -0.998527 0.000001
vn 0.054263 -0.998527 -0.000002
vn 0.054255 -0.998527 0.000002
vn 0.054259 -0.998527 -0.000000
vn 0.054258 -0.998527 0.000000
vn 0.054257 -0.998527 0.000001
vn 0.054256 -0.998527 0.000002
vn 0.054261 -0.998527 -0.000002
vn 0.054257 -0.998527 0.000001
vn 0.054263 -0.998527 -0.000004
vn 0.054259 -0.998527 0.000000
vn 0.054255 -0.998527 0.000004
vn 0.054259 -0.998527 -0.000001
vn 0.054259 -0.998527 -0.000000
vn 0.054259 -0.998527 -0.000001
vn 0.054258 -0.998527 0.000001
vn 0.054257 -0.998527 0.000002
vn 0.054263 -0.998527 -0.000007
vn 0.054257 -0.998527 0.000003
vn 0.054258 -0.998527 0.000001
vn 0.054258 -0.998527 0.000001
vn 0.054256 -0.998527 0.000006
vn 0.054262 -0.998527 -0.000008
vn 0.054254 -0.998527 0.000011
vn 0.054260 -0.998527 -0.000003
vn 0.054258 -0.998527 0.000002
vn 0.054258 -0.998527 -0.000000
vn 0.054260 -0.998527 0.000011
vn 0.054259 -0.998527 0.000007
vn 0.054258 -0.998527 -0.000005
vn 0.054257 -0.998527 -0.000008
vn 0.054259 -0.998527 0.000001
vn 0.054259 -0.998527 0.000005
vn 0.054258 -0.998527 -0.000004
vn 0.744429 -0.667702 0.000000
vn 0.744429 -0.667702 -0.000000
vn -0.998527 -0.054260 0.000000
vn -0.998527 -0.054260 -0.000000
vn 0.891288 0.048433 0.450843
vn 0.891288 0.048433 0.450843
vn 0.867685 0.047150 0.494873
vn 0.867685 0.047150 0.494873
vn 0.841975 0.045753 0.537574
vn 0.841975 0.045753 0.537574
vn 0.814024 0.044234 0.579144
vn 0.814024 0.044234 0.579144
vn 0.784133 0.042606 0.619129
vn 0.784192 0.042613 0.619053
vn 0.752284 0.040876 0.657570
vn 0.752284 0.040876 0.657570
vn 0.718552 0.039043 0.694376
vn 0.718552 0.039043 0.694376
vn 0.683031 0.037113 0.729446
vn 0.683031 0.037113 0.729446
vn 0.645744 0.035087 0.762748
vn 0.645744 0.035087 0.762748
vn 0.606917 0.032980 0.794080
vn 0.606859 0.032974 0.794125
vn 0.566599 0.030789 0.823418
vn 0.566599 0.030789 0.823419
vn 0.524746 0.028515 0.850781
vn 0.524746 0.028515 0.850781
vn 0.481639 0.026170 0.875979
vn 0.481690 0.026175 0.875951
vn 0.437367 0.023767 0.898969
vn 0.437319 0.023762 0.898992
vn 0.391988 0.021301 0.919724
vn 0.391988 0.021301 0.919724
vn 0.345576 0.018779 0.938203
vn 0.345576 0.018779 0.938203
vn 0.298332 0.016210 0.954325
vn 0.298367 0.016213 0.954314
vn 0.250443 0.013609 0.968036
vn 0.250414 0.013606 0.968043
vn 0.201773 0.010964 0.979371
vn 0.201773 0.010964 0.979371
vn 0.152696 0.008298 0.988238
vn 0.152678 0.008296 0.988241
vn 0.103172 0.005606 0.994648
vn 0.103172 0.005606 0.994648
vn 0.053409 0.002902 0.998569
vn 0.053416 0.002903 0.998568
vn 0.003598 0.000196 0.999994
vn 0.003597 0.000195 0.999994
vn -0.046342 -0.002518 0.998923
vn -0.046342 -0.002518 0.998923
vn -0.096096 -0.005221 0.995358
vn -0.096108 -0.005223 0.995357
vn -0.145678 -0.007916 0.989300
vn -0.145660 -0.007914 0.989303
vn -0.194752 -0.010582 0.980795
vn -0.194776 -0.010584 0.980791
vn -0.243535 -0.013234 0.969802
vn -0.243535 -0.013234 0.969802
vn -0.291547 -0.015843 0.956425
vn -0.291513 -0.015839 0.956436
vn -0.338924 -0.018417 0.940634
vn -0.338885 -0.018413 0.940648
vn -0.385437 -0.020945 0.922496
vn -0.385437 -0.020945 0.922496
vn -0.430981 -0.023420 0.902057
vn -0.430981 -0.023420 0.902057
vn -0.475362 -0.025831 0.879411
vn -0.475362 -0.025831 0.879411
vn -0.518725 -0.028188 0.854476
vn -0.518726 -0.028188 0.854476
vn -0.560634 -0.030462 0.827503
vn -0.560690 -0.030468 0.827465
vn -0.601262 -0.032673 0.798383
vn -0.601204 -0.032667 0.798428
vn -0.640341 -0.034796 0.767302
vn -0.640341 -0.034796 0.767302
vn -0.677786 -0.036831 0.734336
vn -0.677786 -0.036831 0.734336
vn -0.713589 -0.038777 0.699490
vn -0.713589 -0.038777 0.699490
vn -0.747572 -0.040620 0.662937
vn -0.779734 -0.042367 0.624675
vn -0.747633 -0.040627 0.662869
vn -0.779734 -0.042367 0.624675
vn -0.809924 -0.044007 0.584882
vn -0.809924 -0.044007 0.584882
vn -0.838112 -0.045543 0.543593
vn -0.838057 -0.045536 0.543679
vn -0.864119 -0.046952 0.501093
vn -0.864171 -0.046959 0.501002
vn -0.888103 -0.048260 0.457105
vn -0.888053 -0.048253 0.457201
vn -0.909756 -0.049436 0.412189
vn -0.909756 -0.049436 0.412189
vn -0.929213 -0.050494 0.366080
vn -0.929171 -0.050487 0.366186
vn -0.946318 -0.051418 0.319122
vn -0.946280 -0.051421 0.319233
vn -0.961045 -0.052224 0.271412
vn -0.961045 -0.052223 0.271412
vn -0.973387 -0.052894 0.222981
vn -0.973361 -0.052888 0.223097
vn -0.983287 -0.053427 0.174048
vn -0.983287 -0.053427 0.174048
vn -0.990741 -0.053832 0.124636
vn -0.990741 -0.053832 0.124636
vn -0.995725 -0.054103 0.074859
vn -0.995716 -0.054108 0.074980
vn -0.998216 -0.054243 0.024951
vn -0.998216 -0.054243 0.024951
vn -0.998216 -0.054243 -0.024953
vn -0.998216 -0.054243 -0.024953
vn -0.995716 -0.054108 -0.074975
vn -0.995726 -0.054103 -0.074854
vn -0.990741 -0.053832 -0.124636
vn -0.990741 -0.053832 -0.124636
vn -0.983287 -0.053427 -0.174048
vn -0.983287 -0.053427 -0.174048
vn -0.973361 -0.052888 -0.223097
vn -0.973387 -0.052894 -0.222981
vn -0.961045 -0.052224 -0.271412
vn -0.961046 -0.052224 -0.271412
vn -0.946317 -0.051423 -0.319123
vn -0.946281 -0.051416 -0.319233
vn -0.929163 -0.050486 -0.366207
vn -0.929204 -0.050493 -0.366101
vn -0.909756 -0.049436 -0.412189
vn -0.909756 -0.049436 -0.412189
vn -0.888115 -0.048260 -0.457080
vn -0.864119 -0.046952 -0.501093
vn -0.888066 -0.048253 -0.457176
vn -0.838112 -0.045543 -0.543593
vn -0.864171 -0.046959 -0.501002
vn -0.838057 -0.045536 -0.543679
vn -0.809924 -0.044007 -0.584882
vn -0.779734 -0.042367 -0.624675
vn -0.809924 -0.044007 -0.584882
vn -0.747572 -0.040620 -0.662937
vn -0.779735 -0.042367 -0.624675
vn -0.713589 -0.038777 -0.699490
vn -0.747633 -0.040627 -0.662869
vn -0.713589 -0.038777 -0.699490
vn -0.677786 -0.036831 -0.734336
vn -0.677786 -0.036831 -0.734336
vn -0.640341 -0.034796 -0.767302
vn -0.640341 -0.034796 -0.767302
vn -0.601262 -0.032673 -0.798383
vn -0.601204 -0.032667 -0.798428
vn -0.560634 -0.030462 -0.827503
vn -0.560690 -0.030468 -0.827465
vn -0.518726 -0.028188 -0.854476
vn -0.518725 -0.028188 -0.854476
vn -0.475362 -0.025831 -0.879411
vn -0.475362 -0.025831 -0.879411
vn -0.430981 -0.023420 -0.902057
vn -0.430981 -0.023420 -0.902057
vn -0.385437 -0.020945 -0.922496
vn -0.385437 -0.020945 -0.922496
vn -0.338924 -0.018417 -0.940634
vn -0.338885 -0.018413 -0.940648
vn -0.291513 -0.015839 -0.956436
vn -0.291547 -0.015843 -0.956425
vn -0.243535 -0.013234 -0.969802
vn -0.243535 -0.013234 -0.969802
vn -0.194752 -0.010583 -0.980795
vn -0.194776 -0.010583 -0.980791
vn -0.145660 -0.007914 -0.989303
vn -0.145678 -0.007916 -0.989300
vn -0.096108 -0.005223 -0.995357
vn -0.096096 -0.005221 -0.995358
vn -0.046342 -0.002518 -0.998923
vn -0.046342 -0.002518 -0.998923
vn 0.003598 0.000195 -0.999994
vn 0.003597 0.000195 -0.999994
vn 0.053416 0.002903 -0.998568
vn 0.053409 0.002902 -0.998569
vn 0.103172 0.005606 -0.994648
vn 0.103172 0.005606 -0.994648
vn 0.152696 0.008297 -0.988238
vn 0.152678 0.008297 -0.988241
vn 0.201773 0.010964 -0.979371
vn 0.201773 0.010964 -0.979371
vn 0.250443 0.013609 -0.968036
vn 0.250414 0.013606 -0.968043
vn 0.298332 0.016210 -0.954325
vn 0.345630 0.018782 -0.938183
vn 0.298367 0.016213 -0.954314
vn 0.391936 0.021298 -0.919746
vn 0.345630 0.018782 -0.938183
vn 0.391936 0.021298 -0.919746
vn 0.437367 0.023764 -0.898969
vn 0.481685 0.026172 -0.875953
vn 0.437319 0.023764 -0.898992
vn 0.524746 0.028515 -0.850781
vn 0.481737 0.026178 -0.875925
vn 0.524746 0.028515 -0.850781
vn 0.566557 0.030787 -0.823447
vn 0.606917 0.032980 -0.794080
vn 0.566557 0.030787 -0.823447
vn 0.606859 0.032974 -0.794125
vn 0.645744 0.035087 -0.762748
vn 0.645744 0.035087 -0.762748
vn 0.683031 0.037113 -0.729446
vn 0.718552 0.039043 -0.694376
vn 0.683031 0.037113 -0.729446
vn 0.752284 0.040876 -0.657570
vn 0.718552 0.039043 -0.694376
vn 0.784133 0.042606 -0.619129
vn 0.752284 0.040876 -0.657570
vn 0.814045 0.044235 -0.579115
vn 0.784192 0.042613 -0.619053
vn 0.814045 0.044235 -0.579115
vn 0.841957 0.045752 -0.537601
vn 0.841957 0.045752 -0.537601
vn 0.867685 0.047150 -0.494873
vn 0.867685 0.047150 -0.494873
vn 0.891288 0.048433 -0.450843
vn 0.891288 0.048433 -0.450843
vn -0.998527 -0.054260 -0.000000
vn -0.998527 -0.054260 -0.000000
vn 0.918681 0.049921 0.391832
vn 0.918681 0.049921 0.391832
vn 0.898071 0.048801 0.437135
vn 0.898071 0.048801 0.437135
vn 0.875198 0.047554 0.481423
vn 0.875249 0.047561 0.481329
vn 0.850211 0.046196 0.524411
vn 0.850211 0.046196 0.524411
vn 0.823093 0.044723 0.566143
vn 0.823093 0.044723 0.566143
vn 0.793953 0.043144 0.606446
vn 0.793894 0.043136 0.606524
vn 0.762799 0.041451 0.645306
vn 0.762799 0.041451 0.645306
vn 0.729783 0.039657 0.682528
vn 0.729783 0.039657 0.682528
vn 0.694925 0.037759 0.718090
vn 0.694986 0.037766 0.718031
vn 0.658442 0.035780 0.751781
vn 0.658381 0.035773 0.751834
vn 0.620243 0.033704 0.783685
vn 0.620243 0.033704 0.783685
vn 0.580424 0.031537 0.813703
vn 0.580482 0.031544 0.813662
vn 0.539318 0.029304 0.841592
vn 0.539318 0.029304 0.841592
vn 0.496868 0.026997 0.867406
vn 0.496868 0.026997 0.867406
vn 0.453117 0.024623 0.891111
vn 0.453068 0.024618 0.891136
vn 0.408260 0.022185 0.912596
vn 0.408260 0.022185 0.912596
vn 0.362347 0.019690 0.931835
vn 0.362347 0.019690 0.931835
vn 0.315582 0.017149 0.948743
vn 0.315582 0.017149 0.948743
vn 0.268052 0.014566 0.963294
vn 0.268052 0.014566 0.963294
vn 0.219889 0.011949 0.975452
vn 0.219863 0.011946 0.975458
vn 0.171102 0.009297 0.985209
vn 0.171102 0.009297 0.985209
vn 0.121895 0.006623 0.992521
vn 0.121910 0.006625 0.992519
vn 0.072403 0.003934 0.997368
vn 0.072395 0.003934 0.997368
vn 0.022763 0.001237 0.999740
vn 0.022766 0.001237 0.999740
vn -0.026989 -0.001467 0.999635
vn -0.026989 -0.001467 0.999635
vn -0.076621 -0.004164 0.997052
vn -0.076621 -0.004164 0.997052
vn -0.126067 -0.006851 0.991998
vn -0.126052 -0.006849 0.992000
vn -0.175264 -0.009523 0.984475
vn -0.175285 -0.009525 0.984472
vn -0.223915 -0.012168 0.974533
vn -0.223915 -0.012168 0.974533
vn -0.272140 -0.014788 0.962144
vn -0.272140 -0.014788 0.962144
vn -0.319564 -0.017365 0.947406
vn -0.319564 -0.017365 0.947406
vn -0.366337 -0.019907 0.930269
vn -0.366337 -0.019907 0.930269
vn -0.412061 -0.022389 0.910881
vn -0.412107 -0.022394 0.910860
vn -0.456871 -0.024827 0.889186
vn -0.456821 -0.024821 0.889212
vn -0.500480 -0.027196 0.865321
vn -0.500480 -0.027196 0.865321
vn -0.542830 -0.029495 0.839325
vn -0.542885 -0.029501 0.839289
vn -0.583945 -0.031729 0.811173
vn -0.583945 -0.031729 0.811173
vn -0.623483 -0.033880 0.781103
vn -0.623424 -0.033874 0.781150
vn -0.661572 -0.035947 0.749020
vn -0.661632 -0.035953 0.748966
vn -0.697996 -0.037929 0.715096
vn -0.697935 -0.037922 0.715156
vn -0.732645 -0.039812 0.679446
vn -0.732645 -0.039812 0.679446
vn -0.765544 -0.041600 0.642037
vn -0.765544 -0.041600 0.642037
vn -0.796429 -0.043274 0.603181
vn -0.796488 -0.043281 0.603103
vn -0.825452 -0.044851 0.562688
vn -0.825509 -0.044858 0.562604
vn -0.852396 -0.046319 0.520841
vn -0.852396 -0.046319 0.520841
vn -0.877260 -0.047671 0.477642
vn -0.877260 -0.047671 0.477642
vn -0.899908 -0.048901 0.433329
vn -0.899908 -0.048901 0.433329
vn -0.920341 -0.050012 0.387907
vn -0.920297 -0.050005 0.388011
vn -0.938451 -0.050991 0.341627
vn -0.938490 -0.050998 0.341519
vn -0.954286 -0.051856 0.294361
vn -0.954286 -0.051856 0.294361
vn -0.967746 -0.052588 0.246380
vn -0.967717 -0.052581 0.246495
vn -0.978782 -0.053182 0.197881
vn -0.978782 -0.053182 0.197881
vn -0.987396 -0.053650 0.148899
vn -0.987414 -0.053656 0.148780
vn -0.993579 -0.053991 0.099430
vn -0.993579 -0.053991 0.099430
vn -0.997292 -0.054193 0.049717
vn -0.997286 -0.054188 0.049839
vn -0.998527 -0.054255 0.000000
vn -0.998527 -0.054255 0.000000
vn -0.997286 -0.054188 -0.049839
vn -0.997292 -0.054193 -0.049717
vn -0.993579 -0.053991 -0.099430
vn -0.993579 -0.053991 -0.099430
vn -0.987396 -0.053655 -0.148899
vn -0.987414 -0.053651 -0.148780
vn -0.978782 -0.053182 -0.197881
vn -0.978782 -0.053182 -0.197881
vn -0.967717 -0.052581 -0.246495
vn -0.967746 -0.052588 -0.246380
vn -0.954286 -0.051856 -0.294361
vn -0.938490 -0.050998 -0.341519
vn -0.954286 -0.051856 -0.294361
vn -0.920297 -0.050005 -0.388011
vn -0.938451 -0.050991 -0.341627
vn -0.920341 -0.050012 -0.387907
vn -0.899908 -0.048901 -0.433329
vn -0.877260 -0.047671 -0.477642
vn -0.899908 -0.048901 -0.433329
vn -0.852396 -0.046319 -0.520841
vn -0.877260 -0.047671 -0.477642
vn -0.825509 -0.044858 -0.562604
vn -0.852396 -0.046319 -0.520841
vn -0.825452 -0.044851 -0.562688
vn -0.796488 -0.043277 -0.603103
vn -0.796429 -0.043278 -0.603181
vn -0.765544 -0.041600 -0.642037
vn -0.765544 -0.041600 -0.642037
vn -0.732645 -0.039812 -0.679446
vn -0.732645 -0.039812 -0.679446
vn -0.697996 -0.037929 -0.715096
vn -0.697935 -0.037922 -0.715156
vn -0.661572 -0.035947 -0.749020
vn -0.661632 -0.035953 -0.748966
vn -0.623483 -0.033880 -0.781102
vn -0.623424 -0.033874 -0.781150
vn -0.583945 -0.031729 -0.811173
vn -0.583945 -0.031729 -0.811173
vn -0.542830 -0.029495 -0.839325
vn -0.542885 -0.029501 -0.839289
vn -0.500480 -0.027196 -0.865321
vn -0.500480 -0.027196 -0.865321
vn -0.456871 -0.024827 -0.889187
vn -0.456821 -0.024821 -0.889212
vn -0.412061 -0.022389 -0.910881
vn -0.412107 -0.022394 -0.910860
vn -0.366337 -0.019907 -0.930269
vn -0.366337 -0.019907 -0.930269
vn -0.319564 -0.017365 -0.947406
vn -0.319564 -0.017365 -0.947406
vn -0.272140 -0.014788 -0.962144
vn -0.272140 -0.014788 -0.962144
vn -0.223915 -0.012168 -0.974533
vn -0.223915 -0.012168 -0.974533
vn -0.175285 -0.009525 -0.984472
vn -0.175264 -0.009523 -0.984475
vn -0.126052 -0.006849 -0.992000
vn -0.126067 -0.006851 -0.991998
vn -0.076621 -0.004164 -0.997052
vn -0.076621 -0.004164 -0.997052
vn -0.026989 -0.001467 -0.999635
vn -0.026989 -0.001467 -0.999635
vn 0.022766 0.001237 -0.999740
vn 0.022763 0.001237 -0.999740
vn 0.072395 0.003934 -0.997368
vn 0.121910 0.006625 -0.992519
vn 0.072403 0.003934 -0.997368
vn 0.171102 0.009297 -0.985209
vn 0.121895 0.006623 -0.992521
vn 0.219805 0.011943 -0.975471
vn 0.171102 0.009297 -0.985209
vn 0.268109 0.014569 -0.963278
vn 0.219831 0.011946 -0.975465
vn 0.315582 0.017149 -0.948743
vn 0.268109 0.014569 -0.963278
vn 0.362347 0.019690 -0.931835
vn 0.315582 0.017149 -0.948743
vn 0.408260 0.022185 -0.912596
vn 0.362347 0.019690 -0.931835
vn 0.408260 0.022185 -0.912596
vn 0.453117 0.024623 -0.891111
vn 0.496868 0.026997 -0.867406
vn 0.453068 0.024618 -0.891136
vn 0.539318 0.029304 -0.841592
vn 0.496868 0.026997 -0.867406
vn 0.580424 0.031537 -0.813703
vn 0.539318 0.029304 -0.841592
vn 0.620243 0.033704 -0.783685
vn 0.580482 0.031544 -0.813662
vn 0.658442 0.035780 -0.751781
vn 0.620243 0.033704 -0.783685
vn 0.694925 0.037759 -0.718090
vn 0.658381 0.035773 -0.751834
vn 0.729783 0.039657 -0.682528
vn 0.694986 0.037766 -0.718031
vn 0.762799 0.041451 -0.645306
vn 0.729783 0.039657 -0.682528
vn 0.793953 0.043144 -0.606446
vn 0.762798 0.041451 -0.645306
vn 0.823093 0.044723 -0.566143
vn 0.793894 0.043136 -0.606524
vn 0.850211 0.046196 -0.524411
vn 0.823093 0.044723 -0.566143
vn 0.875198 0.047554 -0.481423
vn 0.850211 0.046196 -0.524411
vn 0.898071 0.048801 -0.437135
vn 0.875249 0.047561 -0.481329
vn 0.918681 0.049921 -0.391832
vn 0.898071 0.048801 -0.437135
vn 0.918681 0.049921 -0.391832
vn -0.744435 0.667695 0.000000
vn -0.744435 0.667695 0.000000
vn -0.814242 -0.044246 -0.578838
vn -0.814242 -0.044246 -0.578837
vn -0.784391 -0.042624 -0.618800
vn -0.784392 -0.042624 -0.618800
vn -0.752506 -0.040890 -0.657314
vn -0.752476 -0.040890 -0.657349
vn -0.718790 -0.039057 -0.694130
vn -0.718790 -0.039057 -0.694130
vn -0.683222 -0.037125 -0.729267
vn -0.683222 -0.037125 -0.729267
vn -0.646017 -0.035103 -0.762516
vn -0.646017 -0.035103 -0.762516
vn -0.607177 -0.032993 -0.793881
vn -0.607177 -0.032993 -0.793881
vn -0.566805 -0.030799 -0.823276
vn -0.566805 -0.030799 -0.823276
vn -0.524994 -0.028527 -0.850628
vn -0.524994 -0.028527 -0.850628
vn -0.481898 -0.026185 -0.875836
vn -0.481898 -0.026185 -0.875836
vn -0.437615 -0.023780 -0.898848
vn -0.437639 -0.023780 -0.898836
vn -0.392216 -0.021312 -0.919626
vn -0.392194 -0.021312 -0.919636
vn -0.345879 -0.018794 -0.938091
vn -0.345879 -0.018794 -0.938091
vn -0.298609 -0.016227 -0.954237
vn -0.298627 -0.016227 -0.954232
vn -0.250642 -0.013619 -0.967984
vn -0.250627 -0.013619 -0.967988
vn -0.201983 -0.010976 -0.979327
vn -0.201995 -0.010976 -0.979325
vn -0.152907 -0.008309 -0.988206
vn -0.152907 -0.008309 -0.988206
vn -0.103467 -0.005622 -0.994617
vn -0.103461 -0.005622 -0.994618
vn -0.053652 -0.002915 -0.998555
vn -0.053652 -0.002915 -0.998555
vn -0.003780 -0.000205 -0.999993
vn -0.003780 -0.000205 -0.999993
vn 0.046151 0.002508 -0.998931
vn 0.046154 0.002508 -0.998931
vn 0.095904 0.005211 -0.995377
vn 0.095904 0.005211 -0.995377
vn 0.145404 0.007901 -0.989341
vn 0.145412 0.007901 -0.989340
vn 0.194670 0.010578 -0.980812
vn 0.194670 0.010578 -0.980812
vn 0.243263 0.013218 -0.969870
vn 0.243263 0.013218 -0.969870
vn 0.291423 0.015835 -0.956463
vn 0.291423 0.015835 -0.956463
vn 0.338738 0.018406 -0.940701
vn 0.338738 0.018406 -0.940701
vn 0.385268 0.020935 -0.922567
vn 0.385268 0.020935 -0.922567
vn 0.430860 0.023412 -0.902115
vn 0.430836 0.023412 -0.902126
vn 0.475238 0.025825 -0.879478
vn 0.475264 0.025825 -0.879464
vn 0.518572 0.028179 -0.854569
vn 0.518599 0.028180 -0.854553
vn 0.560563 0.030460 -0.827551
vn 0.560535 0.030460 -0.827570
vn 0.601145 0.032665 -0.798472
vn 0.601145 0.032665 -0.798472
vn 0.640221 0.034788 -0.767403
vn 0.677725 0.036826 -0.734393
vn 0.640221 0.034788 -0.767402
vn 0.677725 0.036826 -0.734393
vn 0.713498 0.038770 -0.699584
vn 0.747538 0.040620 -0.662975
vn 0.713498 0.038770 -0.699584
vn 0.779693 0.042367 -0.624727
vn 0.747538 0.040620 -0.662976
vn 0.809837 0.044005 -0.585002
vn 0.779692 0.042367 -0.624728
vn 0.838065 0.045541 -0.543666
vn 0.809866 0.044008 -0.584962
vn 0.838037 0.045537 -0.543710
vn 0.864107 0.046954 -0.501113
vn 0.888054 0.048255 -0.457200
vn 0.864107 0.046954 -0.501112
vn 0.909721 0.049432 -0.412268
vn 0.888054 0.048255 -0.457200
vn 0.929187 0.050492 -0.366144
vn 0.909744 0.049436 -0.412217
vn 0.946274 0.051418 -0.319250
vn 0.929166 0.050489 -0.366197
vn 0.961039 0.052223 -0.271436
vn 0.946293 0.051422 -0.319196
vn 0.961023 0.052220 -0.271493
vn 0.973366 0.052891 -0.223071
vn 0.983280 0.053429 -0.174086
vn 0.973366 0.052891 -0.223070
vn 0.990743 0.053837 -0.124621
vn 0.983290 0.053432 -0.174027
vn 0.990735 0.053834 -0.124681
vn 0.995722 0.054105 -0.074906
vn 0.995722 0.054105 -0.074906
vn 0.998215 0.054241 -0.025008
vn 0.998215 0.054241 -0.025009
vn 0.998215 0.054241 0.025010
vn 0.998215 0.054241 0.025011
vn 0.995722 0.054105 0.074906
vn 0.995722 0.054105 0.074906
vn 0.990736 0.053834 0.124674
vn 0.990744 0.053837 0.124614
vn 0.983278 0.053432 0.174096
vn 0.983288 0.053430 0.174038
vn 0.973369 0.052891 0.223057
vn 0.973369 0.052891 0.223058
vn 0.961039 0.052221 0.271436
vn 0.961023 0.052222 0.271493
vn 0.946268 0.051420 0.319269
vn 0.946287 0.051419 0.319214
vn 0.929166 0.050489 0.366197
vn 0.929187 0.050492 0.366144
vn 0.909754 0.049436 0.412194
vn 0.909731 0.049433 0.412245
vn 0.888041 0.048254 0.457225
vn 0.888041 0.048254 0.457225
vn 0.864123 0.046954 0.501086
vn 0.864123 0.046954 0.501086
vn 0.838019 0.045536 0.543737
vn 0.838047 0.045540 0.543694
vn 0.809887 0.044009 0.584933
vn 0.809858 0.044006 0.584973
vn 0.779669 0.042365 0.624757
vn 0.747538 0.040620 0.662975
vn 0.779669 0.042365 0.624757
vn 0.747538 0.040620 0.662976
vn 0.713498 0.038770 0.699584
vn 0.677725 0.036826 0.734393
vn 0.713498 0.038770 0.699584
vn 0.677725 0.036826 0.734393
vn 0.640221 0.034788 0.767403
vn 0.601145 0.032665 0.798472
vn 0.640221 0.034788 0.767402
vn 0.601145 0.032665 0.798472
vn 0.560563 0.030461 0.827551
vn 0.560535 0.030458 0.827570
vn 0.518572 0.028178 0.854569
vn 0.518599 0.028181 0.854553
vn 0.475311 0.025829 0.879439
vn 0.430787 0.023409 0.902150
vn 0.475285 0.025826 0.879453
vn 0.430810 0.023409 0.902139
vn 0.385268 0.020935 0.922567
vn 0.385268 0.020935 0.922567
vn 0.338738 0.018406 0.940701
vn 0.338738 0.018406 0.940701
vn 0.291423 0.015835 0.956463
vn 0.291423 0.015835 0.956463
vn 0.243320 0.013221 0.969856
vn 0.243320 0.013221 0.969856
vn 0.194612 0.010575 0.980823
vn 0.194612 0.010575 0.980823
vn 0.145412 0.007901 0.989340
vn 0.145404 0.007901 0.989341
vn 0.095904 0.005211 0.995377
vn 0.095904 0.005211 0.995377
vn 0.046151 0.002508 0.998931
vn 0.046154 0.002508 0.998931
vn -0.003780 -0.000205 0.999993
vn -0.003780 -0.000205 0.999993
vn -0.053652 -0.002915 0.998555
vn -0.053652 -0.002915 0.998555
vn -0.103467 -0.005622 0.994617
vn -0.103461 -0.005622 0.994618
vn -0.152907 -0.008309 0.988206
vn -0.152907 -0.008309 0.988206
vn -0.201983 -0.010976 0.979327
vn -0.201995 -0.010976 0.979325
vn -0.250627 -0.013619 0.967988
vn -0.250642 -0.013620 0.967984
vn -0.298627 -0.016227 0.954232
vn -0.298609 -0.016226 0.954238
vn -0.345879 -0.018794 0.938091
vn -0.345879 -0.018794 0.938091
vn -0.392216 -0.021312 0.919626
vn -0.392194 -0.021312 0.919636
vn -0.437639 -0.023781 0.898836
vn -0.437615 -0.023779 0.898848
vn -0.481898 -0.026185 0.875836
vn -0.481898 -0.026185 0.875836
vn -0.524994 -0.028527 0.850628
vn -0.524994 -0.028527 0.850628
vn -0.566805 -0.030799 0.823276
vn -0.566805 -0.030799 0.823276
vn -0.607177 -0.032993 0.793881
vn -0.607177 -0.032993 0.793881
vn -0.683254 -0.037127 0.729236
vn -0.645981 -0.035101 0.762546
vn -0.645981 -0.035101 0.762546
vn -0.683254 -0.037127 0.729236
vn -0.718790 -0.039057 0.694130
vn -0.752506 -0.040890 0.657314
vn -0.718790 -0.039057 0.694130
vn -0.784391 -0.042624 0.618800
vn -0.752476 -0.040890 0.657349
vn -0.784392 -0.042624 0.618800
vn -0.814242 -0.044246 0.578837
vn -0.814242 -0.044246 0.578838
vn 0.998527 0.054260 0.000000
vn 0.998527 0.054260 -0.000000
vn -0.867962 -0.047165 -0.494386
vn -0.867988 -0.047165 -0.494340
vn -0.842191 -0.045763 -0.537233
vn -0.842192 -0.045763 -0.537233
vn -0.814332 -0.044251 -0.578710
vn -0.814360 -0.044251 -0.578670
vn -0.784497 -0.042628 -0.618665
vn -0.784468 -0.042628 -0.618703
vn -0.752585 -0.040896 -0.657223
vn -0.752616 -0.040895 -0.657189
vn -0.718879 -0.039064 -0.694037
vn -0.718879 -0.039064 -0.694037
vn -0.683349 -0.037133 -0.729147
vn -0.683349 -0.037133 -0.729147
vn -0.646118 -0.035109 -0.762430
vn -0.646087 -0.035109 -0.762456
vn -0.607254 -0.032998 -0.793822
vn -0.607284 -0.032998 -0.793799
vn -0.566916 -0.030805 -0.823199
vn -0.566887 -0.030805 -0.823219
vn -0.525126 -0.028536 -0.850546
vn -0.525154 -0.028536 -0.850529
vn -0.482038 -0.026194 -0.875759
vn -0.482038 -0.026194 -0.875758
vn -0.437737 -0.023786 -0.898788
vn -0.437713 -0.023785 -0.898800
vn -0.392297 -0.021318 -0.919591
vn -0.392319 -0.021318 -0.919582
vn -0.345986 -0.018800 -0.938051
vn -0.345966 -0.018800 -0.938059
vn -0.298720 -0.016232 -0.954203
vn -0.298720 -0.016232 -0.954203
vn -0.250742 -0.013625 -0.967958
vn -0.250742 -0.013625 -0.967958
vn -0.202158 -0.010985 -0.979291
vn -0.202158 -0.010985 -0.979291
vn -0.152957 -0.008312 -0.988198
vn -0.152966 -0.008312 -0.988196
vn -0.103582 -0.005628 -0.994605
vn -0.103575 -0.005628 -0.994606
vn -0.053710 -0.002918 -0.998552
vn -0.053710 -0.002918 -0.998552
vn -0.003902 -0.000212 -0.999992
vn -0.003902 -0.000212 -0.999992
vn 0.046029 0.002501 -0.998937
vn 0.046026 0.002501 -0.998937
vn 0.095832 0.005208 -0.995384
vn 0.095837 0.005208 -0.995383
vn 0.145344 0.007898 -0.989350
vn 0.145344 0.007898 -0.989350
vn 0.194530 0.010570 -0.980840
vn 0.194530 0.010570 -0.980840
vn 0.243248 0.013218 -0.969874
vn 0.243248 0.013218 -0.969874
vn 0.291294 0.015828 -0.956502
vn 0.291294 0.015828 -0.956502
vn 0.338719 0.018405 -0.940708
vn 0.338699 0.018405 -0.940715
vn 0.385173 0.020930 -0.922607
vn 0.385194 0.020931 -0.922598
vn 0.430763 0.023407 -0.902162
vn 0.430763 0.023407 -0.902162
vn 0.475213 0.025822 -0.879492
vn 0.475213 0.025822 -0.879492
vn 0.518501 0.028174 -0.854613
vn 0.518501 0.028174 -0.854613
vn 0.560507 0.030457 -0.827590
vn 0.560507 0.030457 -0.827590
vn 0.601116 0.032663 -0.798494
vn 0.601116 0.032663 -0.798494
vn 0.640161 0.034787 -0.767453
vn 0.640191 0.034787 -0.767428
vn 0.677695 0.036824 -0.734421
vn 0.677664 0.036824 -0.734449
vn 0.713497 0.038770 -0.699585
vn 0.713497 0.038770 -0.699585
vn 0.747478 0.040618 -0.663044
vn 0.747508 0.040618 -0.663009
vn 0.779639 0.042364 -0.624795
vn 0.779609 0.042364 -0.624832
vn 0.809858 0.044006 -0.584973
vn 0.809858 0.044006 -0.584974
vn 0.838009 0.045536 -0.543753
vn 0.838009 0.045536 -0.543753
vn 0.864096 0.046955 -0.501132
vn 0.864123 0.046954 -0.501086
vn 0.888041 0.048254 -0.457224
vn 0.888016 0.048255 -0.457273
vn 0.909731 0.049433 -0.412245
vn 0.909731 0.049433 -0.412244
vn 0.929167 0.050489 -0.366197
vn 0.929166 0.050489 -0.366197
vn 0.946281 0.051419 -0.319232
vn 0.946281 0.051419 -0.319232
vn 0.961027 0.052220 -0.271477
vn 0.961011 0.052222 -0.271533
vn 0.973369 0.052893 -0.223058
vn 0.973369 0.052893 -0.223058
vn 0.983282 0.053432 -0.174075
vn 0.983281 0.053432 -0.174076
vn 0.990736 0.053837 -0.124675
vn 0.990744 0.053835 -0.124614
vn 0.995722 0.054105 -0.074901
vn 0.995722 0.054105 -0.074901
vn 0.998215 0.054241 -0.025008
vn 0.998215 0.054241 -0.025007
vn 0.998215 0.054241 0.025008
vn 0.998215 0.054241 0.025007
vn 0.995722 0.054105 0.074901
vn 0.995722 0.054105 0.074901
vn 0.990736 0.053834 0.124675
vn 0.990744 0.053837 0.124614
vn 0.983282 0.053432 0.174075
vn 0.983282 0.053432 0.174076
vn 0.973369 0.052893 0.223058
vn 0.973369 0.052893 0.223058
vn 0.961011 0.052222 0.271533
vn 0.961027 0.052220 0.271477
vn 0.946281 0.051419 0.319232
vn 0.946281 0.051419 0.319232
vn 0.929167 0.050489 0.366197
vn 0.929166 0.050489 0.366197
vn 0.909731 0.049433 0.412244
vn 0.909731 0.049433 0.412245
vn 0.888017 0.048253 0.457273
vn 0.888041 0.048256 0.457224
vn 0.864096 0.046955 0.501132
vn 0.864123 0.046954 0.501086
vn 0.838009 0.045536 0.543753
vn 0.809858 0.044006 0.584973
vn 0.838009 0.045536 0.543753
vn 0.779639 0.042364 0.624795
vn 0.809858 0.044006 0.584974
vn 0.779609 0.042364 0.624832
vn 0.747478 0.040616 0.663044
vn 0.713497 0.038770 0.699585
vn 0.747508 0.040620 0.663009
vn 0.677695 0.036824 0.734421
vn 0.713497 0.038770 0.699585
vn 0.640161 0.034787 0.767453
vn 0.677664 0.036824 0.734449
vn 0.601116 0.032663 0.798494
vn 0.640191 0.034787 0.767428
vn 0.601116 0.032663 0.798494
vn 0.560507 0.030457 0.827590
vn 0.560507 0.030457 0.827590
vn 0.518501 0.028174 0.854613
vn 0.518501 0.028174 0.854613
vn 0.475213 0.025822 0.879492
vn 0.475213 0.025822 0.879492
vn 0.430763 0.023407 0.902162
vn 0.430763 0.023407 0.902162
vn 0.385194 0.020931 0.922598
vn 0.385173 0.020930 0.922607
vn 0.338719 0.018406 0.940708
vn 0.338699 0.018404 0.940715
vn 0.291294 0.015828 0.956502
vn 0.291294 0.015828 0.956502
vn 0.243248 0.013218 0.969874
vn 0.243248 0.013218 0.969874
vn 0.194530 0.010570 0.980840
vn 0.194530 0.010570 0.980840
vn 0.145344 0.007898 0.989350
vn 0.145344 0.007898 0.989350
vn 0.095837 0.005208 0.995383
vn 0.095832 0.005208 0.995384
vn 0.046029 0.002501 0.998937
vn 0.046026 0.002501 0.998937
vn -0.003902 -0.000212 0.999992
vn -0.003902 -0.000212 0.999992
vn -0.053771 -0.002922 0.998549
vn -0.053771 -0.002922 0.998549
vn -0.103521 -0.005625 0.994611
vn -0.103515 -0.005625 0.994612
vn -0.152957 -0.008312 0.988198
vn -0.152966 -0.008312 0.988196
vn -0.202158 -0.010985 0.979291
vn -0.202158 -0.010985 0.979291
vn -0.250742 -0.013625 0.967958
vn -0.250742 -0.013625 0.967958
vn -0.298720 -0.016232 0.954203
vn -0.298720 -0.016232 0.954203
vn -0.345966 -0.018799 0.938059
vn -0.345986 -0.018801 0.938051
vn -0.392297 -0.021318 0.919591
vn -0.392319 -0.021318 0.919582
vn -0.437737 -0.023787 0.898788
vn -0.437713 -0.023784 0.898800
vn -0.482038 -0.026194 0.875759
vn -0.525126 -0.028536 0.850546
vn -0.482038 -0.026194 0.875758
vn -0.566916 -0.030805 0.823199
vn -0.525154 -0.028536 0.850529
vn -0.566887 -0.030805 0.823219
vn -0.607254 -0.032997 0.793822
vn -0.646118 -0.035109 0.762430
vn -0.607284 -0.033000 0.793799
vn -0.683349 -0.037133 0.729147
vn -0.646087 -0.035109 0.762456
vn -0.683349 -0.037133 0.729147
vn -0.718879 -0.039064 0.694037
vn -0.718879 -0.039064 0.694037
vn -0.752586 -0.040894 0.657223
vn -0.752616 -0.040897 0.657189
vn -0.784497 -0.042630 0.618665
vn -0.814332 -0.044251 0.578710
vn -0.784468 -0.042626 0.618703
vn -0.842191 -0.045763 0.537233
vn -0.814360 -0.044251 0.578670
vn -0.867988 -0.047165 0.494340
vn -0.842192 -0.045763 0.537233
vn -0.867962 -0.047165 0.494386
vn 0.998527 0.054260 0.000000
vn 0.998527 0.054260 -0.000000
vn -0.054258 0.998527 -0.000000
vn -0.054258 0.998527 0.000000
vn 0.667698 0.744433 0.000000
vn 0.667698 0.744433 0.000000
vn 0.038367 -0.706066 0.707106
vn 0.038366 -0.706064 0.707108
vn -0.038366 0.706065 0.707107
vn -0.038366 0.706065 0.707107
vn -0.998215 -0.054243 -0.024978
vn -0.998217 -0.054228 -0.024927
vn -0.995736 -0.054093 -0.074729
vn -0.995736 -0.054093 -0.074729
vn -0.990774 -0.053839 -0.124375
vn -0.990781 -0.053824 -0.124325
vn -0.983361 -0.053436 -0.173623
vn -0.983361 -0.053436 -0.173623
vn -0.973486 -0.052899 -0.222548
vn -0.973486 -0.052899 -0.222548
vn -0.961211 -0.052232 -0.270824
vn -0.961211 -0.052232 -0.270824
vn -0.946534 -0.051435 -0.318478
vn -0.946534 -0.051435 -0.318477
vn -0.929493 -0.050509 -0.365366
vn -0.929493 -0.050509 -0.365366
vn -0.910180 -0.049445 -0.411252
vn -0.910160 -0.049458 -0.411294
vn -0.888548 -0.048284 -0.456236
vn -0.888569 -0.048272 -0.456195
vn -0.864742 -0.046990 -0.500013
vn -0.864743 -0.046990 -0.500012
vn -0.838783 -0.045580 -0.542554
vn -0.838807 -0.045568 -0.542518
vn -0.810745 -0.044044 -0.583740
vn -0.810721 -0.044055 -0.583773
vn -0.780691 -0.042423 -0.623475
vn -0.780691 -0.042423 -0.623475
vn -0.748681 -0.040684 -0.661681
vn -0.748681 -0.040684 -0.661681
vn -0.714804 -0.038843 -0.698245
vn -0.714804 -0.038843 -0.698245
vn -0.679173 -0.036906 -0.733050
vn -0.679173 -0.036906 -0.733050
vn -0.641839 -0.034878 -0.766046
vn -0.641840 -0.034878 -0.766046
vn -0.602914 -0.032763 -0.797133
vn -0.562501 -0.030566 -0.826232
vn -0.602914 -0.032763 -0.797133
vn -0.520653 -0.028284 -0.853300
vn -0.562478 -0.030557 -0.826248
vn -0.520675 -0.028294 -0.853286
vn -0.477564 -0.025951 -0.878213
vn -0.477564 -0.025951 -0.878213
vn -0.433223 -0.023541 -0.900979
vn -0.433223 -0.023541 -0.900979
vn -0.387875 -0.021077 -0.921471
vn -0.387875 -0.021077 -0.921471
vn -0.341501 -0.018557 -0.939698
vn -0.341501 -0.018557 -0.939698
vn -0.294327 -0.015994 -0.955571
vn -0.294327 -0.015994 -0.955571
vn -0.246394 -0.013389 -0.969077
vn -0.246394 -0.013389 -0.969077
vn -0.197861 -0.010749 -0.980171
vn -0.197851 -0.010751 -0.980173
vn -0.148837 -0.008088 -0.988829
vn -0.148845 -0.008086 -0.988827
vn -0.099414 -0.005401 -0.995031
vn -0.099409 -0.005402 -0.995032
vn -0.049758 -0.002704 -0.998758
vn -0.049760 -0.002703 -0.998757
vn 0.000000 0.000000 -1.000000
vn 0.049758 0.002704 -0.998758
vn 0.000000 0.000000 -1.000000
vn 0.049758 0.002704 -0.998758
vn 0.099414 0.005402 -0.995032
vn 0.099414 0.005402 -0.995032
vn 0.148837 0.008088 -0.988829
vn 0.148837 0.008088 -0.988829
vn 0.197861 0.010752 -0.980171
vn 0.197861 0.010752 -0.980171
vn 0.246394 0.013389 -0.969077
vn 0.246394 0.013389 -0.969077
vn 0.294313 0.015993 -0.955575
vn 0.294313 0.015993 -0.955575
vn 0.341517 0.018558 -0.939692
vn 0.341517 0.018558 -0.939692
vn 0.387857 0.021076 -0.921479
vn 0.387857 0.021076 -0.921479
vn 0.433243 0.023543 -0.900970
vn 0.433243 0.023543 -0.900970
vn 0.477564 0.025951 -0.878213
vn 0.477543 0.025943 -0.878225
vn 0.520676 0.028286 -0.853286
vn 0.520653 0.028292 -0.853300
vn 0.562501 0.030566 -0.826232
vn 0.562501 0.030566 -0.826232
vn 0.602914 0.032763 -0.797133
vn 0.602914 0.032763 -0.797133
vn 0.641839 0.034878 -0.766046
vn 0.641839 0.034878 -0.766045
vn 0.679147 0.036905 -0.733074
vn 0.679147 0.036905 -0.733073
vn 0.714829 0.038844 -0.698219
vn 0.714829 0.038844 -0.698219
vn 0.748680 0.040684 -0.661681
vn 0.748681 0.040684 -0.661681
vn 0.780666 0.042422 -0.623507
vn 0.780666 0.042422 -0.623506
vn 0.810745 0.044056 -0.583740
vn 0.810745 0.044056 -0.583739
vn 0.838807 0.045568 -0.542518
vn 0.838783 0.045580 -0.542554
vn 0.864743 0.046990 -0.500012
vn 0.888548 0.048284 -0.456236
vn 0.864765 0.046978 -0.499974
vn 0.888548 0.048284 -0.456236
vn 0.910180 0.049445 -0.411252
vn 0.910160 0.049458 -0.411294
vn 0.929493 0.050509 -0.365366
vn 0.929511 0.050496 -0.365322
vn 0.946534 0.051435 -0.318478
vn 0.946534 0.051435 -0.318477
vn 0.961198 0.052232 -0.270871
vn 0.961197 0.052232 -0.270871
vn 0.973497 0.052900 -0.222499
vn 0.973497 0.052900 -0.222499
vn 0.983362 0.053421 -0.173623
vn 0.983353 0.053436 -0.173673
vn 0.990774 0.053839 -0.124375
vn 0.995735 0.054109 -0.074729
vn 0.990781 0.053824 -0.124325
vn 0.995735 0.054109 -0.074729
vn 0.998217 0.054243 -0.024927
vn 0.998217 0.054243 -0.024927
vn 0.998217 0.054243 0.024927
vn 0.998217 0.054243 0.024927
vn 0.995735 0.054109 0.074729
vn 0.995735 0.054109 0.074729
vn 0.990774 0.053839 0.124375
vn 0.990781 0.053824 0.124325
vn 0.983354 0.053421 0.173668
vn 0.983362 0.053436 0.173619
vn 0.973495 0.052900 0.222505
vn 0.973495 0.052900 0.222505
vn 0.961197 0.052232 0.270871
vn 0.961198 0.052232 0.270871
vn 0.946534 0.051435 0.318477
vn 0.946534 0.051435 0.318478
vn 0.929510 0.050510 0.365322
vn 0.929493 0.050495 0.365366
vn 0.910180 0.049445 0.411252
vn 0.910160 0.049458 0.411295
vn 0.888548 0.048284 0.456236
vn 0.888548 0.048284 0.456236
vn 0.864743 0.046990 0.500012
vn 0.864765 0.046978 0.499974
vn 0.838784 0.045567 0.542554
vn 0.838807 0.045581 0.542518
vn 0.810745 0.044056 0.583739
vn 0.810745 0.044056 0.583740
vn 0.780666 0.042422 0.623506
vn 0.780666 0.042422 0.623507
vn 0.748681 0.040684 0.661681
vn 0.748681 0.040684 0.661681
vn 0.714829 0.038844 0.698219
vn 0.714829 0.038844 0.698219
vn 0.679147 0.036905 0.733074
vn 0.679147 0.036905 0.733073
vn 0.641839 0.034878 0.766045
vn 0.641839 0.034878 0.766046
vn 0.602914 0.032763 0.797133
vn 0.602914 0.032763 0.797133
vn 0.562501 0.030566 0.826231
vn 0.562501 0.030566 0.826232
vn 0.520653 0.028285 0.853300
vn 0.477565 0.025944 0.878213
vn 0.520675 0.028294 0.853286
vn 0.477543 0.025950 0.878225
vn 0.433243 0.023543 0.900970
vn 0.387857 0.021076 0.921479
vn 0.433243 0.023543 0.900970
vn 0.387857 0.021076 0.921479
vn 0.341517 0.018558 0.939692
vn 0.341517 0.018558 0.939692
vn 0.294336 0.015994 0.955568
vn 0.294336 0.015994 0.955568
vn 0.246394 0.013389 0.969077
vn 0.246394 0.013389 0.969077
vn 0.197836 0.010750 0.980176
vn 0.197836 0.010750 0.980176
vn 0.148837 0.008088 0.988829
vn 0.148837 0.008088 0.988829
vn 0.099414 0.005402 0.995032
vn 0.099414 0.005402 0.995032
vn 0.049783 0.002705 0.998756
vn 0.049783 0.002705 0.998756
vn 0.000000 0.000000 1.000000
vn 0.000000 0.000000 1.000000
vn -0.049786 -0.002705 0.998756
vn -0.049783 -0.002704 0.998756
vn -0.099409 -0.005400 0.995032
vn -0.099414 -0.005402 0.995031
vn -0.148845 -0.008088 0.988827
vn -0.148838 -0.008086 0.988829
vn -0.197837 -0.010747 0.980176
vn -0.197827 -0.010750 0.980178
vn -0.246394 -0.013389 0.969077
vn -0.246394 -0.013389 0.969077
vn -0.294351 -0.015995 0.955564
vn -0.341501 -0.018557 0.939698
vn -0.294351 -0.015995 0.955564
vn -0.341501 -0.018557 0.939698
vn -0.387875 -0.021077 0.921471
vn -0.433223 -0.023541 0.900979
vn -0.387875 -0.021077 0.921471
vn -0.433223 -0.023541 0.900979
vn -0.477564 -0.025951 0.878213
vn -0.520653 -0.028292 0.853300
vn -0.477564 -0.025951 0.878213
vn -0.520676 -0.028286 0.853286
vn -0.562501 -0.030566 0.826232
vn -0.562478 -0.030557 0.826248
vn -0.602914 -0.032763 0.797133
vn -0.602914 -0.032763 0.797133
vn -0.641839 -0.034878 0.766046
vn -0.641839 -0.034878 0.766045
vn -0.679173 -0.036907 0.733050
vn -0.679173 -0.036906 0.733050
vn -0.714804 -0.038843 0.698245
vn -0.714804 -0.038843 0.698245
vn -0.748681 -0.040684 0.661681
vn -0.748680 -0.040683 0.661681
vn -0.780691 -0.042423 0.623475
vn -0.780691 -0.042423 0.623475
vn -0.810745 -0.044056 0.583740
vn -0.810721 -0.044042 0.583773
vn -0.838807 -0.045568 0.542518
vn -0.838783 -0.045580 0.542554
vn -0.864742 -0.046990 0.500013
vn -0.864743 -0.046990 0.500012
vn -0.888549 -0.048270 0.456236
vn -0.910180 -0.049445 0.411252
vn -0.888569 -0.048285 0.456195
vn -0.910160 -0.049458 0.411295
vn -0.929493 -0.050509 0.365366
vn -0.929493 -0.050509 0.365366
vn -0.946534 -0.051435 0.318478
vn -0.961211 -0.052232 0.270824
vn -0.946534 -0.051435 0.318477
vn -0.961211 -0.052232 0.270824
vn -0.973484 -0.052899 0.222553
vn -0.973484 -0.052899 0.222553
vn -0.983362 -0.053436 0.173619
vn -0.983362 -0.053436 0.173619
vn -0.990774 -0.053824 0.124375
vn -0.990780 -0.053839 0.124325
vn -0.995736 -0.054093 0.074729
vn -0.995736 -0.054093 0.074729
vn -0.998217 -0.054243 0.024927
vn -0.998216 -0.054228 0.024978
vn 0.054258 -0.998527 0.000000
vn 0.054264 -0.998527 -0.000007
vn 0.054262 -0.998527 -0.000004
vn 0.054263 -0.998527 -0.000005
vn 0.054254 -0.998527 0.000004
vn 0.054258 -0.998527 0.000001
vn 0.054256 -0.998527 0.000002
vn 0.054257 -0.998527 0.000002
vn 0.054262 -0.998527 -0.000003
vn 0.054249 -0.998527 0.000012
vn 0.054259 -0.998527 -0.000001
vn 0.054253 -0.998527 0.000004
vn 0.054258 -0.998527 0.000000
vn 0.054261 -0.998527 -0.000003
vn 0.054258 -0.998527 0.000000
vn 0.054259 -0.998527 -0.000001
vn 0.054256 -0.998527 0.000002
vn 0.054266 -0.998527 -0.000011
vn 0.054257 -0.998527 0.000002
vn 0.054267 -0.998527 -0.000005
vn 0.054257 -0.998527 0.000001
vn 0.054259 -0.998527 -0.000001
vn 0.054254 -0.998527 0.000007
vn 0.054246 -0.998528 0.000008
vn 0.054259 -0.998527 -0.000000
vn 0.054262 -0.998527 -0.000002
vn 0.054259 -0.998527 -0.000001
vn 0.054257 -0.998527 0.000002
vn 0.054255 -0.998527 0.000002
vn 0.054265 -0.998527 -0.000003
vn 0.054257 -0.998527 0.000003
vn 0.054260 -0.998527 -0.000004
vn 0.054260 -0.998527 -0.000000
vn 0.054265 -0.998527 -0.000002
vn 0.054260 -0.998527 -0.000004
vn 0.054256 -0.998527 0.000006
vn 0.054257 -0.998527 0.000000
vn 0.054255 -0.998527 0.000001
vn 0.054260 -0.998527 -0.000004
vn 0.054258 -0.998527 0.000002
vn 0.054257 -0.998527 0.000000
vn 0.054243 -0.998528 0.000004
vn 0.054258 -0.998527 0.000002
vn 0.054259 -0.998527 -0.000003
vn 0.054261 -0.998527 -0.000000
vn 0.054275 -0.998526 -0.000004
vn 0.054258 -0.998527 0.000004
vn 0.054258 -0.998527 0.000004
vn 0.054251 -0.998527 0.000001
vn 0.054255 -0.998527 0.000000
vn 0.054260 -0.998527 -0.000009
vn 0.054259 -0.998527 -0.000003
vn 0.054255 -0.998527 0.000000
vn 0.054258 -0.998527 0.000000
vn 0.054259 -0.998527 -0.000000
vn 0.054259 -0.998527 -0.000000
vn 0.054267 -0.998526 -0.000001
vn 0.054259 -0.998527 0.000000
vn 0.054259 -0.998527 -0.000006
vn 0.054258 -0.998527 0.000001
vn 0.054250 -0.998527 0.000000
vn 0.054260 -0.998527 -0.000000
vn 0.054258 -0.998527 0.000016
vn 0.054259 -0.998527 -0.000001
vn 0.054260 -0.998527 -0.000000
vn 0.054259 -0.998527 -0.000000
vn 0.054258 -0.998527 -0.000016
vn 0.054259 -0.998527 0.000003
vn 0.054258 -0.998527 0.000000
vn 0.054259 -0.998527 -0.000000
vn 0.054258 -0.998527 -0.000000
vn 0.054259 -0.998527 0.000006
vn 0.054258 -0.998527 -0.000004
vn 0.054259 -0.998527 -0.000000
vn 0.054255 -0.998527 -0.000000
vn 0.054259 -0.998527 0.000000
vn 0.054259 -0.998527 0.000003
vn 0.054255 -0.998527 -0.000000
vn 0.054261 -0.998527 0.000000
vn 0.054261 -0.998527 0.000009
vn 0.054258 -0.998527 -0.000002
vn 0.054270 -0.998526 0.000002
vn 0.054257 -0.998527 -0.000000
vn 0.054258 -0.998527 -0.000004
vn 0.054260 -0.998527 0.000004
vn 0.054264 -0.998527 0.000002
vn 0.054257 -0.998527 -0.000000
vn 0.054257 -0.998527 -0.000002
vn 0.054257 -0.998527 -0.000003
vn 0.054257 -0.998527 -0.000001
vn 0.054261 -0.998527 0.000001
vn 0.054259 -0.998527 0.000001
vn 0.054260 -0.998527 0.000004
vn 0.054258 -0.998527 -0.000001
vn 0.054247 -0.998528 -0.000004
vn 0.054256 -0.998527 -0.000006
vn 0.054259 -0.998527 0.000001
vn 0.054260 -0.998527 0.000000
vn 0.054253 -0.998527 -0.000003
vn 0.054260 -0.998527 0.000004
vn 0.054257 -0.998527 -0.000002
vn 0.054259 -0.998527 -0.000000
vn 0.054265 -0.998527 0.000003
vn 0.054258 -0.998527 -0.000000
vn 0.054257 -0.998527 -0.000002
vn 0.054257 -0.998527 -0.000001
vn 0.054270 -0.998526 0.000006
vn 0.054259 -0.998527 0.000001
vn 0.054254 -0.998527 -0.000007
vn 0.054256 -0.998527 -0.000002
vn 0.054244 -0.998528 -0.000009
vn 0.054257 -0.998527 -0.000003
vn 0.054266 -0.998527 0.000011
vn 0.054258 -0.998527 -0.000000
vn 0.054259 -0.998527 0.000000
vn 0.054262 -0.998527 0.000004
vn 0.054261 -0.998527 0.000003
vn 0.054262 -0.998527 0.000003
vn 0.054256 -0.998527 -0.000002
vn 0.054275 -0.998526 0.000012
vn 0.054248 -0.998528 -0.000012
vn 0.054258 -0.998527 0.000000
vn 0.054251 -0.998527 -0.000007
vn 0.054257 -0.998527 -0.000001
vn 0.054256 -0.998527 -0.000002
vn 0.054256 -0.998527 -0.000003
vn 0.054265 -0.998527 0.000006
vn 0.054254 -0.998527 -0.000004
vn 0.054262 -0.998527 0.000004
vn 0.054259 -0.998527 0.000000
vn 0.054262 -0.998527 0.000003
vn 0.054257 -0.998527 -0.000001
vn 0.054264 -0.998527 0.000004
vn 0.054258 -0.998527 -0.000000
vn 0.054258 -0.998527 -0.000001
vn 0.054258 -0.998527 -0.000000
vn 0.054253 -0.998527 -0.000004
vn 0.054257 -0.998527 -0.000001
vn 0.054260 -0.998527 0.000003
vn 0.054256 -0.998527 -0.000002
vn 0.054259 -0.998527 0.000000
vn 0.054260 -0.998527 0.000003
vn 0.054258 -0.998527 -0.000000
vn 0.054257 -0.998527 -0.000001
vn 0.054267 -0.998526 0.000005
vn 0.054255 -0.998527 -0.000005
vn 0.054257 -0.998527 -0.000002
vn 0.054246 -0.998528 -0.000007
vn 0.054259 -0.998527 -0.000000
vn 0.054255 -0.998527 -0.000008
vn 0.054259 -0.998527 0.000001
vn 0.054262 -0.998527 0.000002
vn 0.054264 -0.998527 0.000003
vn 0.054258 -0.998527 -0.000002
vn 0.054259 -0.998527 0.000001
vn 0.054255 -0.998527 -0.000002
vn 0.054260 -0.998527 0.000000
vn 0.054257 -0.998527 -0.000003
vn 0.054260 -0.998527 0.000004
vn 0.054265 -0.998527 0.000003
vn 0.054257 -0.998527 -0.000000
vn 0.054262 -0.998527 0.000012
vn 0.054260 -0.998527 0.000004
vn 0.054243 -0.998528 -0.000005
vn 0.054255 -0.998527 -0.000001
vn 0.054259 -0.998527 0.000001
vn 0.054257 -0.998527 -0.000006
vn 0.054275 -0.998526 0.000004
vn 0.054257 -0.998527 -0.000000
vn 0.054259 -0.998527 -0.000000
vn 0.054256 -0.998527 -0.000011
vn 0.054251 -0.998527 -0.000001
vn 0.054261 -0.998527 0.000000
vn 0.054258 -0.998527 -0.000004
vn 0.054261 -0.998527 0.000015
vn 0.054255 -0.998527 -0.000000
vn 0.054255 -0.998527 -0.000000
vn 0.054257 -0.998527 -0.000010
vn 0.054259 -0.998527 0.000003
vn 0.054258 -0.998527 -0.000000
vn 0.054267 -0.998526 0.000001
vn 0.054259 -0.998527 0.000000
vn 0.054259 -0.998527 0.000009
vn 0.054258 -0.998527 -0.000003
vn 0.054250 -0.998527 -0.000000
vn 0.054259 -0.998527 -0.000000
vn 0.054259 -0.998527 0.000003
vn 0.054258 -0.998527 -0.000001
vn 0.054260 -0.998527 0.000000
vn 0.054260 -0.998527 0.000000
vn 0.054258 -0.998527 0.000001
vn 0.054259 -0.998527 -0.000003
vn 0.054259 -0.998527 0.000000
vn 0.054259 -0.998527 0.000000
vn 0.054258 -0.998527 0.000003
vn 0.054259 -0.998527 -0.000000
vn 0.054259 -0.998527 0.000000
vn 0.054258 -0.998527 0.000000
vn 0.054259 -0.998527 -0.000009
vn 0.054259 -0.998527 -0.000003
vn 0.054255 -0.998527 0.000000
vn 0.054255 -0.998527 0.000000
vn 0.054257 -0.998527 0.000010
vn 0.054258 -0.998527 0.000004
vn 0.054261 -0.998527 -0.000000
vn 0.054270 -0.998526 -0.000003
vn 0.054258 -0.998527 0.000000
vn 0.054262 -0.998527 -0.000015
vn 0.054257 -0.998527 0.000000
vn 0.054257 -0.998527 0.000000
vn 0.054259 -0.998527 -0.000001
vn 0.054256 -0.998527 0.000010
vn 0.054264 -0.998527 -0.000002
vn 0.054261 -0.998527 -0.000001
vn 0.054256 -0.998527 0.000006
vn 0.054259 -0.998527 -0.000004
vn 0.054257 -0.998527 0.000001
vn 0.054247 -0.998528 0.000005
vn 0.054257 -0.998527 0.000003
vn 0.054263 -0.998527 -0.000012
vn 0.054258 -0.998527 0.000001
vn 0.054253 -0.998527 0.000003
vn 0.054260 -0.998527 -0.000004
vn 0.054259 -0.998527 -0.000001
vn 0.054260 -0.998527 -0.000000
vn 0.054270 -0.998526 -0.000006
vn 0.054265 -0.998527 -0.000003
vn 0.054259 -0.998527 -0.000001
vn 0.054257 -0.998527 0.000002
vn 0.054259 -0.998527 -0.000000
vn 0.054244 -0.998528 0.000009
vn 0.054257 -0.998527 0.000002
vn 0.054254 -0.998527 0.000007
vn 0.054257 -0.998527 0.000001
vn 0.054260 -0.998527 -0.000000
vn 0.054258 -0.998527 0.000000
vn 0.054255 -0.998527 0.000005
vn 0.054256 -0.998527 0.000002
vn 0.054275 -0.998526 -0.000012
vn 0.054257 -0.998527 0.000001
vn 0.054261 -0.998527 -0.000003
vn 0.054258 -0.998527 -0.000000
vn 0.054250 -0.998527 0.000006
vn 0.054258 -0.998527 0.000000
vn 0.054261 -0.998527 -0.000002
vn 0.054256 -0.998527 0.000003
vn 0.054262 -0.998527 -0.000003
vn 0.054257 -0.998527 0.000001
vn 0.054262 -0.998527 -0.000004
vn 0.054259 -0.998527 -0.000000
vn 0.054256 -0.998527 0.000002
vn 0.054256 -0.998527 0.000002
vn -0.998215 -0.054243 -0.024977
vn -0.998215 -0.054243 -0.024977
vn -0.995742 -0.054104 -0.074629
vn -0.990767 -0.053834 -0.124432
vn -0.995731 -0.054108 -0.074781
vn -0.990785 -0.053840 -0.124281
vn -0.983364 -0.053436 -0.173609
vn -0.973495 -0.052900 -0.222505
vn -0.983364 -0.053436 -0.173609
vn -0.961182 -0.052231 -0.270925
vn -0.973495 -0.052900 -0.222506
vn -0.961183 -0.052231 -0.270924
vn -0.946547 -0.051436 -0.318439
vn -0.946547 -0.051436 -0.318439
vn -0.929517 -0.050510 -0.365305
vn -0.910160 -0.049458 -0.411294
vn -0.929517 -0.050510 -0.365305
vn -0.910160 -0.049458 -0.411295
vn -0.888563 -0.048285 -0.456206
vn -0.888563 -0.048285 -0.456206
vn -0.864749 -0.046991 -0.500001
vn -0.864749 -0.046991 -0.500001
vn -0.838760 -0.045578 -0.542590
vn -0.838760 -0.045578 -0.542590
vn -0.810778 -0.044058 -0.583694
vn -0.810778 -0.044058 -0.583694
vn -0.780656 -0.042421 -0.623519
vn -0.780656 -0.042421 -0.623519
vn -0.748670 -0.040683 -0.661694
vn -0.748670 -0.040683 -0.661694
vn -0.714855 -0.038842 -0.698193
vn -0.714778 -0.038841 -0.698272
vn -0.679175 -0.036907 -0.733048
vn -0.679251 -0.036907 -0.732977
vn -0.641810 -0.034873 -0.766071
vn -0.641734 -0.034872 -0.766134
vn -0.602946 -0.032764 -0.797109
vn -0.603020 -0.032765 -0.797053
vn -0.562477 -0.030565 -0.826248
vn -0.562477 -0.030565 -0.826248
vn -0.520661 -0.028290 -0.853294
vn -0.520593 -0.028289 -0.853336
vn -0.477545 -0.025947 -0.878224
vn -0.433265 -0.023542 -0.900959
vn -0.477544 -0.025947 -0.878224
vn -0.433325 -0.023547 -0.900930
vn -0.387871 -0.021075 -0.921473
vn -0.341446 -0.018553 -0.939718
vn -0.387817 -0.021074 -0.921495
vn -0.341495 -0.018557 -0.939700
vn -0.294336 -0.015994 -0.955568
vn -0.294336 -0.015994 -0.955568
vn -0.246407 -0.013389 -0.969074
vn -0.197841 -0.010750 -0.980175
vn -0.246370 -0.013388 -0.969083
vn -0.197871 -0.010752 -0.980169
vn -0.148813 -0.008087 -0.988832
vn -0.148813 -0.008087 -0.988832
vn -0.099469 -0.005405 -0.995026
vn -0.049730 -0.002702 -0.998759
vn -0.099454 -0.005404 -0.995027
vn -0.049737 -0.002703 -0.998759
vn 0.000000 0.000000 -1.000000
vn 0.049737 0.002703 -0.998759
vn 0.000000 0.000000 -1.000000
vn 0.049730 0.002702 -0.998759
vn 0.099454 0.005404 -0.995027
vn 0.148813 0.008087 -0.988832
vn 0.099469 0.005405 -0.995026
vn 0.148813 0.008087 -0.988832
vn 0.197871 0.010752 -0.980169
vn 0.197871 0.010752 -0.980169
vn 0.246370 0.013388 -0.969083
vn 0.246370 0.013388 -0.969083
vn 0.294337 0.015994 -0.955568
vn 0.294337 0.015994 -0.955568
vn 0.341446 0.018554 -0.939718
vn 0.341495 0.018555 -0.939700
vn 0.387872 0.021075 -0.921472
vn 0.387817 0.021074 -0.921495
vn 0.433325 0.023547 -0.900930
vn 0.433325 0.023547 -0.900930
vn 0.477481 0.025946 -0.878259
vn 0.477545 0.025948 -0.878224
vn 0.520593 0.028287 -0.853336
vn 0.520661 0.028293 -0.853295
vn 0.562477 0.030565 -0.826248
vn 0.562477 0.030565 -0.826248
vn 0.603020 0.032768 -0.797053
vn 0.602947 0.032761 -0.797108
vn 0.641735 0.034869 -0.766134
vn 0.641810 0.034876 -0.766071
vn 0.679251 0.036911 -0.732978
vn 0.679175 0.036903 -0.733048
vn 0.714855 0.038842 -0.698193
vn 0.714778 0.038841 -0.698272
vn 0.748670 0.040683 -0.661694
vn 0.748670 0.040683 -0.661694
vn 0.780657 0.042421 -0.623518
vn 0.780657 0.042421 -0.623518
vn 0.810778 0.044058 -0.583694
vn 0.810778 0.044058 -0.583694
vn 0.838760 0.045578 -0.542590
vn 0.838760 0.045578 -0.542591
vn 0.864815 0.046990 -0.499887
vn 0.864749 0.046991 -0.500001
vn 0.888502 0.048281 -0.456327
vn 0.888564 0.048280 -0.456206
vn 0.910160 0.049458 -0.411295
vn 0.910160 0.049458 -0.411295
vn 0.929517 0.050510 -0.365304
vn 0.946546 0.051436 -0.318440
vn 0.929517 0.050510 -0.365304
vn 0.946501 0.051428 -0.318577
vn 0.961183 0.052226 -0.270924
vn 0.961222 0.052233 -0.270783
vn 0.973495 0.052900 -0.222505
vn 0.983364 0.053436 -0.173610
vn 0.973495 0.052900 -0.222505
vn 0.990785 0.053840 -0.124281
vn 0.983364 0.053436 -0.173610
vn 0.990767 0.053834 -0.124432
vn 0.995742 0.054104 -0.074629
vn 0.995731 0.054108 -0.074781
vn 0.998215 0.054243 -0.024976
vn 0.998215 0.054243 -0.024976
vn 0.998215 0.054243 0.024976
vn 0.998215 0.054243 0.024976
vn 0.995742 0.054109 0.074629
vn 0.995731 0.054103 0.074781
vn 0.990768 0.053834 0.124422
vn 0.990786 0.053840 0.124272
vn 0.983361 0.053436 0.173624
vn 0.983361 0.053436 0.173624
vn 0.973495 0.052900 0.222505
vn 0.973495 0.052900 0.222505
vn 0.961222 0.052233 0.270783
vn 0.961183 0.052226 0.270924
vn 0.946508 0.051429 0.318554
vn 0.946554 0.051436 0.318417
vn 0.929507 0.050510 0.365330
vn 0.929507 0.050510 0.365330
vn 0.910160 0.049458 0.411295
vn 0.910160 0.049458 0.411295
vn 0.888579 0.048286 0.456175
vn 0.888518 0.048278 0.456295
vn 0.864730 0.046985 0.500034
vn 0.864796 0.046993 0.499920
vn 0.838760 0.045578 0.542591
vn 0.838760 0.045578 0.542590
vn 0.810778 0.044058 0.583694
vn 0.810778 0.044058 0.583694
vn 0.780657 0.042421 0.623518
vn 0.780657 0.042421 0.623518
vn 0.748670 0.040683 0.661694
vn 0.748670 0.040683 0.661694
vn 0.714855 0.038845 0.698193
vn 0.714779 0.038838 0.698272
vn 0.679175 0.036903 0.733048
vn 0.679251 0.036911 0.732978
vn 0.641854 0.034879 0.766033
vn 0.641779 0.034871 0.766096
vn 0.602972 0.032763 0.797090
vn 0.602898 0.032762 0.797145
vn 0.562477 0.030565 0.826248
vn 0.562477 0.030565 0.826248
vn 0.520593 0.028287 0.853336
vn 0.477604 0.025951 0.878192
vn 0.520661 0.028293 0.853295
vn 0.433263 0.023544 0.900960
vn 0.477540 0.025950 0.878227
vn 0.433263 0.023544 0.900960
vn 0.387817 0.021072 0.921495
vn 0.387871 0.021077 0.921472
vn 0.341513 0.018556 0.939694
vn 0.341562 0.018561 0.939676
vn 0.294267 0.015991 0.955589
vn 0.294267 0.015991 0.955589
vn 0.246442 0.013392 0.969065
vn 0.246442 0.013392 0.969065
vn 0.197871 0.010752 0.980169
vn 0.197871 0.010752 0.980169
vn 0.148813 0.008087 0.988832
vn 0.148813 0.008087 0.988832
vn 0.099379 0.005400 0.995035
vn 0.099394 0.005401 0.995034
vn 0.049814 0.002707 0.998755
vn 0.049806 0.002706 0.998755
vn 0.000000 0.000000 1.000000
vn 0.000000 0.000000 1.000000
vn -0.049814 -0.002707 0.998755
vn -0.049806 -0.002706 0.998755
vn -0.099379 -0.005400 0.995035
vn -0.099394 -0.005401 0.995034
vn -0.148813 -0.008087 0.988832
vn -0.148813 -0.008087 0.988832
vn -0.197841 -0.010751 0.980175
vn -0.197871 -0.010751 0.980169
vn -0.246479 -0.013394 0.969056
vn -0.246442 -0.013390 0.969065
vn -0.294267 -0.015991 0.955590
vn -0.294267 -0.015991 0.955590
vn -0.341514 -0.018556 0.939694
vn -0.341563 -0.018561 0.939676
vn -0.387871 -0.021077 0.921473
vn -0.387817 -0.021072 0.921495
vn -0.433203 -0.023538 0.900989
vn -0.433263 -0.023544 0.900960
vn -0.477603 -0.025951 0.878192
vn -0.477603 -0.025951 0.878192
vn -0.520661 -0.028293 0.853294
vn -0.520594 -0.028287 0.853336
vn -0.562477 -0.030565 0.826248
vn -0.602898 -0.032762 0.797146
vn -0.562477 -0.030565 0.826248
vn -0.602971 -0.032763 0.797090
vn -0.641854 -0.034879 0.766033
vn -0.679175 -0.036907 0.733048
vn -0.641779 -0.034871 0.766096
vn -0.679251 -0.036907 0.732977
vn -0.714855 -0.038845 0.698193
vn -0.714779 -0.038838 0.698272
vn -0.748670 -0.040683 0.661694
vn -0.748670 -0.040683 0.661694
vn -0.780656 -0.042421 0.623519
vn -0.780656 -0.042421 0.623519
vn -0.810778 -0.044058 0.583694
vn -0.810778 -0.044058 0.583694
vn -0.838760 -0.045578 0.542590
vn -0.838760 -0.045578 0.542590
vn -0.864730 -0.046990 0.500034
vn -0.864730 -0.046990 0.500034
vn -0.888579 -0.048286 0.456175
vn -0.888579 -0.048286 0.456175
vn -0.910160 -0.049458 0.411294
vn -0.910160 -0.049458 0.411295
vn -0.929506 -0.050510 0.365331
vn -0.929506 -0.050510 0.365331
vn -0.946555 -0.051436 0.318416
vn -0.946555 -0.051436 0.318416
vn -0.961182 -0.052231 0.270925
vn -0.961183 -0.052231 0.270924
vn -0.973495 -0.052900 0.222505
vn -0.973495 -0.052900 0.222506
vn -0.983361 -0.053436 0.173623
vn -0.983361 -0.053436 0.173623
vn -0.990768 -0.053834 0.124422
vn -0.990786 -0.053840 0.124272
vn -0.995742 -0.054109 0.074629
vn -0.995731 -0.054103 0.074781
vn -0.998215 -0.054243 0.024977
vn -0.998215 -0.054243 0.024977
vn 0.054253 -0.998527 -0.000010
vn 0.054266 -0.998527 0.000008
vn 0.054180 -0.998531 -0.000107
vn 0.054327 -0.998523 0.000098
vn 0.054151 -0.998533 -0.000239
vn 0.054297 -0.998525 0.000084
vn 0.054293 -0.998525 0.000077
vn 0.053893 -0.998547 -0.000137
vn 0.054297 -0.998525 0.000179
vn 0.054201 -0.998530 -0.000298
vn 0.054268 -0.998526 0.000085
vn 0.054287 -0.998525 0.000007
vn 0.054533 -0.998512 0.000023
vn 0.054500 -0.998514 0.000022
vn 0.054384 -0.998520 0.000013
vn 0.054231 -0.998528 -0.000002
vn 0.054193 -0.998530 -0.000007
vn 0.054284 -0.998526 0.000006
vn 0.054218 -0.998529 -0.000009
vn 0.054331 -0.998523 0.000020
vn 0.054239 -0.998528 -0.000006
vn 0.054270 -0.998526 0.000004
vn 0.054533 -0.998512 -0.000023
vn 0.054234 -0.998528 0.000332
vn 0.054121 -0.998535 0.000028
vn 0.054045 -0.998538 0.000047
vn 0.054156 -0.998532 0.000022
vn 0.054224 -0.998529 -0.000007
vn 0.054256 -0.998527 -0.000001
vn 0.054253 -0.998527 -0.000002
vn 0.054260 -0.998527 0.000000
vn 0.054326 -0.998523 -0.000013
vn 0.054399 -0.998519 -0.000447
vn 0.054263 -0.998527 -0.000005
vn 0.054124 -0.998534 0.000373
vn 0.054278 -0.998526 -0.000049
vn 0.054465 -0.998516 -0.000088
vn 0.054259 -0.998527 -0.000007
vn 0.054307 -0.998524 -0.000149
vn 0.054260 -0.998527 -0.000012
vn 0.054254 -0.998527 0.000011
vn 0.054781 -0.998498 -0.000281
vn 0.054177 -0.998531 0.000041
vn 0.054304 -0.998524 -0.000020
vn 0.054479 -0.998515 -0.000378
vn 0.054416 -0.998518 -0.000109
vn 0.054131 -0.998534 0.000189
vn 0.054095 -0.998536 0.000111
vn 0.054332 -0.998523 -0.000091
vn 0.054254 -0.998527 0.000012
vn 0.054319 -0.998524 -0.000084
vn 0.054288 -0.998525 -0.000028
vn 0.054413 -0.998519 -0.000138
vn 0.054249 -0.998527 0.000014
vn 0.054405 -0.998519 -0.000190
vn 0.054273 -0.998526 -0.000014
vn 0.054093 -0.998536 0.000201
vn 0.054272 -0.998526 -0.000017
vn 0.054205 -0.998530 0.000086
vn 0.054272 -0.998526 -0.000006
vn 0.054285 -0.998526 -0.000014
vn 0.054146 -0.998533 0.000066
vn 0.053816 -0.998551 0.000246
vn 0.054357 -0.998521 -0.000251
vn 0.054038 -0.998539 0.000084
vn 0.054611 -0.998508 -0.000125
vn 0.054261 -0.998527 -0.000001
vn 0.054279 -0.998526 -0.000011
vn 0.054258 -0.998527 -0.000000
vn 0.054251 -0.998527 0.000008
vn 0.054266 -0.998527 -0.000013
vn 0.054213 -0.998529 0.000110
vn 0.054260 -0.998527 -0.000001
vn 0.054253 -0.998527 0.000008
vn 0.054254 -0.998527 0.000006
vn 0.054179 -0.998531 0.000204
vn 0.054259 -0.998527 -0.000000
vn 0.054256 -0.998527 -0.000000
vn 0.054259 -0.998527 -0.000000
vn 0.054259 -0.998527 -0.000000
vn 0.054493 -0.998514 -0.000057
vn 0.054265 -0.998526 -0.000067
vn 0.054207 -0.998530 0.000007
vn 0.054318 -0.998524 0.000001
vn 0.054260 -0.998527 -0.000026
vn 0.054260 -0.998527 -0.000034
vn 0.054315 -0.998524 -0.000001
vn 0.054258 -0.998527 -0.000003
vn 0.054234 -0.998528 -0.000331
vn 0.054158 -0.998532 -0.000013
vn 0.054163 -0.998532 -0.000012
vn 0.054380 -0.998520 0.000032
vn 0.054259 -0.998527 -0.000010
vn 0.054249 -0.998527 -0.000064
vn 0.054239 -0.998528 -0.000107
vn 0.054257 -0.998527 -0.000033
vn 0.054340 -0.998523 0.000014
vn 0.054258 -0.998527 -0.000012
vn 0.054217 -0.998529 -0.000007
vn 0.054602 -0.998508 0.000762
vn 0.054127 -0.998534 -0.000065
vn 0.054263 -0.998527 0.000001
vn 0.054477 -0.998515 0.000115
vn 0.053815 -0.998551 -0.000247
vn 0.054231 -0.998528 -0.000005
vn 0.054268 -0.998526 0.000003
vn 0.054265 -0.998527 0.000001
vn 0.054479 -0.998515 0.000378
vn 0.054250 -0.998527 -0.000019
vn 0.054131 -0.998534 -0.000189
vn 0.054243 -0.998528 -0.000034
vn 0.054359 -0.998521 0.000072
vn 0.054253 -0.998527 -0.000008
vn 0.054201 -0.998530 -0.000098
vn 0.054276 -0.998526 0.000023
vn 0.054244 -0.998528 -0.000011
vn 0.054258 -0.998527 0.000000
vn 0.054267 -0.998526 0.000035
vn 0.054259 -0.998527 0.000004
vn 0.054316 -0.998524 0.000044
vn 0.054284 -0.998526 0.000046
vn 0.054262 -0.998527 0.000000
vn 0.054260 -0.998527 -0.000000
vn 0.054259 -0.998527 -0.000000
f 1//1 2//1 3//1
f 1//2 3//2 4//2
f 5//3 1//3 6//3
f 5//4 2//4 1//4
f 7//5 8//5 9//5
f 7//6 9//6 2//6
f 7//7 2//7 5//7
f 10//8 7//8 5//8
f 11//9 5//9 12//9
f 11//10 10//10 5//10
f 13//11 14//11 7//11
f 13//12 7//12 10//12
f 15//13 10//13 16//13
f 16//14 10//14 11//14
f 12//15 17//15 11//15
f 18//16 17//16 12//16
f 13//17 19//17 20//17
f 20//18 21//18 13//18
f 13//19 22//19 19//19
f 21//20 23//20 13//20
f 13//21 24//21 22//21
f 23//22 25//22 13//22
f 13//23 26//23 24//23
f 25//24 27//24 13//24
f 13//25 28//25 26//25
f 27//26 29//26 13//26
f 13//27 30//27 28//27
f 29//28 31//28 13//28
f 13//29 32//29 30//29
f 31//30 33//30 13//30
f 13//31 34//31 32//31
f 33//32 35//32 13//32
f 13//33 36//33 34//33
f 13//34 37//34 36//34
f 13//35 38//35 37//35
f 13//36 39//36 38//36
f 13//37 40//37 39//37
f 13//38 41//38 40//38
f 13//39 42//39 41//39
f 13//40 43//40 42//40
f 13//41 44//41 43//41
f 13//42 45//42 44//42
f 13//43 46//43 45//43
f 13//44 47//44 46//44
f 47//45 10//45 48//45
f 48//46 10//46 49//46
f 49//47 10//47 50//47
f 50//48 10//48 51//48
f 51//49 10//49 52//49
f 52//50 10//50 53//50
f 53//51 10//51 54//51
f 54//52 10//52 55//52
f 55//53 10//53 56//53
f 56//54 10//54 57//54
f 57//55 10//55 58//55
f 13//56 10//56 47//56
f 10//57 59//57 58//57
f 10//58 60//58 59//58
f 10//59 61//59 60//59
f 10//60 62//60 61//60
f 10//61 63//61 62//61
f 10//62 64//62 63//62
f 10//63 65//63 64//63
f 10//64 66//64 65//64
f 10//65 67//65 66//65
f 10//66 68//66 67//66
f 10//67 69//67 68//67
f 10//68 70//68 69//68
f 10//69 71//69 70//69
f 10//70 72//70 71//70
f 10//71 73//71 72//71
f 10//72 74//72 73//72
f 10//73 75//73 74//73
f 10//74 76//74 75//74
f 10//75 77//75 76//75
f 10//76 78//76 77//76
f 79//77 80//77 81//77
f 80//78 82//78 81//78
f 81//79 82//79 83//79
f 84//80 85//80 79//80
f 79//81 85//81 80//81
f 83//82 86//82 87//82
f 82//83 86//83 83//83
f 88//84 89//84 84//84
f 84//85 89//85 85//85
f 87//86 90//86 91//86
f 86//87 90//87 87//87
f 92//88 93//88 88//88
f 88//89 93//89 89//89
f 91//90 94//90 95//90
f 90//91 94//91 91//91
f 96//92 97//92 92//92
f 92//93 97//93 93//93
f 95//94 98//94 99//94
f 94//95 98//95 95//95
f 100//96 101//96 96//96
f 96//97 101//97 97//97
f 99//98 102//98 103//98
f 98//99 102//99 99//99
f 100//100 104//100 101//100
f 105//101 104//101 100//101
f 103//102 106//102 107//102
f 107//103 106//103 108//103
f 102//104 106//104 103//104
f 105//105 109//105 104//105
f 110//106 109//106 105//106
f 110//107 111//107 109//107
f 112//108 111//108 110//108
f 112//109 113//109 111//109
f 114//110 113//110 112//110
f 114//111 115//111 113//111
f 116//112 115//112 114//112
f 116//113 117//113 115//113
f 118//114 117//114 116//114
f 118//115 119//115 117//115
f 120//116 119//116 118//116
f 120//117 121//117 119//117
f 122//118 121//118 120//118
f 123//119 124//119 122//119
f 122//120 124//120 121//120
f 125//121 126//121 123//121
f 123//122 126//122 124//122
f 127//123 128//123 125//123
f 125//124 128//124 126//124
f 129//125 130//125 127//125
f 127//126 130//126 128//126
f 129//127 131//127 130//127
f 132//128 131//128 129//128
f 132//129 133//129 131//129
f 134//130 133//130 132//130
f 134//131 135//131 133//131
f 136//132 135//132 134//132
f 136//133 137//133 135//133
f 138//134 137//134 136//134
f 138//135 139//135 137//135
f 140//136 139//136 138//136
f 140//137 141//137 139//137
f 142//138 141//138 140//138
f 142//139 143//139 141//139
f 144//140 143//140 142//140
f 144//141 145//141 143//141
f 146//142 145//142 144//142
f 146//143 147//143 145//143
f 148//144 147//144 146//144
f 148//145 149//145 147//145
f 150//146 149//146 148//146
f 150//147 151//147 149//147
f 152//148 151//148 150//148
f 152//149 153//149 151//149
f 154//150 153//150 152//150
f 154//151 155//151 153//151
f 156//152 155//152 154//152
f 156//153 157//153 155//153
f 158//154 157//154 156//154
f 158//155 159//155 157//155
f 160//156 159//156 158//156
f 160//157 161//157 159//157
f 162//158 161//158 160//158
f 162//159 163//159 161//159
f 164//160 163//160 162//160
f 164//161 165//161 163//161
f 166//162 165//162 164//162
f 166//163 167//163 165//163
f 168//164 167//164 166//164
f 168//165 169//165 167//165
f 170//166 169//166 168//166
f 171//167 172//167 170//167
f 170//168 172//168 169//168
f 171//169 173//169 172//169
f 174//170 173//170 171//170
f 175//171 176//171 177//171
f 177//172 176//172 178//172
f 178//173 176//173 179//173
f 179//174 176//174 180//174
f 180//175 176//175 181//175
f 181//176 176//176 182//176
f 182//177 176//177 183//177
f 183//178 176//178 184//178
f 184//179 176//179 185//179
f 185//180 176//180 186//180
f 186//181 176//181 187//181
f 187//182 176//182 188//182
f 188//183 176//183 189//183
f 189//184 176//184 190//184
f 190//185 176//185 191//185
f 191//186 176//186 192//186
f 192//187 176//187 193//187
f 193//188 176//188 194//188
f 194//189 176//189 195//189
f 195//190 176//190 196//190
f 196//191 176//191 197//191
f 175//192 198//192 176//192
f 198//193 199//193 176//193
f 199//194 200//194 176//194
f 200//195 201//195 176//195
f 201//196 202//196 176//196
f 202//197 203//197 176//197
f 203//198 15//198 176//198
f 204//199 15//199 205//199
f 205//200 15//200 206//200
f 206//201 15//201 207//201
f 207//202 15//202 208//202
f 208//203 15//203 209//203
f 209//204 15//204 210//204
f 210//205 15//205 211//205
f 211//206 15//206 212//206
f 212//207 15//207 213//207
f 213//208 15//208 214//208
f 214//209 15//209 215//209
f 215//210 15//210 216//210
f 216//211 15//211 217//211
f 217//212 15//212 218//212
f 218//213 15//213 219//213
f 219//214 15//214 220//214
f 220//215 15//215 221//215
f 221//216 15//216 222//216
f 222//217 15//217 223//217
f 223//218 15//218 224//218
f 224//219 15//219 225//219
f 225//220 15//220 226//220
f 226//221 15//221 227//221
f 227//222 15//222 228//222
f 228//223 15//223 229//223
f 229//224 15//224 230//224
f 230//225 15//225 231//225
f 231//226 15//226 232//226
f 232//227 15//227 233//227
f 233//228 15//228 234//228
f 234//229 15//229 203//229
f 10//230 15//230 78//230
f 78//231 15//231 235//231
f 235//232 15//232 236//232
f 236//233 15//233 237//233
f 237//234 15//234 174//234
f 174//235 15//235 204//235
f 174//236 204//236 238//236
f 174//237 238//237 239//237
f 174//238 239//238 240//238
f 174//239 240//239 173//239
f 241//240 5//240 242//240
f 241//241 12//241 5//241
f 243//242 14//242 13//242
f 35//243 243//243 13//243
f 5//244 244//244 242//244
f 5//245 6//245 244//245
f 245//246 246//246 247//246
f 247//247 248//247 245//247
f 246//248 249//248 247//248
f 247//249 250//249 248//249
f 249//250 251//250 247//250
f 247//251 252//251 250//251
f 251//252 253//252 247//252
f 247//253 254//253 252//253
f 253//254 255//254 247//254
f 247//255 256//255 254//255
f 255//256 257//256 247//256
f 247//257 258//257 256//257
f 257//258 259//258 247//258
f 247//259 260//259 258//259
f 247//260 261//260 260//260
f 247//261 262//261 261//261
f 247//262 263//262 262//262
f 247//263 264//263 263//263
f 247//264 265//264 264//264
f 247//265 266//265 265//265
f 247//266 267//266 266//266
f 247//267 268//267 267//267
f 247//268 269//268 268//268
f 247//269 270//269 269//269
f 247//270 271//270 270//270
f 247//271 272//271 271//271
f 247//272 273//272 272//272
f 274//273 275//273 276//273
f 277//274 275//274 274//274
f 278//275 275//275 277//275
f 279//276 275//276 278//276
f 280//277 275//277 279//277
f 281//278 275//278 280//278
f 282//279 275//279 281//279
f 283//280 275//280 282//280
f 247//281 275//281 273//281
f 284//282 275//282 283//282
f 285//283 275//283 284//283
f 286//284 275//284 285//284
f 273//285 275//285 286//285
f 275//286 287//286 276//286
f 275//287 288//287 287//287
f 275//288 289//288 288//288
f 275//289 290//289 289//289
f 275//290 291//290 290//290
f 275//291 292//291 291//291
f 275//292 293//292 292//292
f 275//293 294//293 293//293
f 275//294 295//294 294//294
f 275//295 296//295 295//295
f 275//296 297//296 296//296
f 275//297 298//297 297//297
f 275//298 299//298 298//298
f 275//299 300//299 299//299
f 275//300 301//300 300//300
f 275//301 302//301 301//301
f 275//302 303//302 302//302
f 275//303 304//303 303//303
f 275//304 305//304 304//304
f 306//305 307//305 308//305
f 306//306 309//306 307//306
f 310//307 309//307 306//307
f 307//308 311//308 308//308
f 308//309 311//309 312//309
f 313//310 314//310 310//310
f 310//311 314//311 309//311
f 312//312 315//312 316//312
f 311//313 315//313 312//313
f 317//314 318//314 313//314
f 313//315 318//315 314//315
f 316//316 319//316 320//316
f 315//317 319//317 316//317
f 321//318 322//318 317//318
f 317//319 322//319 318//319
f 320//320 323//320 324//320
f 319//321 323//321 320//321
f 321//322 325//322 322//322
f 326//323 325//323 321//323
f 324//324 327//324 328//324
f 323//325 327//325 324//325
f 329//326 330//326 326//326
f 326//327 330//327 325//327
f 328//328 331//328 332//328
f 327//329 331//329 328//329
f 333//330 334//330 329//330
f 329//331 334//331 330//331
f 331//332 335//332 332//332
f 336//333 337//333 333//333
f 333//334 337//334 334//334
f 335//335 338//335 332//335
f 339//336 340//336 336//336
f 336//337 340//337 337//337
f 341//338 342//338 339//338
f 339//339 342//339 340//339
f 341//340 343//340 342//340
f 344//341 343//341 341//341
f 345//342 346//342 344//342
f 344//343 346//343 343//343
f 347//344 348//344 345//344
f 345//345 348//345 346//345
f 349//346 350//346 347//346
f 347//347 350//347 348//347
f 351//348 352//348 349//348
f 349//349 352//349 350//349
f 353//350 354//350 351//350
f 351//351 354//351 352//351
f 355//352 356//352 353//352
f 353//353 356//353 354//353
f 355//354 357//354 356//354
f 358//355 357//355 355//355
f 358//356 359//356 357//356
f 360//357 359//357 358//357
f 361//358 362//358 360//358
f 360//359 362//359 359//359
f 363//360 364//360 361//360
f 361//361 364//361 362//361
f 363//362 365//362 364//362
f 366//363 365//363 363//363
f 367//364 368//364 366//364
f 366//365 368//365 365//365
f 367//366 369//366 368//366
f 370//367 369//367 367//367
f 370//368 371//368 369//368
f 372//369 371//369 370//369
f 372//370 373//370 371//370
f 374//371 373//371 372//371
f 374//372 375//372 373//372
f 376//373 375//373 374//373
f 376//374 377//374 375//374
f 378//375 377//375 376//375
f 379//376 380//376 378//376
f 378//377 380//377 377//377
f 379//378 381//378 380//378
f 382//379 381//379 379//379
f 383//380 384//380 382//380
f 382//381 384//381 381//381
f 383//382 385//382 384//382
f 386//383 385//383 383//383
f 387//384 388//384 386//384
f 386//385 388//385 385//385
f 389//386 390//386 387//386
f 387//387 390//387 388//387
f 391//388 392//388 389//388
f 389//389 392//389 390//389
f 393//390 394//390 391//390
f 391//391 394//391 392//391
f 395//392 396//392 393//392
f 393//393 396//393 394//393
f 397//394 398//394 395//394
f 395//395 398//395 396//395
f 399//396 400//396 397//396
f 397//397 400//397 398//397
f 399//398 401//398 400//398
f 402//399 14//399 243//399
f 403//400 14//400 402//400
f 404//401 14//401 403//401
f 405//402 14//402 404//402
f 406//403 14//403 405//403
f 407//404 14//404 406//404
f 408//405 14//405 407//405
f 409//406 14//406 408//406
f 410//407 14//407 409//407
f 411//408 14//408 410//408
f 412//409 14//409 411//409
f 413//410 14//410 412//410
f 414//411 14//411 413//411
f 415//412 14//412 414//412
f 416//413 14//413 415//413
f 417//414 14//414 416//414
f 418//415 14//415 417//415
f 419//416 14//416 418//416
f 420//417 14//417 419//417
f 421//418 14//418 420//418
f 422//419 14//419 421//419
f 423//420 14//420 422//420
f 424//421 14//421 423//421
f 424//422 425//422 14//422
f 425//423 426//423 14//423
f 426//424 427//424 14//424
f 427//425 428//425 14//425
f 428//426 429//426 14//426
f 429//427 7//427 14//427
f 430//428 7//428 429//428
f 431//429 7//429 430//429
f 432//430 7//430 431//430
f 433//431 7//431 432//431
f 434//432 7//432 433//432
f 435//433 7//433 434//433
f 436//434 7//434 435//434
f 437//435 7//435 436//435
f 438//436 7//436 437//436
f 439//437 7//437 438//437
f 440//438 7//438 439//438
f 441//439 7//439 440//439
f 442//440 7//440 441//440
f 443//441 7//441 442//441
f 444//442 7//442 443//442
f 445//443 7//443 444//443
f 446//444 7//444 445//444
f 447//445 7//445 446//445
f 448//446 7//446 447//446
f 449//447 7//447 448//447
f 450//448 7//448 449//448
f 451//449 7//449 450//449
f 452//450 7//450 451//450
f 453//451 7//451 452//451
f 454//452 7//452 453//452
f 455//453 7//453 454//453
f 456//454 7//454 455//454
f 457//455 7//455 456//455
f 458//456 7//456 457//456
f 459//457 7//457 458//457
f 460//458 7//458 459//458
f 275//459 7//459 460//459
f 275//460 460//460 461//460
f 275//461 461//461 462//461
f 275//462 462//462 463//462
f 275//463 463//463 401//463
f 275//464 401//464 305//464
f 305//465 401//465 464//465
f 464//466 401//466 465//466
f 465//467 401//467 466//467
f 466//468 401//468 399//468
f 1//469 467//469 6//469
f 6//470 467//470 244//470
f 468//471 8//471 275//471
f 275//472 8//472 7//472
f 469//473 470//473 471//473
f 471//474 472//474 469//474
f 470//475 473//475 471//475
f 471//476 474//476 472//476
f 473//477 475//477 471//477
f 471//478 476//478 474//478
f 475//479 477//479 471//479
f 471//480 478//480 476//480
f 477//481 479//481 471//481
f 471//482 480//482 478//482
f 479//483 481//483 471//483
f 471//484 482//484 480//484
f 471//485 483//485 482//485
f 471//486 484//486 483//486
f 471//487 485//487 484//487
f 471//488 486//488 485//488
f 471//489 487//489 486//489
f 471//490 488//490 487//490
f 471//491 489//491 488//491
f 471//492 490//492 489//492
f 471//493 491//493 490//493
f 471//494 492//494 491//494
f 471//495 493//495 492//495
f 471//496 494//496 493//496
f 471//497 495//497 494//497
f 471//498 496//498 495//498
f 496//499 467//499 497//499
f 497//500 467//500 498//500
f 498//501 467//501 499//501
f 499//502 467//502 500//502
f 500//503 467//503 501//503
f 501//504 467//504 502//504
f 502//505 467//505 503//505
f 503//506 467//506 504//506
f 504//507 467//507 505//507
f 505//508 467//508 506//508
f 506//509 467//509 507//509
f 507//510 467//510 508//510
f 508//511 467//511 509//511
f 471//512 467//512 496//512
f 467//513 510//513 509//513
f 467//514 511//514 510//514
f 467//515 512//515 511//515
f 467//516 513//516 512//516
f 467//517 514//517 513//517
f 467//518 515//518 514//518
f 467//519 516//519 515//519
f 467//520 517//520 516//520
f 467//521 518//521 517//521
f 467//522 519//522 518//522
f 467//523 520//523 519//523
f 467//524 521//524 520//524
f 467//525 522//525 521//525
f 467//526 523//526 522//526
f 467//527 524//527 523//527
f 467//528 525//528 524//528
f 467//529 526//529 525//529
f 467//530 527//530 526//530
f 528//531 529//531 530//531
f 530//532 531//532 532//532
f 529//533 531//533 530//533
f 533//534 534//534 528//534
f 528//535 534//535 529//535
f 532//536 535//536 536//536
f 531//537 535//537 532//537
f 533//538 537//538 534//538
f 538//539 537//539 533//539
f 536//540 539//540 540//540
f 535//541 539//541 536//541
f 541//542 542//542 538//542
f 538//543 542//543 537//543
f 540//544 543//544 544//544
f 544//545 543//545 545//545
f 539//546 543//546 540//546
f 541//547 546//547 542//547
f 547//548 546//548 541//548
f 547//549 548//549 546//549
f 549//550 548//550 547//550
f 549//551 550//551 548//551
f 551//552 550//552 549//552
f 551//553 552//553 550//553
f 553//554 552//554 551//554
f 553//555 554//555 552//555
f 555//556 554//556 553//556
f 555//557 556//557 554//557
f 557//558 556//558 555//558
f 557//559 558//559 556//559
f 559//560 558//560 557//560
f 559//561 560//561 558//561
f 561//562 560//562 559//562
f 561//563 562//563 560//563
f 563//564 562//564 561//564
f 563//565 564//565 562//565
f 565//566 564//566 563//566
f 565//567 566//567 564//567
f 567//568 566//568 565//568
f 567//569 568//569 566//569
f 569//570 568//570 567//570
f 569//571 570//571 568//571
f 571//572 570//572 569//572
f 571//573 572//573 570//573
f 573//574 572//574 571//574
f 573//575 574//575 572//575
f 575//576 574//576 573//576
f 575//577 576//577 574//577
f 577//578 576//578 575//578
f 577//579 578//579 576//579
f 579//580 578//580 577//580
f 579//581 580//581 578//581
f 581//582 580//582 579//582
f 582//583 583//583 581//583
f 581//584 583//584 580//584
f 584//585 585//585 582//585
f 582//586 585//586 583//586
f 586//587 587//587 584//587
f 584//588 587//588 585//588
f 588//589 589//589 586//589
f 586//590 589//590 587//590
f 590//591 591//591 588//591
f 588//592 591//592 589//592
f 592//593 593//593 590//593
f 590//594 593//594 591//594
f 594//595 595//595 592//595
f 592//596 595//596 593//596
f 594//597 596//597 595//597
f 597//598 596//598 594//598
f 597//599 598//599 596//599
f 599//600 598//600 597//600
f 599//601 600//601 598//601
f 601//602 600//602 599//602
f 601//603 602//603 600//603
f 603//604 602//604 601//604
f 603//605 604//605 602//605
f 605//606 604//606 603//606
f 605//607 606//607 604//607
f 607//608 606//608 605//608
f 607//609 608//609 606//609
f 609//610 608//610 607//610
f 609//611 610//611 608//611
f 611//612 610//612 609//612
f 611//613 612//613 610//613
f 613//614 612//614 611//614
f 613//615 614//615 612//615
f 615//616 614//616 613//616
f 615//617 616//617 614//617
f 617//618 616//618 615//618
f 618//619 4//619 619//619
f 619//620 4//620 620//620
f 620//621 4//621 621//621
f 621//622 4//622 622//622
f 622//623 4//623 623//623
f 623//624 4//624 624//624
f 624//625 4//625 625//625
f 625//626 4//626 626//626
f 626//627 4//627 627//627
f 627//628 4//628 628//628
f 628//629 4//629 629//629
f 630//630 4//630 631//630
f 631//631 4//631 632//631
f 632//632 4//632 633//632
f 633//633 4//633 634//633
f 634//634 4//634 635//634
f 635//635 4//635 636//635
f 636//636 4//636 637//636
f 637//637 4//637 638//637
f 638//638 4//638 618//638
f 630//639 639//639 4//639
f 639//640 640//640 4//640
f 640//641 641//641 4//641
f 641//642 642//642 4//642
f 643//643 1//643 644//643
f 644//644 1//644 645//644
f 645//645 1//645 646//645
f 646//646 1//646 647//646
f 647//647 1//647 648//647
f 648//648 1//648 649//648
f 649//649 1//649 650//649
f 650//650 1//650 651//650
f 651//651 1//651 652//651
f 652//652 1//652 653//652
f 653//653 1//653 654//653
f 654//654 1//654 655//654
f 655//655 1//655 656//655
f 656//656 1//656 657//656
f 657//657 1//657 658//657
f 658//658 1//658 659//658
f 659//659 1//659 660//659
f 660//660 1//660 661//660
f 661//661 1//661 662//661
f 662//662 1//662 663//662
f 663//663 1//663 664//663
f 664//664 1//664 665//664
f 665//665 1//665 666//665
f 666//666 1//666 667//666
f 667//667 1//667 668//667
f 642//668 1//668 4//668
f 668//669 1//669 669//669
f 669//670 1//670 670//670
f 670//671 1//671 671//671
f 671//672 1//672 672//672
f 672//673 1//673 673//673
f 673//674 1//674 642//674
f 467//675 1//675 527//675
f 527//676 1//676 674//676
f 674//677 1//677 675//677
f 675//678 1//678 676//678
f 676//679 1//679 617//679
f 617//680 1//680 643//680
f 617//681 643//681 677//681
f 617//682 677//682 678//682
f 617//683 678//683 679//683
f 617//684 679//684 616//684
f 680//685 8//685 681//685
f 9//686 8//686 680//686
f 682//687 629//687 3//687
f 3//688 629//688 4//688
f 9//689 683//689 2//689
f 2//690 683//690 684//690
f 685//691 686//691 3//691
f 3//692 687//692 685//692
f 686//693 688//693 3//693
f 3//694 689//694 687//694
f 688//695 690//695 3//695
f 3//696 691//696 689//696
f 690//697 682//697 3//697
f 3//698 692//698 691//698
f 3//699 693//699 692//699
f 3//700 694//700 693//700
f 3//701 695//701 694//701
f 3//702 696//702 695//702
f 3//703 697//703 696//703
f 3//704 698//704 697//704
f 3//705 699//705 698//705
f 3//706 700//706 699//706
f 3//707 701//707 700//707
f 3//708 702//708 701//708
f 3//709 703//709 702//709
f 3//710 704//710 703//710
f 3//711 705//711 704//711
f 3//712 706//712 705//712
f 3//713 707//713 706//713
f 3//714 708//714 707//714
f 709//715 2//715 710//715
f 711//716 2//716 709//716
f 712//717 2//717 711//717
f 713//718 2//718 712//718
f 714//719 2//719 713//719
f 715//720 2//720 714//720
f 716//721 2//721 715//721
f 717//722 2//722 716//722
f 718//723 2//723 717//723
f 719//724 2//724 718//724
f 720//725 2//725 719//725
f 708//726 2//726 720//726
f 3//727 2//727 708//727
f 2//728 721//728 710//728
f 2//729 722//729 721//729
f 2//730 723//730 722//730
f 2//731 724//731 723//731
f 2//732 725//732 724//732
f 2//733 726//733 725//733
f 2//734 727//734 726//734
f 2//735 728//735 727//735
f 2//736 729//736 728//736
f 2//737 730//737 729//737
f 2//738 731//738 730//738
f 2//739 732//739 731//739
f 2//740 733//740 732//740
f 2//741 734//741 733//741
f 2//742 735//742 734//742
f 2//743 736//743 735//743
f 2//744 737//744 736//744
f 2//745 738//745 737//745
f 2//746 739//746 738//746
f 740//747 741//747 742//747
f 742//748 743//748 744//748
f 741//749 743//749 742//749
f 745//750 746//750 740//750
f 740//751 746//751 741//751
f 743//752 747//752 744//752
f 744//753 747//753 748//753
f 745//754 749//754 746//754
f 750//755 749//755 745//755
f 747//756 751//756 748//756
f 748//757 751//757 752//757
f 753//758 754//758 750//758
f 750//759 754//759 749//759
f 751//760 755//760 752//760
f 752//761 755//761 756//761
f 753//762 757//762 754//762
f 758//763 757//763 753//763
f 755//764 759//764 756//764
f 760//765 761//765 758//765
f 758//766 761//766 757//766
f 759//767 762//767 756//767
f 760//768 763//768 761//768
f 764//769 763//769 760//769
f 764//770 765//770 763//770
f 766//771 765//771 764//771
f 766//772 767//772 765//772
f 768//773 767//773 766//773
f 768//774 769//774 767//774
f 770//775 769//775 768//775
f 770//776 771//776 769//776
f 772//777 771//777 770//777
f 772//778 773//778 771//778
f 774//779 773//779 772//779
f 774//780 775//780 773//780
f 776//781 775//781 774//781
f 776//782 777//782 775//782
f 778//783 777//783 776//783
f 778//784 779//784 777//784
f 780//785 779//785 778//785
f 780//786 781//786 779//786
f 782//787 781//787 780//787
f 782//788 783//788 781//788
f 784//789 783//789 782//789
f 784//790 785//790 783//790
f 786//791 785//791 784//791
f 787//792 788//792 786//792
f 786//793 788//793 785//793
f 787//794 789//794 788//794
f 790//795 789//795 787//795
f 790//796 791//796 789//796
f 792//797 791//797 790//797
f 792//798 793//798 791//798
f 794//799 793//799 792//799
f 794//800 795//800 793//800
f 796//801 795//801 794//801
f 796//802 797//802 795//802
f 798//803 797//803 796//803
f 798//804 799//804 797//804
f 800//805 799//805 798//805
f 800//806 801//806 799//806
f 802//807 801//807 800//807
f 802//808 803//808 801//808
f 804//809 803//809 802//809
f 804//810 805//810 803//810
f 806//811 805//811 804//811
f 806//812 807//812 805//812
f 808//813 807//813 806//813
f 808//814 809//814 807//814
f 810//815 809//815 808//815
f 810//816 811//816 809//816
f 812//817 811//817 810//817
f 812//818 813//818 811//818
f 814//819 813//819 812//819
f 815//820 816//820 814//820
f 814//821 816//821 813//821
f 817//822 818//822 815//822
f 815//823 818//823 816//823
f 817//824 819//824 818//824
f 820//825 819//825 817//825
f 820//826 821//826 819//826
f 822//827 821//827 820//827
f 822//828 823//828 821//828
f 824//829 823//829 822//829
f 824//830 825//830 823//830
f 826//831 825//831 824//831
f 826//832 827//832 825//832
f 828//833 827//833 826//833
f 828//834 829//834 827//834
f 830//835 831//835 832//835
f 833//836 831//836 830//836
f 834//837 831//837 833//837
f 835//838 831//838 834//838
f 836//839 831//839 835//839
f 837//840 831//840 836//840
f 838//841 831//841 837//841
f 839//842 831//842 838//842
f 840//843 831//843 839//843
f 841//844 831//844 840//844
f 842//845 831//845 841//845
f 843//846 831//846 842//846
f 844//847 831//847 843//847
f 845//848 831//848 844//848
f 846//849 831//849 845//849
f 847//850 831//850 846//850
f 848//851 831//851 847//851
f 849//852 831//852 848//852
f 849//853 850//853 831//853
f 850//854 851//854 831//854
f 851//855 852//855 831//855
f 852//856 853//856 831//856
f 853//857 854//857 831//857
f 854//858 855//858 831//858
f 855//859 856//859 831//859
f 856//860 857//860 831//860
f 858//861 684//861 859//861
f 860//862 684//862 858//862
f 861//863 684//863 860//863
f 862//864 684//864 861//864
f 863//865 684//865 862//865
f 864//866 684//866 863//866
f 865//867 684//867 866//867
f 867//868 684//868 864//868
f 868//869 684//869 865//869
f 869//870 684//870 867//870
f 870//871 684//871 868//871
f 871//872 684//872 869//872
f 872//873 684//873 870//873
f 873//874 684//874 871//874
f 866//875 684//875 873//875
f 874//876 684//876 857//876
f 875//877 684//877 874//877
f 876//878 684//878 875//878
f 857//879 684//879 831//879
f 877//880 684//880 876//880
f 878//881 684//881 877//881
f 879//882 684//882 878//882
f 880//883 684//883 879//883
f 881//884 684//884 880//884
f 882//885 684//885 881//885
f 883//886 684//886 882//886
f 884//887 684//887 883//887
f 885//888 684//888 884//888
f 886//889 684//889 885//889
f 887//890 684//890 886//890
f 888//891 684//891 887//891
f 859//892 684//892 888//892
f 2//893 684//893 872//893
f 2//894 872//894 889//894
f 2//895 889//895 890//895
f 2//896 890//896 891//896
f 2//897 891//897 829//897
f 2//898 829//898 739//898
f 739//899 829//899 892//899
f 892//900 829//900 893//900
f 893//901 829//901 894//901
f 894//902 829//902 828//902
f 11//903 895//903 16//903
f 17//904 895//904 11//904
f 242//905 244//905 467//905
f 684//906 467//906 471//906
f 684//907 471//907 831//907
f 684//908 242//908 467//908
f 16//909 241//909 242//909
f 15//910 16//910 242//910
f 275//911 684//911 683//911
f 275//912 242//912 684//912
f 275//913 15//913 242//913
f 247//914 176//914 15//914
f 247//915 15//915 275//915
f 468//916 275//916 683//916
f 896//917 897//917 898//917
f 899//918 898//918 897//918
f 900//919 897//919 896//919
f 901//920 899//920 897//920
f 902//921 897//921 900//921
f 903//922 901//922 897//922
f 904//923 897//923 902//923
f 905//924 903//924 897//924
f 906//925 897//925 904//925
f 907//926 905//926 897//926
f 908//927 897//927 906//927
f 909//928 907//928 897//928
f 910//929 897//929 908//929
f 911//930 909//930 897//930
f 912//931 897//931 910//931
f 913//932 911//932 897//932
f 914//933 897//933 912//933
f 915//934 913//934 897//934
f 916//935 897//935 914//935
f 917//936 915//936 897//936
f 918//937 897//937 916//937
f 919//938 917//938 897//938
f 920//939 897//939 918//939
f 921//940 897//940 920//940
f 922//941 897//941 921//941
f 923//942 897//942 922//942
f 924//943 18//943 897//943
f 924//944 897//944 923//944
f 925//945 18//945 924//945
f 926//946 18//946 925//946
f 927//947 18//947 926//947
f 928//948 18//948 927//948
f 929//949 18//949 928//949
f 930//950 18//950 929//950
f 931//951 18//951 930//951
f 932//952 18//952 931//952
f 933//953 18//953 932//953
f 934//954 18//954 933//954
f 935//955 18//955 934//955
f 895//956 936//956 937//956
f 895//957 938//957 936//957
f 895//958 939//958 938//958
f 895//959 940//959 939//959
f 895//960 941//960 940//960
f 895//961 942//961 941//961
f 895//962 943//962 942//962
f 895//963 944//963 943//963
f 895//964 945//964 944//964
f 895//965 946//965 945//965
f 895//966 919//966 897//966
f 895//967 947//967 919//967
f 895//968 948//968 947//968
f 895//969 949//969 948//969
f 895//970 950//970 949//970
f 895//971 951//971 950//971
f 895//972 937//972 951//972
f 952//973 18//973 935//973
f 953//974 946//974 895//974
f 954//975 18//975 952//975
f 955//976 953//976 895//976
f 956//977 18//977 954//977
f 957//978 955//978 895//978
f 958//979 18//979 956//979
f 959//980 957//980 895//980
f 960//981 18//981 958//981
f 961//982 959//982 895//982
f 962//983 18//983 960//983
f 963//984 961//984 895//984
f 964//985 18//985 962//985
f 965//986 963//986 895//986
f 966//987 18//987 964//987
f 967//988 965//988 895//988
f 968//989 18//989 966//989
f 969//990 967//990 895//990
f 970//991 18//991 968//991
f 971//992 969//992 895//992
f 972//993 18//993 970//993
f 973//994 971//994 895//994
f 974//995 973//995 895//995
f 975//996 974//996 895//996
f 976//997 975//997 895//997
f 977//998 976//998 895//998
f 978//999 977//999 895//999
f 979//1000 978//1000 895//1000
f 980//1001 979//1001 895//1001
f 981//1002 980//1002 895//1002
f 982//1003 981//1003 895//1003
f 17//1004 983//1004 982//1004
f 17//1005 984//1005 983//1005
f 17//1006 985//1006 984//1006
f 17//1007 986//1007 985//1007
f 17//1008 987//1008 986//1008
f 17//1009 988//1009 987//1009
f 17//1010 989//1010 988//1010
f 17//1011 990//1011 989//1011
f 17//1012 991//1012 990//1012
f 17//1013 992//1013 991//1013
f 17//1014 993//1014 992//1014
f 17//1015 994//1015 993//1015
f 17//1016 995//1016 994//1016
f 17//1017 996//1017 995//1017
f 17//1018 997//1018 996//1018
f 17//1019 998//1019 997//1019
f 17//1020 999//1020 998//1020
f 17//1021 1000//1021 999//1021
f 17//1022 1001//1022 1000//1022
f 17//1023 982//1023 895//1023
f 17//1024 1002//1024 1001//1024
f 17//1025 1003//1025 1002//1025
f 17//1026 1004//1026 1003//1026
f 17//1027 1005//1027 1004//1027
f 17//1028 1006//1028 1005//1028
f 17//1029 1007//1029 1006//1029
f 17//1030 1008//1030 1007//1030
f 17//1031 1009//1031 1008//1031
f 17//1032 1010//1032 1009//1032
f 17//1033 1011//1033 1010//1033
f 17//1034 1012//1034 1011//1034
f 17//1035 1013//1035 1012//1035
f 17//1036 1014//1036 1013//1036
f 17//1037 1015//1037 1014//1037
f 17//1038 1016//1038 1015//1038
f 17//1039 18//1039 1016//1039
f 1016//1040 18//1040 1017//1040
f 1017//1041 18//1041 1018//1041
f 1018//1042 18//1042 1019//1042
f 1019//1043 18//1043 1020//1043
f 1020//1044 18//1044 1021//1044
f 1021//1045 18//1045 1022//1045
f 1022//1046 18//1046 972//1046
f 12//1047 241//1047 897//1047
f 12//1048 897//1048 18//1048
f 176//1049 247//1049 259//1049
f 176//1050 259//1050 197//1050
f 106//1051 102//1051 332//1051
f 332//1052 102//1052 328//1052
f 328//1053 98//1053 324//1053
f 102//1054 98//1054 328//1054
f 324//1055 94//1055 320//1055
f 98//1056 94//1056 324//1056
f 320//1057 90//1057 316//1057
f 94//1058 90//1058 320//1058
f 316//1059 86//1059 312//1059
f 90//1060 86//1060 316//1060
f 312//1061 82//1061 308//1061
f 86//1062 82//1062 312//1062
f 308//1063 80//1063 306//1063
f 82//1064 80//1064 308//1064
f 306//1065 85//1065 310//1065
f 80//1066 85//1066 306//1066
f 310//1067 89//1067 313//1067
f 85//1068 89//1068 310//1068
f 313//1069 93//1069 317//1069
f 89//1070 93//1070 313//1070
f 317//1071 97//1071 321//1071
f 93//1072 97//1072 317//1072
f 321//1073 101//1073 326//1073
f 97//1074 101//1074 321//1074
f 326//1075 104//1075 329//1075
f 101//1076 104//1076 326//1076
f 329//1077 109//1077 333//1077
f 104//1078 109//1078 329//1078
f 333//1079 111//1079 336//1079
f 109//1080 111//1080 333//1080
f 336//1081 113//1081 339//1081
f 111//1082 113//1082 336//1082
f 339//1083 115//1083 341//1083
f 113//1084 115//1084 339//1084
f 341//1085 117//1085 344//1085
f 115//1086 117//1086 341//1086
f 344//1087 119//1087 345//1087
f 117//1088 119//1088 344//1088
f 119//1089 121//1089 345//1089
f 345//1090 121//1090 347//1090
f 121//1091 124//1091 347//1091
f 347//1092 124//1092 349//1092
f 124//1093 126//1093 349//1093
f 349//1094 126//1094 351//1094
f 126//1095 128//1095 351//1095
f 351//1096 128//1096 353//1096
f 128//1097 130//1097 353//1097
f 353//1098 130//1098 355//1098
f 130//1099 131//1099 355//1099
f 355//1100 131//1100 358//1100
f 131//1101 133//1101 358//1101
f 358//1102 133//1102 360//1102
f 133//1103 135//1103 360//1103
f 360//1104 135//1104 361//1104
f 135//1105 137//1105 361//1105
f 361//1106 137//1106 363//1106
f 137//1107 139//1107 363//1107
f 363//1108 139//1108 366//1108
f 366//1109 141//1109 367//1109
f 139//1110 141//1110 366//1110
f 367//1111 143//1111 370//1111
f 141//1112 143//1112 367//1112
f 370//1113 145//1113 372//1113
f 143//1114 145//1114 370//1114
f 372//1115 147//1115 374//1115
f 145//1116 147//1116 372//1116
f 374//1117 149//1117 376//1117
f 147//1118 149//1118 374//1118
f 376//1119 151//1119 378//1119
f 149//1120 151//1120 376//1120
f 378//1121 153//1121 379//1121
f 151//1122 153//1122 378//1122
f 379//1123 155//1123 382//1123
f 153//1124 155//1124 379//1124
f 382//1125 157//1125 383//1125
f 155//1126 157//1126 382//1126
f 383//1127 159//1127 386//1127
f 157//1128 159//1128 383//1128
f 386//1129 161//1129 387//1129
f 387//1130 161//1130 389//1130
f 159//1131 161//1131 386//1131
f 161//1132 163//1132 389//1132
f 389//1133 165//1133 391//1133
f 163//1134 165//1134 389//1134
f 391//1135 167//1135 393//1135
f 165//1136 167//1136 391//1136
f 393//1137 169//1137 395//1137
f 167//1138 169//1138 393//1138
f 395//1139 172//1139 397//1139
f 169//1140 172//1140 395//1140
f 172//1141 173//1141 397//1141
f 397//1142 173//1142 399//1142
f 173//1143 240//1143 399//1143
f 399//1144 240//1144 466//1144
f 466//1145 240//1145 465//1145
f 240//1146 239//1146 465//1146
f 239//1147 238//1147 465//1147
f 465//1148 238//1148 464//1148
f 238//1149 204//1149 464//1149
f 464//1150 204//1150 305//1150
f 305//1151 204//1151 304//1151
f 204//1152 205//1152 304//1152
f 205//1153 206//1153 304//1153
f 304//1154 206//1154 303//1154
f 303//1155 206//1155 302//1155
f 206//1156 207//1156 302//1156
f 207//1157 208//1157 302//1157
f 302//1158 208//1158 301//1158
f 301//1159 208//1159 300//1159
f 208//1160 209//1160 300//1160
f 209//1161 210//1161 300//1161
f 300//1162 210//1162 299//1162
f 299//1163 210//1163 298//1163
f 210//1164 211//1164 298//1164
f 211//1165 212//1165 298//1165
f 298//1166 212//1166 297//1166
f 297//1167 212//1167 296//1167
f 212//1168 213//1168 296//1168
f 296//1169 213//1169 295//1169
f 213//1170 214//1170 295//1170
f 295//1171 214//1171 294//1171
f 214//1172 215//1172 294//1172
f 294//1173 215//1173 293//1173
f 215//1174 216//1174 293//1174
f 216//1175 217//1175 293//1175
f 293//1176 217//1176 292//1176
f 292//1177 217//1177 291//1177
f 291//1178 218//1178 290//1178
f 217//1179 218//1179 291//1179
f 290//1180 219//1180 289//1180
f 218//1181 219//1181 290//1181
f 219//1182 220//1182 289//1182
f 289//1183 221//1183 288//1183
f 288//1184 221//1184 287//1184
f 220//1185 221//1185 289//1185
f 287//1186 222//1186 276//1186
f 221//1187 222//1187 287//1187
f 276//1188 223//1188 274//1188
f 222//1189 223//1189 276//1189
f 223//1190 224//1190 274//1190
f 224//1191 225//1191 274//1191
f 274//1192 225//1192 277//1192
f 277//1193 225//1193 278//1193
f 225//1194 226//1194 278//1194
f 278//1195 226//1195 279//1195
f 226//1196 227//1196 279//1196
f 279//1197 227//1197 280//1197
f 227//1198 228//1198 280//1198
f 228//1199 229//1199 280//1199
f 280//1200 229//1200 281//1200
f 229//1201 230//1201 281//1201
f 281//1202 230//1202 282//1202
f 230//1203 231//1203 282//1203
f 282//1204 231//1204 283//1204
f 283//1205 231//1205 284//1205
f 231//1206 232//1206 284//1206
f 284//1207 232//1207 285//1207
f 232//1208 233//1208 285//1208
f 285//1209 233//1209 286//1209
f 233//1210 234//1210 286//1210
f 286//1211 234//1211 273//1211
f 234//1212 203//1212 273//1212
f 203//1213 202//1213 273//1213
f 273//1214 202//1214 272//1214
f 272//1215 202//1215 271//1215
f 202//1216 201//1216 271//1216
f 271//1217 201//1217 270//1217
f 201//1218 200//1218 270//1218
f 270//1219 200//1219 269//1219
f 200//1220 199//1220 269//1220
f 199//1221 198//1221 269//1221
f 269//1222 198//1222 268//1222
f 268//1223 198//1223 267//1223
f 198//1224 175//1224 267//1224
f 267//1225 175//1225 266//1225
f 175//1226 177//1226 266//1226
f 177//1227 178//1227 266//1227
f 266//1228 178//1228 265//1228
f 265//1229 178//1229 264//1229
f 178//1230 179//1230 264//1230
f 264//1231 179//1231 263//1231
f 179//1232 180//1232 263//1232
f 263//1233 180//1233 262//1233
f 262//1234 181//1234 261//1234
f 180//1235 181//1235 262//1235
f 261//1236 182//1236 260//1236
f 181//1237 182//1237 261//1237
f 182//1238 183//1238 260//1238
f 260//1239 184//1239 258//1239
f 258//1240 184//1240 256//1240
f 183//1241 184//1241 260//1241
f 256//1242 185//1242 254//1242
f 184//1243 185//1243 256//1243
f 185//1244 186//1244 254//1244
f 254//1245 187//1245 252//1245
f 252//1246 187//1246 250//1246
f 186//1247 187//1247 254//1247
f 187//1248 188//1248 250//1248
f 250//1249 189//1249 248//1249
f 188//1250 189//1250 250//1250
f 248//1251 190//1251 245//1251
f 245//1252 190//1252 246//1252
f 189//1253 190//1253 248//1253
f 246//1254 191//1254 249//1254
f 190//1255 191//1255 246//1255
f 249//1256 192//1256 251//1256
f 191//1257 192//1257 249//1257
f 251//1258 193//1258 253//1258
f 192//1259 193//1259 251//1259
f 193//1260 194//1260 253//1260
f 253//1261 195//1261 255//1261
f 194//1262 195//1262 253//1262
f 255//1263 196//1263 257//1263
f 195//1264 196//1264 255//1264
f 257//1265 197//1265 259//1265
f 196//1266 197//1266 257//1266
f 332//1267 338//1267 108//1267
f 106//1268 332//1268 108//1268
f 35//1269 33//1269 243//1269
f 243//1270 33//1270 402//1270
f 402//1271 31//1271 403//1271
f 33//1272 31//1272 402//1272
f 403//1273 29//1273 404//1273
f 31//1274 29//1274 403//1274
f 404//1275 27//1275 405//1275
f 29//1276 27//1276 404//1276
f 405//1277 25//1277 406//1277
f 27//1278 25//1278 405//1278
f 406//1279 23//1279 407//1279
f 25//1280 23//1280 406//1280
f 407//1281 21//1281 408//1281
f 23//1282 21//1282 407//1282
f 408//1283 20//1283 409//1283
f 21//1284 20//1284 408//1284
f 409//1285 19//1285 410//1285
f 20//1286 19//1286 409//1286
f 410//1287 22//1287 411//1287
f 19//1288 22//1288 410//1288
f 411//1289 24//1289 412//1289
f 22//1290 24//1290 411//1290
f 412//1291 26//1291 413//1291
f 24//1292 26//1292 412//1292
f 413//1293 28//1293 414//1293
f 26//1294 28//1294 413//1294
f 414//1295 30//1295 415//1295
f 28//1296 30//1296 414//1296
f 415//1297 32//1297 416//1297
f 30//1298 32//1298 415//1298
f 416//1299 34//1299 417//1299
f 32//1300 34//1300 416//1300
f 417//1301 36//1301 418//1301
f 34//1302 36//1302 417//1302
f 418//1303 37//1303 419//1303
f 36//1304 37//1304 418//1304
f 37//1305 38//1305 419//1305
f 419//1306 38//1306 420//1306
f 38//1307 39//1307 420//1307
f 420//1308 39//1308 421//1308
f 39//1309 40//1309 421//1309
f 421//1310 40//1310 422//1310
f 40//1311 41//1311 422//1311
f 422//1312 41//1312 423//1312
f 41//1313 42//1313 423//1313
f 423//1314 42//1314 424//1314
f 42//1315 43//1315 424//1315
f 424//1316 43//1316 425//1316
f 43//1317 44//1317 425//1317
f 425//1318 44//1318 426//1318
f 44//1319 45//1319 426//1319
f 426//1320 45//1320 427//1320
f 45//1321 46//1321 427//1321
f 427//1322 46//1322 428//1322
f 46//1323 47//1323 428//1323
f 428//1324 47//1324 429//1324
f 429//1325 48//1325 430//1325
f 47//1326 48//1326 429//1326
f 430//1327 49//1327 431//1327
f 48//1328 49//1328 430//1328
f 431//1329 50//1329 432//1329
f 49//1330 50//1330 431//1330
f 432//1331 51//1331 433//1331
f 50//1332 51//1332 432//1332
f 433//1333 52//1333 434//1333
f 51//1334 52//1334 433//1334
f 434//1335 53//1335 435//1335
f 52//1336 53//1336 434//1336
f 435//1337 54//1337 436//1337
f 53//1338 54//1338 435//1338
f 436//1339 55//1339 437//1339
f 54//1340 55//1340 436//1340
f 437//1341 56//1341 438//1341
f 55//1342 56//1342 437//1342
f 438//1343 57//1343 439//1343
f 56//1344 57//1344 438//1344
f 439//1345 58//1345 440//1345
f 57//1346 58//1346 439//1346
f 440//1347 59//1347 441//1347
f 58//1348 59//1348 440//1348
f 441//1349 60//1349 442//1349
f 59//1350 60//1350 441//1350
f 442//1351 61//1351 443//1351
f 60//1352 61//1352 442//1352
f 443//1353 62//1353 444//1353
f 61//1354 62//1354 443//1354
f 62//1355 63//1355 444//1355
f 444//1356 63//1356 445//1356
f 63//1357 64//1357 445//1357
f 445//1358 64//1358 446//1358
f 64//1359 65//1359 446//1359
f 446//1360 65//1360 447//1360
f 65//1361 66//1361 447//1361
f 447//1362 66//1362 448//1362
f 66//1363 67//1363 448//1363
f 448//1364 67//1364 449//1364
f 67//1365 68//1365 449//1365
f 449//1366 68//1366 450//1366
f 68//1367 69//1367 450//1367
f 450//1368 69//1368 451//1368
f 69//1369 70//1369 451//1369
f 451//1370 70//1370 452//1370
f 70//1371 71//1371 452//1371
f 452//1372 71//1372 453//1372
f 71//1373 72//1373 453//1373
f 453//1374 72//1374 454//1374
f 72//1375 73//1375 454//1375
f 454//1376 73//1376 455//1376
f 73//1377 74//1377 455//1377
f 455//1378 74//1378 456//1378
f 74//1379 75//1379 456//1379
f 456//1380 75//1380 457//1380
f 457//1381 75//1381 458//1381
f 75//1382 76//1382 458//1382
f 458//1383 76//1383 459//1383
f 76//1384 77//1384 459//1384
f 77//1385 78//1385 459//1385
f 459//1386 78//1386 460//1386
f 78//1387 235//1387 460//1387
f 460//1388 235//1388 461//1388
f 461//1389 235//1389 462//1389
f 235//1390 236//1390 462//1390
f 462//1391 236//1391 463//1391
f 463//1392 237//1392 401//1392
f 236//1393 237//1393 463//1393
f 401//1394 174//1394 400//1394
f 237//1395 174//1395 401//1395
f 174//1396 171//1396 400//1396
f 400//1397 170//1397 398//1397
f 398//1398 170//1398 396//1398
f 171//1399 170//1399 400//1399
f 396//1400 168//1400 394//1400
f 170//1401 168//1401 396//1401
f 394//1402 166//1402 392//1402
f 168//1403 166//1403 394//1403
f 166//1404 164//1404 392//1404
f 164//1405 162//1405 392//1405
f 392//1406 162//1406 390//1406
f 390//1407 162//1407 388//1407
f 162//1408 160//1408 388//1408
f 388//1409 160//1409 385//1409
f 160//1410 158//1410 385//1410
f 385//1411 158//1411 384//1411
f 158//1412 156//1412 384//1412
f 384//1413 156//1413 381//1413
f 156//1414 154//1414 381//1414
f 381//1415 154//1415 380//1415
f 154//1416 152//1416 380//1416
f 380//1417 152//1417 377//1417
f 152//1418 150//1418 377//1418
f 377//1419 150//1419 375//1419
f 150//1420 148//1420 375//1420
f 375//1421 148//1421 373//1421
f 148//1422 146//1422 373//1422
f 373//1423 146//1423 371//1423
f 146//1424 144//1424 371//1424
f 371//1425 144//1425 369//1425
f 144//1426 142//1426 369//1426
f 369//1427 142//1427 368//1427
f 142//1428 140//1428 368//1428
f 368//1429 140//1429 365//1429
f 140//1430 138//1430 365//1430
f 365//1431 138//1431 364//1431
f 138//1432 136//1432 364//1432
f 364//1433 136//1433 362//1433
f 136//1434 134//1434 362//1434
f 362//1435 134//1435 359//1435
f 134//1436 132//1436 359//1436
f 359//1437 132//1437 357//1437
f 132//1438 129//1438 357//1438
f 357//1439 129//1439 356//1439
f 129//1440 127//1440 356//1440
f 356//1441 127//1441 354//1441
f 127//1442 125//1442 354//1442
f 354//1443 125//1443 352//1443
f 125//1444 123//1444 352//1444
f 352//1445 123//1445 350//1445
f 350//1446 122//1446 348//1446
f 123//1447 122//1447 350//1447
f 348//1448 120//1448 346//1448
f 122//1449 120//1449 348//1449
f 346//1450 118//1450 343//1450
f 120//1451 118//1451 346//1451
f 343//1452 116//1452 342//1452
f 118//1453 116//1453 343//1453
f 342//1454 114//1454 340//1454
f 116//1455 114//1455 342//1455
f 340//1456 112//1456 337//1456
f 114//1457 112//1457 340//1457
f 337//1458 110//1458 334//1458
f 112//1459 110//1459 337//1459
f 110//1460 105//1460 334//1460
f 334//1461 105//1461 330//1461
f 330//1462 100//1462 325//1462
f 105//1463 100//1463 330//1463
f 325//1464 96//1464 322//1464
f 100//1465 96//1465 325//1465
f 322//1466 92//1466 318//1466
f 96//1467 92//1467 322//1467
f 318//1468 88//1468 314//1468
f 92//1469 88//1469 318//1469
f 314//1470 84//1470 309//1470
f 88//1471 84//1471 314//1471
f 309//1472 79//1472 307//1472
f 84//1473 79//1473 309//1473
f 307//1474 81//1474 311//1474
f 79//1475 81//1475 307//1475
f 311//1476 83//1476 315//1476
f 81//1477 83//1477 311//1477
f 315//1478 87//1478 319//1478
f 83//1479 87//1479 315//1479
f 319//1480 91//1480 323//1480
f 87//1481 91//1481 319//1481
f 323//1482 95//1482 327//1482
f 91//1483 95//1483 323//1483
f 327//1484 99//1484 331//1484
f 95//1485 99//1485 327//1485
f 331//1486 103//1486 335//1486
f 99//1487 103//1487 331//1487
f 335//1488 107//1488 338//1488
f 103//1489 107//1489 335//1489
f 107//1490 108//1490 338//1490
f 1023//1491 681//1491 468//1491
f 468//1492 681//1492 8//1492
f 543//1493 539//1493 756//1493
f 756//1494 539//1494 752//1494
f 752//1495 535//1495 748//1495
f 539//1496 535//1496 752//1496
f 748//1497 531//1497 744//1497
f 535//1498 531//1498 748//1498
f 744//1499 529//1499 742//1499
f 531//1500 529//1500 744//1500
f 742//1501 534//1501 740//1501
f 529//1502 534//1502 742//1502
f 740//1503 537//1503 745//1503
f 534//1504 537//1504 740//1504
f 745//1505 542//1505 750//1505
f 537//1506 542//1506 745//1506
f 750//1507 546//1507 753//1507
f 542//1508 546//1508 750//1508
f 753//1509 548//1509 758//1509
f 546//1510 548//1510 753//1510
f 758//1511 550//1511 760//1511
f 548//1512 550//1512 758//1512
f 760//1513 552//1513 764//1513
f 550//1514 552//1514 760//1514
f 764//1515 554//1515 766//1515
f 552//1516 554//1516 764//1516
f 766//1517 556//1517 768//1517
f 554//1518 556//1518 766//1518
f 768//1519 558//1519 770//1519
f 556//1520 558//1520 768//1520
f 770//1521 560//1521 772//1521
f 558//1522 560//1522 770//1522
f 772//1523 562//1523 774//1523
f 560//1524 562//1524 772//1524
f 774//1525 564//1525 776//1525
f 562//1526 564//1526 774//1526
f 776//1527 566//1527 778//1527
f 564//1528 566//1528 776//1528
f 778//1529 568//1529 780//1529
f 566//1530 568//1530 778//1530
f 780//1531 570//1531 782//1531
f 568//1532 570//1532 780//1532
f 782//1533 572//1533 784//1533
f 570//1534 572//1534 782//1534
f 784//1535 574//1535 786//1535
f 572//1536 574//1536 784//1536
f 574//1537 576//1537 786//1537
f 786//1538 576//1538 787//1538
f 576//1539 578//1539 787//1539
f 787//1540 578//1540 790//1540
f 578//1541 580//1541 790//1541
f 790//1542 580//1542 792//1542
f 580//1543 583//1543 792//1543
f 792//1544 583//1544 794//1544
f 583//1545 585//1545 794//1545
f 794//1546 585//1546 796//1546
f 585//1547 587//1547 796//1547
f 796//1548 587//1548 798//1548
f 587//1549 589//1549 798//1549
f 798//1550 589//1550 800//1550
f 589//1551 591//1551 800//1551
f 800//1552 591//1552 802//1552
f 802//1553 593//1553 804//1553
f 591//1554 593//1554 802//1554
f 804//1555 595//1555 806//1555
f 593//1556 595//1556 804//1556
f 806//1557 596//1557 808//1557
f 595//1558 596//1558 806//1558
f 808//1559 598//1559 810//1559
f 810//1560 598//1560 812//1560
f 596//1561 598//1561 808//1561
f 598//1562 600//1562 812//1562
f 812//1563 600//1563 814//1563
f 814//1564 602//1564 815//1564
f 600//1565 602//1565 814//1565
f 815//1566 604//1566 817//1566
f 602//1567 604//1567 815//1567
f 817//1568 606//1568 820//1568
f 604//1569 606//1569 817//1569
f 820//1570 608//1570 822//1570
f 606//1571 608//1571 820//1571
f 608//1572 610//1572 822//1572
f 822//1573 612//1573 824//1573
f 824//1574 612//1574 826//1574
f 610//1575 612//1575 822//1575
f 826//1576 614//1576 828//1576
f 612//1577 614//1577 826//1577
f 828//1578 616//1578 894//1578
f 614//1579 616//1579 828//1579
f 894//1580 679//1580 893//1580
f 616//1581 679//1581 894//1581
f 893//1582 678//1582 892//1582
f 679//1583 678//1583 893//1583
f 678//1584 677//1584 892//1584
f 892//1585 643//1585 739//1585
f 739//1586 643//1586 738//1586
f 677//1587 643//1587 892//1587
f 738//1588 644//1588 737//1588
f 643//1589 644//1589 738//1589
f 644//1590 645//1590 737//1590
f 737//1591 645//1591 736//1591
f 645//1592 646//1592 736//1592
f 646//1593 647//1593 736//1593
f 736//1594 647//1594 735//1594
f 647//1595 648//1595 735//1595
f 735//1596 648//1596 734//1596
f 734//1597 648//1597 733//1597
f 648//1598 649//1598 733//1598
f 649//1599 650//1599 733//1599
f 733//1600 650//1600 732//1600
f 732//1601 650//1601 731//1601
f 650//1602 651//1602 731//1602
f 651//1603 652//1603 731//1603
f 731//1604 652//1604 730//1604
f 730//1605 652//1605 729//1605
f 652//1606 653//1606 729//1606
f 729//1607 653//1607 728//1607
f 653//1608 654//1608 728//1608
f 654//1609 655//1609 728//1609
f 728//1610 655//1610 727//1610
f 655//1611 656//1611 727//1611
f 727//1612 656//1612 726//1612
f 656//1613 657//1613 726//1613
f 726//1614 657//1614 725//1614
f 725//1615 657//1615 724//1615
f 657//1616 658//1616 724//1616
f 658//1617 659//1617 724//1617
f 724//1618 659//1618 723//1618
f 659//1619 660//1619 723//1619
f 723//1620 660//1620 722//1620
f 722//1621 660//1621 721//1621
f 721//1622 661//1622 710//1622
f 660//1623 661//1623 721//1623
f 661//1624 662//1624 710//1624
f 710//1625 663//1625 709//1625
f 709//1626 663//1626 711//1626
f 662//1627 663//1627 710//1627
f 663//1628 664//1628 711//1628
f 711//1629 665//1629 712//1629
f 712//1630 665//1630 713//1630
f 664//1631 665//1631 711//1631
f 665//1632 666//1632 713//1632
f 713//1633 667//1633 714//1633
f 666//1634 667//1634 713//1634
f 714//1635 668//1635 715//1635
f 667//1636 668//1636 714//1636
f 715//1637 669//1637 716//1637
f 716//1638 669//1638 717//1638
f 668//1639 669//1639 715//1639
f 669//1640 670//1640 717//1640
f 670//1641 671//1641 717//1641
f 717//1642 671//1642 718//1642
f 718//1643 671//1643 719//1643
f 671//1644 672//1644 719//1644
f 719//1645 672//1645 720//1645
f 672//1646 673//1646 720//1646
f 720//1647 673//1647 708//1647
f 673//1648 642//1648 708//1648
f 642//1649 641//1649 708//1649
f 708//1650 641//1650 707//1650
f 707//1651 641//1651 706//1651
f 641//1652 640//1652 706//1652
f 640//1653 639//1653 706//1653
f 706//1654 639//1654 705//1654
f 705//1655 639//1655 704//1655
f 639//1656 630//1656 704//1656
f 630//1657 631//1657 704//1657
f 704//1658 631//1658 703//1658
f 631//1659 632//1659 703//1659
f 703//1660 632//1660 702//1660
f 702//1661 632//1661 701//1661
f 632//1662 633//1662 701//1662
f 701//1663 633//1663 700//1663
f 633//1664 634//1664 700//1664
f 700//1665 634//1665 699//1665
f 634//1666 635//1666 699//1666
f 635//1667 636//1667 699//1667
f 699//1668 636//1668 698//1668
f 636//1669 637//1669 698//1669
f 698//1670 637//1670 697//1670
f 697//1671 637//1671 696//1671
f 637//1672 638//1672 696//1672
f 696//1673 638//1673 695//1673
f 638//1674 618//1674 695//1674
f 618//1675 619//1675 695//1675
f 695//1676 619//1676 694//1676
f 619//1677 620//1677 694//1677
f 694//1678 620//1678 693//1678
f 620//1679 621//1679 693//1679
f 693//1680 621//1680 692//1680
f 692//1681 621//1681 691//1681
f 621//1682 622//1682 691//1682
f 691//1683 622//1683 689//1683
f 622//1684 623//1684 689//1684
f 687//1685 624//1685 685//1685
f 623//1686 624//1686 689//1686
f 689//1687 624//1687 687//1687
f 624//1688 625//1688 685//1688
f 685//1689 626//1689 686//1689
f 686//1690 626//1690 688//1690
f 625//1691 626//1691 685//1691
f 688//1692 627//1692 690//1692
f 626//1693 627//1693 688//1693
f 627//1694 628//1694 690//1694
f 690//1695 629//1695 682//1695
f 628//1696 629//1696 690//1696
f 762//1697 545//1697 756//1697
f 756//1698 545//1698 543//1698
f 481//1699 479//1699 832//1699
f 832//1700 479//1700 830//1700
f 830//1701 477//1701 833//1701
f 479//1702 477//1702 830//1702
f 833//1703 475//1703 834//1703
f 477//1704 475//1704 833//1704
f 834//1705 473//1705 835//1705
f 475//1706 473//1706 834//1706
f 835//1707 470//1707 836//1707
f 473//1708 470//1708 835//1708
f 836//1709 469//1709 837//1709
f 470//1710 469//1710 836//1710
f 837//1711 472//1711 838//1711
f 469//1712 472//1712 837//1712
f 838//1713 474//1713 839//1713
f 472//1714 474//1714 838//1714
f 839//1715 476//1715 840//1715
f 474//1716 476//1716 839//1716
f 840//1717 478//1717 841//1717
f 476//1718 478//1718 840//1718
f 841//1719 480//1719 842//1719
f 478//1720 480//1720 841//1720
f 842//1721 482//1721 843//1721
f 480//1722 482//1722 842//1722
f 843//1723 483//1723 844//1723
f 482//1724 483//1724 843//1724
f 844//1725 484//1725 845//1725
f 483//1726 484//1726 844//1726
f 845//1727 485//1727 846//1727
f 484//1728 485//1728 845//1728
f 846//1729 486//1729 847//1729
f 485//1730 486//1730 846//1730
f 847//1731 487//1731 848//1731
f 486//1732 487//1732 847//1732
f 848//1733 488//1733 849//1733
f 487//1734 488//1734 848//1734
f 849//1735 489//1735 850//1735
f 488//1736 489//1736 849//1736
f 850//1737 490//1737 851//1737
f 489//1738 490//1738 850//1738
f 490//1739 491//1739 851//1739
f 851//1740 491//1740 852//1740
f 491//1741 492//1741 852//1741
f 852//1742 492//1742 853//1742
f 492//1743 493//1743 853//1743
f 853//1744 493//1744 854//1744
f 493//1745 494//1745 854//1745
f 854//1746 494//1746 855//1746
f 494//1747 495//1747 855//1747
f 855//1748 495//1748 856//1748
f 495//1749 496//1749 856//1749
f 856//1750 496//1750 857//1750
f 496//1751 497//1751 857//1751
f 857//1752 497//1752 874//1752
f 497//1753 498//1753 874//1753
f 874//1754 498//1754 875//1754
f 498//1755 499//1755 875//1755
f 875//1756 499//1756 876//1756
f 499//1757 500//1757 876//1757
f 876//1758 500//1758 877//1758
f 877//1759 501//1759 878//1759
f 500//1760 501//1760 877//1760
f 878//1761 502//1761 879//1761
f 501//1762 502//1762 878//1762
f 879//1763 503//1763 880//1763
f 502//1764 503//1764 879//1764
f 880//1765 504//1765 881//1765
f 503//1766 504//1766 880//1766
f 881//1767 505//1767 882//1767
f 504//1768 505//1768 881//1768
f 882//1769 506//1769 883//1769
f 505//1770 506//1770 882//1770
f 883//1771 507//1771 884//1771
f 506//1772 507//1772 883//1772
f 884//1773 508//1773 885//1773
f 507//1774 508//1774 884//1774
f 885//1775 509//1775 886//1775
f 508//1776 509//1776 885//1776
f 886//1777 510//1777 887//1777
f 509//1778 510//1778 886//1778
f 887//1779 511//1779 888//1779
f 510//1780 511//1780 887//1780
f 888//1781 512//1781 859//1781
f 511//1782 512//1782 888//1782
f 859//1783 513//1783 858//1783
f 512//1784 513//1784 859//1784
f 858//1785 514//1785 860//1785
f 513//1786 514//1786 858//1786
f 860//1787 515//1787 861//1787
f 514//1788 515//1788 860//1788
f 861//1789 516//1789 862//1789
f 515//1790 516//1790 861//1790
f 516//1791 517//1791 862//1791
f 862//1792 517//1792 863//1792
f 517//1793 518//1793 863//1793
f 863//1794 518//1794 864//1794
f 518//1795 519//1795 864//1795
f 864//1796 519//1796 867//1796
f 519//1797 520//1797 867//1797
f 867//1798 520//1798 869//1798
f 520//1799 521//1799 869//1799
f 869//1800 521//1800 871//1800
f 521//1801 522//1801 871//1801
f 871//1802 522//1802 873//1802
f 522//1803 523//1803 873//1803
f 873//1804 523//1804 866//1804
f 523//1805 524//1805 866//1805
f 866//1806 524//1806 865//1806
f 524//1807 525//1807 865//1807
f 865//1808 525//1808 868//1808
f 525//1809 526//1809 868//1809
f 868//1810 526//1810 870//1810
f 526//1811 527//1811 870//1811
f 870//1812 527//1812 872//1812
f 872//1813 527//1813 889//1813
f 527//1814 674//1814 889//1814
f 889//1815 674//1815 890//1815
f 674//1816 675//1816 890//1816
f 890//1817 675//1817 891//1817
f 675//1818 676//1818 891//1818
f 891//1819 676//1819 829//1819
f 676//1820 617//1820 829//1820
f 617//1821 615//1821 829//1821
f 829//1822 615//1822 827//1822
f 615//1823 613//1823 827//1823
f 827//1824 613//1824 825//1824
f 825//1825 613//1825 823//1825
f 613//1826 611//1826 823//1826
f 823//1827 609//1827 821//1827
f 821//1828 609//1828 819//1828
f 611//1829 609//1829 823//1829
f 819//1830 607//1830 818//1830
f 609//1831 607//1831 819//1831
f 607//1832 605//1832 818//1832
f 818//1833 603//1833 816//1833
f 816//1834 603//1834 813//1834
f 605//1835 603//1835 818//1835
f 813//1836 601//1836 811//1836
f 603//1837 601//1837 813//1837
f 811//1838 599//1838 809//1838
f 601//1839 599//1839 811//1839
f 809//1840 597//1840 807//1840
f 599//1841 597//1841 809//1841
f 597//1842 594//1842 807//1842
f 807//1843 594//1843 805//1843
f 594//1844 592//1844 805//1844
f 592//1845 590//1845 805//1845
f 805//1846 590//1846 803//1846
f 803//1847 590//1847 801//1847
f 590//1848 588//1848 801//1848
f 588//1849 586//1849 801//1849
f 801//1850 586//1850 799//1850
f 799//1851 586//1851 797//1851
f 586//1852 584//1852 797//1852
f 584//1853 582//1853 797//1853
f 797//1854 582//1854 795//1854
f 795//1855 582//1855 793//1855
f 582//1856 581//1856 793//1856
f 581//1857 579//1857 793//1857
f 793//1858 579//1858 791//1858
f 579//1859 577//1859 791//1859
f 791//1860 577//1860 789//1860
f 789//1861 577//1861 788//1861
f 577//1862 575//1862 788//1862
f 788//1863 575//1863 785//1863
f 575//1864 573//1864 785//1864
f 573//1865 571//1865 785//1865
f 785//1866 571//1866 783//1866
f 783//1867 571//1867 781//1867
f 571//1868 569//1868 781//1868
f 781//1869 569//1869 779//1869
f 569//1870 567//1870 779//1870
f 779//1871 567//1871 777//1871
f 567//1872 565//1872 777//1872
f 777//1873 565//1873 775//1873
f 565//1874 563//1874 775//1874
f 775//1875 563//1875 773//1875
f 563//1876 561//1876 773//1876
f 561//1877 559//1877 773//1877
f 773//1878 559//1878 771//1878
f 771//1879 559//1879 769//1879
f 559//1880 557//1880 769//1880
f 557//1881 555//1881 769//1881
f 769//1882 555//1882 767//1882
f 767//1883 555//1883 765//1883
f 555//1884 553//1884 765//1884
f 765//1885 551//1885 763//1885
f 553//1886 551//1886 765//1886
f 763//1887 549//1887 761//1887
f 761//1888 549//1888 757//1888
f 551//1889 549//1889 763//1889
f 757//1890 547//1890 754//1890
f 549//1891 547//1891 757//1891
f 547//1892 541//1892 754//1892
f 754//1893 538//1893 749//1893
f 749//1894 538//1894 746//1894
f 541//1895 538//1895 754//1895
f 746//1896 533//1896 741//1896
f 538//1897 533//1897 746//1897
f 533//1898 528//1898 741//1898
f 741//1899 530//1899 743//1899
f 528//1900 530//1900 741//1900
f 743//1901 532//1901 747//1901
f 530//1902 532//1902 743//1902
f 747//1903 536//1903 751//1903
f 751//1904 536//1904 755//1904
f 532//1905 536//1905 747//1905
f 755//1906 540//1906 759//1906
f 536//1907 540//1907 755//1907
f 759//1908 544//1908 762//1908
f 540//1909 544//1909 759//1909
f 544//1910 545//1910 762//1910
f 831//1911 471//1911 832//1911
f 832//1912 471//1912 481//1912
f 1024//1913 681//1913 1023//1913
f 680//1914 681//1914 1024//1914
f 1024//1915 9//1915 680//1915
f 683//1916 9//1916 1024//1916
f 895//1917 897//1917 241//1917
f 895//1918 241//1918 16//1918
f 1023//1919 683//1919 1024//1919
f 468//1920 683//1920 1023//1920
f 982//1921 983//1921 1025//1921
f 1025//1922 983//1922 1026//1922
f 1026//1923 984//1923 1027//1923
f 983//1924 984//1924 1026//1924
f 1027//1925 985//1925 1028//1925
f 984//1926 985//1926 1027//1926
f 1028//1927 986//1927 1029//1927
f 985//1928 986//1928 1028//1928
f 1029//1929 987//1929 1030//1929
f 986//1930 987//1930 1029//1930
f 1030//1931 988//1931 1031//1931
f 987//1932 988//1932 1030//1932
f 1031//1933 989//1933 1032//1933
f 988//1934 989//1934 1031//1934
f 1032//1935 990//1935 1033//1935
f 989//1936 990//1936 1032//1936
f 1033//1937 991//1937 1034//1937
f 990//1938 991//1938 1033//1938
f 1034//1939 992//1939 1035//1939
f 991//1940 992//1940 1034//1940
f 992//1941 993//1941 1035//1941
f 1035//1942 993//1942 1036//1942
f 993//1943 994//1943 1036//1943
f 1036//1944 994//1944 1037//1944
f 994//1945 995//1945 1037//1945
f 1037//1946 995//1946 1038//1946
f 995//1947 996//1947 1038//1947
f 1038//1948 996//1948 1039//1948
f 1039//1949 997//1949 1040//1949
f 996//1950 997//1950 1039//1950
f 1040//1951 998//1951 1041//1951
f 997//1952 998//1952 1040//1952
f 1041//1953 999//1953 1042//1953
f 998//1954 999//1954 1041//1954
f 1042//1955 1000//1955 1043//1955
f 999//1956 1000//1956 1042//1956
f 1043//1957 1001//1957 1044//1957
f 1044//1958 1001//1958 1045//1958
f 1000//1959 1001//1959 1043//1959
f 1045//1960 1002//1960 1046//1960
f 1001//1961 1002//1961 1045//1961
f 1002//1962 1003//1962 1046//1962
f 1046//1963 1004//1963 1047//1963
f 1003//1964 1004//1964 1046//1964
f 1047//1965 1005//1965 1048//1965
f 1004//1966 1005//1966 1047//1966
f 1048//1967 1006//1967 1049//1967
f 1005//1968 1006//1968 1048//1968
f 1049//1969 1007//1969 1050//1969
f 1006//1970 1007//1970 1049//1970
f 1050//1971 1008//1971 1051//1971
f 1007//1972 1008//1972 1050//1972
f 1051//1973 1009//1973 1052//1973
f 1008//1974 1009//1974 1051//1974
f 1052//1975 1010//1975 1053//1975
f 1009//1976 1010//1976 1052//1976
f 1053//1977 1011//1977 1054//1977
f 1010//1978 1011//1978 1053//1978
f 1054//1979 1012//1979 1055//1979
f 1011//1980 1012//1980 1054//1980
f 1055//1981 1013//1981 1056//1981
f 1012//1982 1013//1982 1055//1982
f 1056//1983 1014//1983 1057//1983
f 1057//1984 1014//1984 1058//1984
f 1013//1985 1014//1985 1056//1985
f 1014//1986 1015//1986 1058//1986
f 1058//1987 1016//1987 1059//1987
f 1015//1988 1016//1988 1058//1988
f 1059//1989 1017//1989 1060//1989
f 1016//1990 1017//1990 1059//1990
f 1060//1991 1018//1991 1061//1991
f 1017//1992 1018//1992 1060//1992
f 1061//1993 1019//1993 1062//1993
f 1018//1994 1019//1994 1061//1994
f 1019//1995 1020//1995 1062//1995
f 1062//1996 1020//1996 1063//1996
f 1020//1997 1021//1997 1063//1997
f 1063//1998 1021//1998 1064//1998
f 1021//1999 1022//1999 1064//1999
f 1064//2000 1022//2000 1065//2000
f 1022//2001 972//2001 1065//2001
f 1065//2002 972//2002 1066//2002
f 1066//2003 972//2003 1067//2003
f 972//2004 970//2004 1067//2004
f 970//2005 968//2005 1067//2005
f 1067//2006 968//2006 1068//2006
f 968//2007 966//2007 1068//2007
f 1068//2008 966//2008 1069//2008
f 966//2009 964//2009 1069//2009
f 1069//2010 964//2010 1070//2010
f 1070//2011 964//2011 1071//2011
f 964//2012 962//2012 1071//2012
f 962//2013 960//2013 1071//2013
f 1071//2014 960//2014 1072//2014
f 1072//2015 958//2015 1073//2015
f 960//2016 958//2016 1072//2016
f 1073//2017 958//2017 1074//2017
f 958//2018 956//2018 1074//2018
f 956//2019 954//2019 1074//2019
f 1074//2020 954//2020 1075//2020
f 1075//2021 952//2021 1076//2021
f 954//2022 952//2022 1075//2022
f 1076//2023 935//2023 1077//2023
f 952//2024 935//2024 1076//2024
f 1077//2025 934//2025 1078//2025
f 1078//2026 934//2026 1079//2026
f 935//2027 934//2027 1077//2027
f 934//2028 933//2028 1079//2028
f 1079//2029 932//2029 1080//2029
f 933//2030 932//2030 1079//2030
f 1080//2031 931//2031 1081//2031
f 932//2032 931//2032 1080//2032
f 1081//2033 930//2033 1082//2033
f 931//2034 930//2034 1081//2034
f 1082//2035 929//2035 1083//2035
f 930//2036 929//2036 1082//2036
f 1083//2037 928//2037 1084//2037
f 929//2038 928//2038 1083//2038
f 1084//2039 927//2039 1085//2039
f 928//2040 927//2040 1084//2040
f 1085//2041 926//2041 1086//2041
f 1086//2042 926//2042 1087//2042
f 927//2043 926//2043 1085//2043
f 926//2044 925//2044 1087//2044
f 1087//2045 925//2045 1088//2045
f 925//2046 924//2046 1088//2046
f 924//2047 923//2047 1088//2047
f 1088//2048 923//2048 1089//2048
f 923//2049 922//2049 1089//2049
f 1089//2050 922//2050 1090//2050
f 1090//2051 922//2051 1091//2051
f 922//2052 921//2052 1091//2052
f 921//2053 920//2053 1091//2053
f 1091//2054 920//2054 1092//2054
f 920//2055 918//2055 1092//2055
f 1092//2056 918//2056 1093//2056
f 918//2057 916//2057 1093//2057
f 1093//2058 916//2058 1094//2058
f 916//2059 914//2059 1094//2059
f 1094//2060 914//2060 1095//2060
f 914//2061 912//2061 1095//2061
f 1095//2062 912//2062 1096//2062
f 1096//2063 912//2063 1097//2063
f 912//2064 910//2064 1097//2064
f 910//2065 908//2065 1097//2065
f 1097//2066 908//2066 1098//2066
f 1098//2067 908//2067 1099//2067
f 908//2068 906//2068 1099//2068
f 906//2069 904//2069 1099//2069
f 1099//2070 904//2070 1100//2070
f 904//2071 902//2071 1100//2071
f 1100//2072 902//2072 1101//2072
f 1101//2073 902//2073 1102//2073
f 902//2074 900//2074 1102//2074
f 1102//2075 900//2075 1103//2075
f 900//2076 896//2076 1103//2076
f 896//2077 898//2077 1103//2077
f 1103//2078 898//2078 1104//2078
f 898//2079 899//2079 1104//2079
f 1104//2080 899//2080 1105//2080
f 899//2081 901//2081 1105//2081
f 1105//2082 901//2082 1106//2082
f 901//2083 903//2083 1106//2083
f 1106//2084 903//2084 1107//2084
f 1107//2085 905//2085 1108//2085
f 903//2086 905//2086 1107//2086
f 1108//2087 907//2087 1109//2087
f 1109//2088 907//2088 1110//2088
f 905//2089 907//2089 1108//2089
f 907//2090 909//2090 1110//2090
f 1110//2091 911//2091 1111//2091
f 1111//2092 911//2092 1112//2092
f 909//2093 911//2093 1110//2093
f 911//2094 913//2094 1112//2094
f 913//2095 915//2095 1112//2095
f 1112//2096 915//2096 1113//2096
f 915//2097 917//2097 1113//2097
f 1113//2098 917//2098 1114//2098
f 917//2099 919//2099 1114//2099
f 1114//2100 919//2100 1115//2100
f 919//2101 947//2101 1115//2101
f 1115//2102 947//2102 1116//2102
f 947//2103 948//2103 1116//2103
f 1116//2104 948//2104 1117//2104
f 948//2105 949//2105 1117//2105
f 1117//2106 949//2106 1118//2106
f 949//2107 950//2107 1118//2107
f 1118//2108 950//2108 1119//2108
f 950//2109 951//2109 1119//2109
f 1119//2110 951//2110 1120//2110
f 951//2111 937//2111 1120//2111
f 1120//2112 937//2112 1121//2112
f 937//2113 936//2113 1121//2113
f 1121//2114 936//2114 1122//2114
f 936//2115 938//2115 1122//2115
f 1122//2116 938//2116 1123//2116
f 1123//2117 938//2117 1124//2117
f 938//2118 939//2118 1124//2118
f 1124//2119 940//2119 1125//2119
f 939//2120 940//2120 1124//2120
f 1125//2121 941//2121 1126//2121
f 1126//2122 941//2122 1127//2122
f 940//2123 941//2123 1125//2123
f 941//2124 942//2124 1127//2124
f 1127//2125 943//2125 1128//2125
f 1128//2126 943//2126 1129//2126
f 942//2127 943//2127 1127//2127
f 943//2128 944//2128 1129//2128
f 1129//2129 945//2129 1130//2129
f 1130//2130 945//2130 1131//2130
f 944//2131 945//2131 1129//2131
f 945//2132 946//2132 1131//2132
f 1131//2133 953//2133 1132//2133
f 946//2134 953//2134 1131//2134
f 1132//2135 955//2135 1133//2135
f 953//2136 955//2136 1132//2136
f 1133//2137 957//2137 1134//2137
f 955//2138 957//2138 1133//2138
f 1134//2139 959//2139 1135//2139
f 957//2140 959//2140 1134//2140
f 1135//2141 961//2141 1136//2141
f 959//2142 961//2142 1135//2142
f 961//2143 963//2143 1136//2143
f 1136//2144 963//2144 1137//2144
f 963//2145 965//2145 1137//2145
f 1137//2146 965//2146 1138//2146
f 965//2147 967//2147 1138//2147
f 1138//2148 967//2148 1139//2148
f 1139//2149 967//2149 1140//2149
f 967//2150 969//2150 1140//2150
f 969//2151 971//2151 1140//2151
f 1140//2152 971//2152 1141//2152
f 1141//2153 973//2153 1142//2153
f 1142//2154 973//2154 1143//2154
f 971//2155 973//2155 1141//2155
f 973//2156 974//2156 1143//2156
f 1143//2157 975//2157 1144//2157
f 974//2158 975//2158 1143//2158
f 1144//2159 976//2159 1145//2159
f 1145//2160 976//2160 1146//2160
f 975//2161 976//2161 1144//2161
f 976//2162 977//2162 1146//2162
f 1146//2163 978//2163 1147//2163
f 977//2164 978//2164 1146//2164
f 1147//2165 979//2165 1148//2165
f 978//2166 979//2166 1147//2166
f 1148//2167 980//2167 1149//2167
f 979//2168 980//2168 1148//2168
f 1149//2169 981//2169 1150//2169
f 980//2170 981//2170 1149//2170
f 1150//2171 982//2171 1025//2171
f 981//2172 982//2172 1150//2172
f 1151//2173 1103//2173 1104//2173
f 1152//2174 1103//2174 1151//2174
f 1152//2175 1102//2175 1103//2175
f 1153//2176 1151//2176 1104//2176
f 1153//2177 1104//2177 1105//2177
f 1154//2178 1102//2178 1152//2178
f 1154//2179 1101//2179 1102//2179
f 1155//2180 1153//2180 1105//2180
f 1155//2181 1105//2181 1106//2181
f 1156//2182 1101//2182 1154//2182
f 1156//2183 1100//2183 1101//2183
f 1157//2184 1155//2184 1106//2184
f 1157//2185 1106//2185 1107//2185
f 1158//2186 1100//2186 1156//2186
f 1158//2187 1099//2187 1100//2187
f 1159//2188 1157//2188 1107//2188
f 1159//2189 1107//2189 1108//2189
f 1160//2190 1099//2190 1158//2190
f 1160//2191 1098//2191 1099//2191
f 1161//2192 1159//2192 1108//2192
f 1161//2193 1108//2193 1109//2193
f 1162//2194 1097//2194 1098//2194
f 1162//2195 1098//2195 1160//2195
f 1163//2196 1161//2196 1109//2196
f 1163//2197 1109//2197 1110//2197
f 1163//2198 1110//2198 1111//2198
f 1164//2199 1096//2199 1097//2199
f 1164//2200 1097//2200 1162//2200
f 1165//2201 1111//2201 1112//2201
f 1165//2202 1163//2202 1111//2202
f 1166//2203 1095//2203 1096//2203
f 1166//2204 1096//2204 1164//2204
f 1167//2205 1165//2205 1112//2205
f 1167//2206 1112//2206 1113//2206
f 1168//2207 1094//2207 1095//2207
f 1168//2208 1095//2208 1166//2208
f 1169//2209 1167//2209 1113//2209
f 1169//2210 1113//2210 1114//2210
f 1170//2211 1094//2211 1168//2211
f 1170//2212 1093//2212 1094//2212
f 1171//2213 1114//2213 1115//2213
f 1171//2214 1169//2214 1114//2214
f 1172//2215 1093//2215 1170//2215
f 1172//2216 1092//2216 1093//2216
f 1173//2217 1115//2217 1116//2217
f 1173//2218 1171//2218 1115//2218
f 1174//2219 1091//2219 1092//2219
f 1174//2220 1092//2220 1172//2220
f 1175//2221 1173//2221 1116//2221
f 1175//2222 1116//2222 1117//2222
f 1176//2223 1091//2223 1174//2223
f 1176//2224 1090//2224 1091//2224
f 1177//2225 1175//2225 1117//2225
f 1177//2226 1117//2226 1118//2226
f 1178//2227 1090//2227 1176//2227
f 1178//2228 1089//2228 1090//2228
f 1179//2229 1177//2229 1118//2229
f 1179//2230 1118//2230 1119//2230
f 1180//2231 1089//2231 1178//2231
f 1180//2232 1088//2232 1089//2232
f 1181//2233 1179//2233 1119//2233
f 1181//2234 1119//2234 1120//2234
f 1182//2235 1088//2235 1180//2235
f 1182//2236 1087//2236 1088//2236
f 1183//2237 1181//2237 1120//2237
f 1183//2238 1120//2238 1121//2238
f 1184//2239 1087//2239 1182//2239
f 1184//2240 1085//2240 1086//2240
f 1184//2241 1086//2241 1087//2241
f 1185//2242 1183//2242 1121//2242
f 1185//2243 1121//2243 1122//2243
f 1186//2244 1085//2244 1184//2244
f 1186//2245 1084//2245 1085//2245
f 1187//2246 1185//2246 1122//2246
f 1187//2247 1122//2247 1123//2247
f 1188//2248 1084//2248 1186//2248
f 1188//2249 1083//2249 1084//2249
f 1189//2250 1187//2250 1123//2250
f 1189//2251 1123//2251 1124//2251
f 1190//2252 1083//2252 1188//2252
f 1190//2253 1082//2253 1083//2253
f 1191//2254 1189//2254 1124//2254
f 1191//2255 1124//2255 1125//2255
f 1192//2256 1082//2256 1190//2256
f 1192//2257 1081//2257 1082//2257
f 1193//2258 1125//2258 1126//2258
f 1193//2259 1191//2259 1125//2259
f 1194//2260 1081//2260 1192//2260
f 1194//2261 1080//2261 1081//2261
f 1195//2262 1126//2262 1127//2262
f 1195//2263 1193//2263 1126//2263
f 1196//2264 1079//2264 1080//2264
f 1196//2265 1080//2265 1194//2265
f 1197//2266 1127//2266 1128//2266
f 1197//2267 1195//2267 1127//2267
f 1198//2268 1079//2268 1196//2268
f 1198//2269 1078//2269 1079//2269
f 1199//2270 1128//2270 1129//2270
f 1199//2271 1197//2271 1128//2271
f 1200//2272 1078//2272 1198//2272
f 1200//2273 1077//2273 1078//2273
f 1201//2274 1129//2274 1130//2274
f 1201//2275 1199//2275 1129//2275
f 1202//2276 1076//2276 1077//2276
f 1202//2277 1077//2277 1200//2277
f 1203//2278 1130//2278 1131//2278
f 1203//2279 1201//2279 1130//2279
f 1204//2280 1075//2280 1076//2280
f 1204//2281 1076//2281 1202//2281
f 1205//2282 1131//2282 1132//2282
f 1205//2283 1203//2283 1131//2283
f 1206//2284 1074//2284 1075//2284
f 1206//2285 1075//2285 1204//2285
f 1207//2286 1132//2286 1133//2286
f 1207//2287 1205//2287 1132//2287
f 1208//2288 1073//2288 1074//2288
f 1208//2289 1074//2289 1206//2289
f 1209//2290 1133//2290 1134//2290
f 1209//2291 1134//2291 1135//2291
f 1209//2292 1207//2292 1133//2292
f 1210//2293 1073//2293 1208//2293
f 1072//2294 1073//2294 1210//2294
f 1211//2295 1209//2295 1135//2295
f 1212//2296 1072//2296 1210//2296
f 1136//2297 1211//2297 1135//2297
f 1136//2298 1213//2298 1211//2298
f 1071//2299 1212//2299 1214//2299
f 1071//2300 1072//2300 1212//2300
f 1137//2301 1213//2301 1136//2301
f 1137//2302 1215//2302 1213//2302
f 1070//2303 1071//2303 1214//2303
f 1070//2304 1216//2304 1217//2304
f 1070//2305 1214//2305 1216//2305
f 1138//2306 1215//2306 1137//2306
f 1138//2307 1218//2307 1215//2307
f 1069//2308 1070//2308 1217//2308
f 1069//2309 1217//2309 1219//2309
f 1139//2310 1218//2310 1138//2310
f 1139//2311 1220//2311 1218//2311
f 1068//2312 1069//2312 1219//2312
f 1068//2313 1219//2313 1221//2313
f 1140//2314 1222//2314 1220//2314
f 1140//2315 1220//2315 1139//2315
f 1067//2316 1068//2316 1221//2316
f 1067//2317 1221//2317 1223//2317
f 1141//2318 1224//2318 1222//2318
f 1141//2319 1222//2319 1140//2319
f 1066//2320 1223//2320 1225//2320
f 1066//2321 1067//2321 1223//2321
f 1142//2322 1226//2322 1224//2322
f 1142//2323 1224//2323 1141//2323
f 1065//2324 1066//2324 1225//2324
f 1065//2325 1225//2325 1227//2325
f 1143//2326 1228//2326 1226//2326
f 1143//2327 1226//2327 1142//2327
f 1064//2328 1065//2328 1227//2328
f 1064//2329 1227//2329 1229//2329
f 1144//2330 1228//2330 1143//2330
f 1144//2331 1230//2331 1228//2331
f 1063//2332 1064//2332 1229//2332
f 1063//2333 1229//2333 1231//2333
f 1145//2334 1232//2334 1230//2334
f 1145//2335 1230//2335 1144//2335
f 1062//2336 1231//2336 1233//2336
f 1062//2337 1063//2337 1231//2337
f 1146//2338 1232//2338 1145//2338
f 1146//2339 1234//2339 1232//2339
f 1061//2340 1233//2340 1235//2340
f 1061//2341 1062//2341 1233//2341
f 1147//2342 1234//2342 1146//2342
f 1147//2343 1236//2343 1234//2343
f 1060//2344 1235//2344 1237//2344
f 1060//2345 1061//2345 1235//2345
f 1148//2346 1236//2346 1147//2346
f 1148//2347 1238//2347 1236//2347
f 1059//2348 1237//2348 1239//2348
f 1059//2349 1060//2349 1237//2349
f 1149//2350 1240//2350 1238//2350
f 1149//2351 1238//2351 1148//2351
f 1058//2352 1059//2352 1239//2352
f 1058//2353 1239//2353 1241//2353
f 1150//2354 1240//2354 1149//2354
f 1150//2355 1242//2355 1240//2355
f 1150//2356 1243//2356 1242//2356
f 1057//2357 1241//2357 1244//2357
f 1057//2358 1058//2358 1241//2358
f 1025//2359 1245//2359 1243//2359
f 1025//2360 1243//2360 1150//2360
f 1056//2361 1057//2361 1244//2361
f 1056//2362 1244//2362 1246//2362
f 1026//2363 1245//2363 1025//2363
f 1026//2364 1247//2364 1245//2364
f 1055//2365 1246//2365 1248//2365
f 1055//2366 1056//2366 1246//2366
f 1027//2367 1249//2367 1247//2367
f 1027//2368 1247//2368 1026//2368
f 1054//2369 1248//2369 1250//2369
f 1054//2370 1055//2370 1248//2370
f 1028//2371 1251//2371 1249//2371
f 1028//2372 1249//2372 1027//2372
f 1053//2373 1250//2373 1252//2373
f 1053//2374 1054//2374 1250//2374
f 1029//2375 1253//2375 1251//2375
f 1029//2376 1251//2376 1028//2376
f 1052//2377 1053//2377 1252//2377
f 1052//2378 1252//2378 1254//2378
f 1030//2379 1253//2379 1029//2379
f 1030//2380 1255//2380 1253//2380
f 1051//2381 1052//2381 1254//2381
f 1051//2382 1254//2382 1256//2382
f 1031//2383 1255//2383 1030//2383
f 1031//2384 1257//2384 1255//2384
f 1050//2385 1051//2385 1256//2385
f 1050//2386 1256//2386 1258//2386
f 1032//2387 1259//2387 1257//2387
f 1032//2388 1257//2388 1031//2388
f 1049//2389 1050//2389 1258//2389
f 1049//2390 1258//2390 1260//2390
f 1033//2391 1259//2391 1032//2391
f 1033//2392 1261//2392 1259//2392
f 1048//2393 1049//2393 1260//2393
f 1048//2394 1260//2394 1262//2394
f 1034//2395 1263//2395 1261//2395
f 1034//2396 1261//2396 1033//2396
f 1047//2397 1048//2397 1262//2397
f 1047//2398 1264//2398 1265//2398
f 1047//2399 1262//2399 1264//2399
f 1035//2400 1263//2400 1034//2400
f 1035//2401 1266//2401 1263//2401
f 1046//2402 1047//2402 1265//2402
f 1046//2403 1265//2403 1267//2403
f 1036//2404 1266//2404 1035//2404
f 1036//2405 1268//2405 1266//2405
f 1045//2406 1046//2406 1267//2406
f 1045//2407 1267//2407 1269//2407
f 1037//2408 1268//2408 1036//2408
f 1037//2409 1270//2409 1268//2409
f 1044//2410 1045//2410 1269//2410
f 1044//2411 1269//2411 1271//2411
f 1038//2412 1270//2412 1037//2412
f 1038//2413 1272//2413 1270//2413
f 1043//2414 1044//2414 1271//2414
f 1043//2415 1271//2415 1273//2415
f 1039//2416 1272//2416 1038//2416
f 1039//2417 1274//2417 1272//2417
f 1042//2418 1273//2418 1275//2418
f 1042//2419 1043//2419 1273//2419
f 1040//2420 1276//2420 1274//2420
f 1040//2421 1274//2421 1039//2421
f 1041//2422 1275//2422 1276//2422
f 1041//2423 1042//2423 1275//2423
f 1041//2424 1276//2424 1040//2424
f 1245//2425 1247//2425 1277//2425
f 1277//2426 1247//2426 1278//2426
f 1278//2427 1249//2427 1279//2427
f 1279//2428 1249//2428 1280//2428
f 1247//2429 1249//2429 1278//2429
f 1249//2430 1251//2430 1280//2430
f 1280//2431 1253//2431 1281//2431
f 1281//2432 1253//2432 1282//2432
f 1251//2433 1253//2433 1280//2433
f 1282//2434 1255//2434 1283//2434
f 1253//2435 1255//2435 1282//2435
f 1255//2436 1257//2436 1283//2436
f 1283//2437 1259//2437 1284//2437
f 1257//2438 1259//2438 1283//2438
f 1284//2439 1261//2439 1285//2439
f 1285//2440 1261//2440 1286//2440
f 1259//2441 1261//2441 1284//2441
f 1261//2442 1263//2442 1286//2442
f 1286//2443 1266//2443 1287//2443
f 1263//2444 1266//2444 1286//2444
f 1266//2445 1268//2445 1287//2445
f 1287//2446 1268//2446 1288//2446
f 1268//2447 1270//2447 1288//2447
f 1288//2448 1270//2448 1289//2448
f 1270//2449 1272//2449 1289//2449
f 1289//2450 1272//2450 1290//2450
f 1272//2451 1274//2451 1290//2451
f 1290//2452 1274//2452 1291//2452
f 1291//2453 1276//2453 1292//2453
f 1274//2454 1276//2454 1291//2454
f 1292//2455 1275//2455 1293//2455
f 1276//2456 1275//2456 1292//2456
f 1293//2457 1273//2457 1294//2457
f 1275//2458 1273//2458 1293//2458
f 1294//2459 1271//2459 1295//2459
f 1273//2460 1271//2460 1294//2460
f 1295//2461 1269//2461 1296//2461
f 1271//2462 1269//2462 1295//2462
f 1296//2463 1267//2463 1297//2463
f 1269//2464 1267//2464 1296//2464
f 1297//2465 1265//2465 1298//2465
f 1267//2466 1265//2466 1297//2466
f 1298//2467 1264//2467 1299//2467
f 1299//2468 1264//2468 1300//2468
f 1265//2469 1264//2469 1298//2469
f 1264//2470 1262//2470 1300//2470
f 1300//2471 1260//2471 1301//2471
f 1301//2472 1260//2472 1302//2472
f 1262//2473 1260//2473 1300//2473
f 1260//2474 1258//2474 1302//2474
f 1302//2475 1256//2475 1303//2475
f 1258//2476 1256//2476 1302//2476
f 1303//2477 1254//2477 1304//2477
f 1304//2478 1254//2478 1305//2478
f 1256//2479 1254//2479 1303//2479
f 1254//2480 1252//2480 1305//2480
f 1305//2481 1250//2481 1306//2481
f 1252//2482 1250//2482 1305//2482
f 1306//2483 1248//2483 1307//2483
f 1307//2484 1248//2484 1308//2484
f 1250//2485 1248//2485 1306//2485
f 1248//2486 1246//2486 1308//2486
f 1308//2487 1244//2487 1309//2487
f 1309//2488 1244//2488 1310//2488
f 1246//2489 1244//2489 1308//2489
f 1244//2490 1241//2490 1310//2490
f 1310//2491 1239//2491 1311//2491
f 1311//2492 1239//2492 1312//2492
f 1241//2493 1239//2493 1310//2493
f 1239//2494 1237//2494 1312//2494
f 1237//2495 1235//2495 1312//2495
f 1312//2496 1235//2496 1313//2496
f 1313//2497 1233//2497 1314//2497
f 1235//2498 1233//2498 1313//2498
f 1233//2499 1231//2499 1314//2499
f 1314//2500 1231//2500 1315//2500
f 1231//2501 1229//2501 1315//2501
f 1315//2502 1229//2502 1316//2502
f 1229//2503 1227//2503 1316//2503
f 1316//2504 1227//2504 1317//2504
f 1227//2505 1225//2505 1317//2505
f 1317//2506 1225//2506 1318//2506
f 1225//2507 1223//2507 1318//2507
f 1318//2508 1223//2508 1319//2508
f 1319//2509 1223//2509 1320//2509
f 1223//2510 1221//2510 1320//2510
f 1221//2511 1219//2511 1320//2511
f 1320//2512 1219//2512 1321//2512
f 1321//2513 1219//2513 1322//2513
f 1219//2514 1217//2514 1322//2514
f 1322//2515 1217//2515 1323//2515
f 1217//2516 1216//2516 1323//2516
f 1323//2517 1216//2517 1324//2517
f 1216//2518 1214//2518 1324//2518
f 1214//2519 1212//2519 1324//2519
f 1324//2520 1212//2520 1325//2520
f 1212//2521 1210//2521 1325//2521
f 1325//2522 1210//2522 1326//2522
f 1326//2523 1208//2523 1327//2523
f 1210//2524 1208//2524 1326//2524
f 1327//2525 1206//2525 1328//2525
f 1208//2526 1206//2526 1327//2526
f 1328//2527 1204//2527 1329//2527
f 1206//2528 1204//2528 1328//2528
f 1329//2529 1202//2529 1330//2529
f 1204//2530 1202//2530 1329//2530
f 1330//2531 1200//2531 1331//2531
f 1202//2532 1200//2532 1330//2532
f 1331//2533 1198//2533 1332//2533
f 1200//2534 1198//2534 1331//2534
f 1332//2535 1196//2535 1333//2535
f 1333//2536 1196//2536 1334//2536
f 1198//2537 1196//2537 1332//2537
f 1196//2538 1194//2538 1334//2538
f 1334//2539 1194//2539 1335//2539
f 1194//2540 1192//2540 1335//2540
f 1335//2541 1190//2541 1336//2541
f 1336//2542 1190//2542 1337//2542
f 1192//2543 1190//2543 1335//2543
f 1337//2544 1188//2544 1338//2544
f 1190//2545 1188//2545 1337//2545
f 1188//2546 1186//2546 1338//2546
f 1186//2547 1184//2547 1338//2547
f 1338//2548 1184//2548 1339//2548
f 1184//2549 1182//2549 1339//2549
f 1339//2550 1182//2550 1340//2550
f 1182//2551 1180//2551 1340//2551
f 1340//2552 1180//2552 1341//2552
f 1180//2553 1178//2553 1341//2553
f 1341//2554 1178//2554 1342//2554
f 1178//2555 1176//2555 1342//2555
f 1342//2556 1176//2556 1343//2556
f 1176//2557 1174//2557 1343//2557
f 1343//2558 1174//2558 1344//2558
f 1174//2559 1172//2559 1344//2559
f 1344//2560 1172//2560 1345//2560
f 1172//2561 1170//2561 1345//2561
f 1345//2562 1170//2562 1346//2562
f 1170//2563 1168//2563 1346//2563
f 1346//2564 1168//2564 1347//2564
f 1168//2565 1166//2565 1347//2565
f 1347//2566 1166//2566 1348//2566
f 1166//2567 1164//2567 1348//2567
f 1348//2568 1164//2568 1349//2568
f 1164//2569 1162//2569 1349//2569
f 1349//2570 1162//2570 1350//2570
f 1162//2571 1160//2571 1350//2571
f 1350//2572 1160//2572 1351//2572
f 1160//2573 1158//2573 1351//2573
f 1351//2574 1158//2574 1352//2574
f 1158//2575 1156//2575 1352//2575
f 1352//2576 1156//2576 1353//2576
f 1156//2577 1154//2577 1353//2577
f 1353//2578 1154//2578 1354//2578
f 1154//2579 1152//2579 1354//2579
f 1354//2580 1152//2580 1355//2580
f 1152//2581 1151//2581 1355//2581
f 1355//2582 1151//2582 1356//2582
f 1151//2583 1153//2583 1356//2583
f 1356//2584 1153//2584 1357//2584
f 1153//2585 1155//2585 1357//2585
f 1357//2586 1155//2586 1358//2586
f 1358//2587 1155//2587 1359//2587
f 1155//2588 1157//2588 1359//2588
f 1359//2589 1159//2589 1360//2589
f 1157//2590 1159//2590 1359//2590
f 1360//2591 1161//2591 1361//2591
f 1361//2592 1161//2592 1362//2592
f 1159//2593 1161//2593 1360//2593
f 1362//2594 1163//2594 1363//2594
f 1161//2595 1163//2595 1362//2595
f 1163//2596 1165//2596 1363//2596
f 1363//2597 1167//2597 1364//2597
f 1165//2598 1167//2598 1363//2598
f 1167//2599 1169//2599 1364//2599
f 1364//2600 1169//2600 1365//2600
f 1169//2601 1171//2601 1365//2601
f 1365//2602 1171//2602 1366//2602
f 1171//2603 1173//2603 1366//2603
f 1366//2604 1173//2604 1367//2604
f 1173//2605 1175//2605 1367//2605
f 1367//2606 1175//2606 1368//2606
f 1175//2607 1177//2607 1368//2607
f 1368//2608 1177//2608 1369//2608
f 1369//2609 1177//2609 1370//2609
f 1177//2610 1179//2610 1370//2610
f 1370//2611 1179//2611 1371//2611
f 1179//2612 1181//2612 1371//2612
f 1181//2613 1183//2613 1371//2613
f 1371//2614 1183//2614 1372//2614
f 1183//2615 1185//2615 1372//2615
f 1372//2616 1185//2616 1373//2616
f 1185//2617 1187//2617 1373//2617
f 1373//2618 1187//2618 1374//2618
f 1187//2619 1189//2619 1374//2619
f 1374//2620 1189//2620 1375//2620
f 1375//2621 1189//2621 1376//2621
f 1189//2622 1191//2622 1376//2622
f 1376//2623 1193//2623 1377//2623
f 1191//2624 1193//2624 1376//2624
f 1377//2625 1195//2625 1378//2625
f 1193//2626 1195//2626 1377//2626
f 1378//2627 1197//2627 1379//2627
f 1195//2628 1197//2628 1378//2628
f 1379//2629 1199//2629 1380//2629
f 1197//2630 1199//2630 1379//2630
f 1380//2631 1201//2631 1381//2631
f 1199//2632 1201//2632 1380//2632
f 1381//2633 1203//2633 1382//2633
f 1201//2634 1203//2634 1381//2634
f 1382//2635 1205//2635 1383//2635
f 1203//2636 1205//2636 1382//2636
f 1383//2637 1207//2637 1384//2637
f 1384//2638 1207//2638 1385//2638
f 1205//2639 1207//2639 1383//2639
f 1207//2640 1209//2640 1385//2640
f 1385//2641 1211//2641 1386//2641
f 1386//2642 1211//2642 1387//2642
f 1209//2643 1211//2643 1385//2643
f 1211//2644 1213//2644 1387//2644
f 1387//2645 1215//2645 1388//2645
f 1213//2646 1215//2646 1387//2646
f 1215//2647 1218//2647 1388//2647
f 1388//2648 1218//2648 1389//2648
f 1218//2649 1220//2649 1389//2649
f 1389//2650 1220//2650 1390//2650
f 1220//2651 1222//2651 1390//2651
f 1390//2652 1222//2652 1391//2652
f 1222//2653 1224//2653 1391//2653
f 1391//2654 1224//2654 1392//2654
f 1392//2655 1226//2655 1393//2655
f 1224//2656 1226//2656 1392//2656
f 1393//2657 1228//2657 1394//2657
f 1226//2658 1228//2658 1393//2658
f 1394//2659 1230//2659 1395//2659
f 1228//2660 1230//2660 1394//2660
f 1395//2661 1232//2661 1396//2661
f 1230//2662 1232//2662 1395//2662
f 1396//2663 1234//2663 1397//2663
f 1232//2664 1234//2664 1396//2664
f 1397//2665 1236//2665 1398//2665
f 1234//2666 1236//2666 1397//2666
f 1398//2667 1238//2667 1399//2667
f 1236//2668 1238//2668 1398//2668
f 1399//2669 1240//2669 1400//2669
f 1238//2670 1240//2670 1399//2670
f 1400//2671 1242//2671 1401//2671
f 1240//2672 1242//2672 1400//2672
f 1401//2673 1243//2673 1402//2673
f 1242//2674 1243//2674 1401//2674
f 1402//2675 1245//2675 1277//2675
f 1243//2676 1245//2676 1402//2676
f 1360//2677 1358//2677 1359//2677
f 1361//2678 1358//2678 1360//2678
f 1361//2679 1356//2679 1357//2679
f 1361//2680 1357//2680 1358//2680
f 1364//2681 1362//2681 1363//2681
f 1365//2682 1362//2682 1364//2682
f 1365//2683 1361//2683 1362//2683
f 1346//2684 1347//2684 1348//2684
f 1369//2685 1365//2685 1366//2685
f 1369//2686 1366//2686 1367//2686
f 1369//2687 1367//2687 1368//2687
f 1340//2688 1346//2688 1348//2688
f 1340//2689 1341//2689 1342//2689
f 1340//2690 1342//2690 1343//2690
f 1340//2691 1343//2691 1344//2691
f 1340//2692 1344//2692 1345//2692
f 1340//2693 1345//2693 1346//2693
f 1340//2694 1348//2694 1349//2694
f 1340//2695 1349//2695 1350//2695
f 1340//2696 1350//2696 1351//2696
f 1340//2697 1351//2697 1352//2697
f 1340//2698 1352//2698 1353//2698
f 1338//2699 1339//2699 1340//2699
f 1374//2700 1372//2700 1373//2700
f 1334//2701 1335//2701 1336//2701
f 1334//2702 1336//2702 1337//2702
f 1334//2703 1337//2703 1338//2703
f 1334//2704 1353//2704 1354//2704
f 1334//2705 1354//2705 1355//2705
f 1334//2706 1340//2706 1353//2706
f 1334//2707 1355//2707 1356//2707
f 1334//2708 1338//2708 1340//2708
f 1379//2709 1377//2709 1378//2709
f 1380//2710 1375//2710 1376//2710
f 1380//2711 1377//2711 1379//2711
f 1380//2712 1376//2712 1377//2712
f 1331//2713 1332//2713 1333//2713
f 1381//2714 1372//2714 1374//2714
f 1381//2715 1375//2715 1380//2715
f 1381//2716 1371//2716 1372//2716
f 1381//2717 1374//2717 1375//2717
f 1329//2718 1330//2718 1331//2718
f 1329//2719 1333//2719 1334//2719
f 1329//2720 1331//2720 1333//2720
f 1383//2721 1381//2721 1382//2721
f 1327//2722 1328//2722 1329//2722
f 1385//2723 1383//2723 1384//2723
f 1326//2724 1327//2724 1329//2724
f 1386//2725 1383//2725 1385//2725
f 1386//2726 1381//2726 1383//2726
f 1387//2727 1381//2727 1386//2727
f 1324//2728 1325//2728 1326//2728
f 1389//2729 1387//2729 1388//2729
f 1389//2730 1381//2730 1387//2730
f 1321//2731 1322//2731 1323//2731
f 1321//2732 1324//2732 1326//2732
f 1321//2733 1323//2733 1324//2733
f 1319//2734 1320//2734 1321//2734
f 1318//2735 1319//2735 1321//2735
f 1394//2736 1389//2736 1390//2736
f 1394//2737 1390//2737 1391//2737
f 1394//2738 1391//2738 1392//2738
f 1394//2739 1392//2739 1393//2739
f 1315//2740 1316//2740 1317//2740
f 1397//2741 1394//2741 1395//2741
f 1397//2742 1395//2742 1396//2742
f 1397//2743 1381//2743 1389//2743
f 1397//2744 1389//2744 1394//2744
f 1314//2745 1334//2745 1356//2745
f 1314//2746 1329//2746 1334//2746
f 1314//2747 1326//2747 1329//2747
f 1314//2748 1317//2748 1318//2748
f 1314//2749 1356//2749 1361//2749
f 1314//2750 1321//2750 1326//2750
f 1314//2751 1318//2751 1321//2751
f 1314//2752 1315//2752 1317//2752
f 1314//2753 1361//2753 1365//2753
f 1314//2754 1365//2754 1369//2754
f 1314//2755 1369//2755 1370//2755
f 1314//2756 1370//2756 1371//2756
f 1399//2757 1397//2757 1398//2757
f 1310//2758 1311//2758 1312//2758
f 1277//2759 1400//2759 1401//2759
f 1277//2760 1401//2760 1402//2760
f 1308//2761 1310//2761 1312//2761
f 1308//2762 1309//2762 1310//2762
f 1278//2763 1400//2763 1277//2763
f 1306//2764 1308//2764 1312//2764
f 1306//2765 1307//2765 1308//2765
f 1282//2766 1278//2766 1279//2766
f 1282//2767 1279//2767 1280//2767
f 1282//2768 1280//2768 1281//2768
f 1303//2769 1306//2769 1312//2769
f 1303//2770 1304//2770 1305//2770
f 1303//2771 1305//2771 1306//2771
f 1303//2772 1312//2772 1313//2772
f 1283//2773 1278//2773 1282//2773
f 1302//2774 1303//2774 1313//2774
f 1284//2775 1278//2775 1283//2775
f 1299//2776 1300//2776 1301//2776
f 1288//2777 1284//2777 1285//2777
f 1288//2778 1400//2778 1278//2778
f 1288//2779 1285//2779 1286//2779
f 1288//2780 1286//2780 1287//2780
f 1288//2781 1399//2781 1400//2781
f 1288//2782 1278//2782 1284//2782
f 1288//2783 1397//2783 1399//2783
f 1297//2784 1298//2784 1299//2784
f 1297//2785 1299//2785 1301//2785
f 1295//2786 1296//2786 1297//2786
f 1295//2787 1297//2787 1301//2787
f 1291//2788 1288//2788 1289//2788
f 1291//2789 1289//2789 1290//2789
f 1294//2790 1301//2790 1302//2790
f 1294//2791 1295//2791 1301//2791
f 1292//2792 1288//2792 1291//2792
f 1293//2793 1371//2793 1381//2793
f 1293//2794 1313//2794 1314//2794
f 1293//2795 1302//2795 1313//2795
f 1293//2796 1288//2796 1292//2796
f 1293//2797 1294//2797 1302//2797
f 1293//2798 1397//2798 1288//2798
f 1293//2799 1381//2799 1397//2799
f 1293//2800 1314//2800 1371//2800
